pano_id,latitude,longitude,rank,satellite,dy_px,dx_px,inside_640px_tile,distance_px
pano_0,51.505621,-0.126707,1,satellite_51.505571_-0.126317.png,-59.7,290.0,True,296.0812219645143
pano_0,51.505621,-0.126707,2,satellite_51.505571_-0.127175.png,-59.7,-348.0,False,353.0836869638698
pano_0,51.505621,-0.126707,3,satellite_51.506105_-0.126317.png,578.1,290.0,False,646.7608599784004
pano_0,51.505621,-0.126707,4,satellite_51.506105_-0.127175.png,578.1,-348.0,False,674.7618913364921
pano_1,51.506945,-0.124915,1,satellite_51.507174_-0.124600.png,273.6,234.2,True,360.1480251230041
pano_1,51.506945,-0.124915,2,satellite_51.506640_-0.124600.png,-364.3,234.2,False,433.08674650697867
pano_1,51.506945,-0.124915,3,satellite_51.507174_-0.125459.png,273.6,-404.5,False,488.34128434937793
pano_1,51.506945,-0.124915,4,satellite_51.506640_-0.125459.png,-364.3,-404.5,False,544.3663656031662
pano_10,51.507238,-0.132375,1,satellite_51.507174_-0.132325.png,-76.5,37.2,True,85.06521028011393
pano_10,51.507238,-0.132375,2,satellite_51.507708_-0.132325.png,561.4,37.2,False,562.6311402686488
pano_10,51.507238,-0.132375,3,satellite_51.507174_-0.133183.png,-76.5,-600.8,False,605.6507987281119
pano_10,51.507238,-0.132375,4,satellite_51.507174_-0.131467.png,-76.5,675.1,False,679.4205325128172
pano_100,51.507132,-0.127438,1,satellite_51.507174_-0.127175.png,50.2,195.5,True,201.84224037599265
pano_100,51.507132,-0.127438,2,satellite_51.507174_-0.128034.png,50.2,-443.1,False,445.93458040389737
pano_100,51.507132,-0.127438,3,satellite_51.506640_-0.127175.png,-587.7,195.5,False,619.3638187689043
pano_100,51.507132,-0.127438,4,satellite_51.507708_-0.127175.png,688.1,195.5,False,715.3333908045954
pano_1000,51.507378,-0.127673,1,satellite_51.507174_-0.128034.png,-243.7,-268.4,True,362.53034355761173
pano_1000,51.507378,-0.127673,2,satellite_51.507174_-0.127175.png,-243.7,370.3,False,443.2964922035815
pano_1000,51.507378,-0.127673,3,satellite_51.507708_-0.128034.png,394.2,-268.4,False,476.89852170037176
pano_1000,51.507378,-0.127673,4,satellite_51.507708_-0.127175.png,394.2,370.3,False,540.8472335142337
pano_1001,51.507379,-0.127639,1,satellite_51.507174_-0.128034.png,-244.9,-293.7,True,382.4077666575301
pano_1001,51.507379,-0.127639,2,satellite_51.507174_-0.127175.png,-244.9,345.0,False,423.08510964107444
pano_1001,51.507379,-0.127639,3,satellite_51.507708_-0.128034.png,393.0,-293.7,False,490.6207190896039
pano_1001,51.507379,-0.127639,4,satellite_51.507708_-0.127175.png,393.0,345.0,False,522.9474160945821
pano_1002,51.507379,-0.127654,1,satellite_51.507174_-0.128034.png,-244.9,-282.5,True,373.87465814093366
pano_1002,51.507379,-0.127654,2,satellite_51.507174_-0.127175.png,-244.9,356.1,False,432.1842431186033
pano_1002,51.507379,-0.127654,3,satellite_51.507708_-0.128034.png,393.0,-282.5,False,483.9992252059914
pano_1002,51.507379,-0.127654,4,satellite_51.507708_-0.127175.png,393.0,356.1,False,530.3359407017405
pano_1003,51.50769,-0.123147,1,satellite_51.507708_-0.122884.png,21.5,195.5,True,196.67867194996003
pano_1003,51.50769,-0.123147,2,satellite_51.507708_-0.123742.png,21.5,-442.4,False,442.9221263382537
pano_1003,51.50769,-0.123147,3,satellite_51.507174_-0.122884.png,-616.4,195.5,False,646.6600420622879
pano_1003,51.50769,-0.123147,4,satellite_51.508242_-0.122884.png,659.4,195.5,False,687.7707539580322
pano_1004,51.508649,-0.127832,1,satellite_51.508776_-0.128034.png,151.7,-150.2,True,213.47817218629166
pano_1004,51.508649,-0.127832,2,satellite_51.508242_-0.128034.png,-486.2,-150.2,False,508.87177166748006
pano_1004,51.508649,-0.127832,3,satellite_51.508776_-0.127175.png,151.7,488.5,False,511.5126000403118
pano_1004,51.508649,-0.127832,4,satellite_51.508242_-0.127175.png,-486.2,488.5,False,689.2188984640511
pano_1005,51.509213,-0.127509,1,satellite_51.509311_-0.127175.png,117.1,248.3,True,274.5274121103392
pano_1005,51.509213,-0.127509,2,satellite_51.509311_-0.128034.png,117.1,-390.3,False,407.48803663420597
pano_1005,51.509213,-0.127509,3,satellite_51.508776_-0.127175.png,-522.0,248.3,False,578.0457507844859
pano_1005,51.509213,-0.127509,4,satellite_51.508776_-0.128034.png,-522.0,-390.3,False,651.7807069866367
pano_1006,51.508629,-0.129755,1,satellite_51.508776_-0.129750.png,175.6,3.7,True,175.63897631220695
pano_1006,51.508629,-0.129755,2,satellite_51.508242_-0.129750.png,-462.3,3.7,False,462.3148061656689
pano_1006,51.508629,-0.129755,3,satellite_51.508776_-0.130608.png,175.6,-634.2,False,658.0615472735054
pano_1006,51.508629,-0.129755,4,satellite_51.508776_-0.128892.png,175.6,641.7,False,665.2926047988209
pano_1007,51.508716,-0.127862,1,satellite_51.508776_-0.128034.png,71.7,-127.9,True,146.62639598653445
pano_1007,51.508716,-0.127862,2,satellite_51.508776_-0.127175.png,71.7,510.8,False,515.8076482565957
pano_1007,51.508716,-0.127862,3,satellite_51.508242_-0.128034.png,-566.2,-127.9,False,580.4660627461351
pano_1007,51.508716,-0.127862,4,satellite_51.509311_-0.128034.png,710.8,-127.9,False,722.2153764632818
pano_1008,51.508538,-0.128525,1,satellite_51.508776_-0.128892.png,284.3,-272.9,True,394.0823517997222
pano_1008,51.508538,-0.128525,2,satellite_51.508242_-0.128892.png,-353.6,-272.9,False,446.6624788360894
pano_1008,51.508538,-0.128525,3,satellite_51.508776_-0.128034.png,284.3,365.1,False,462.73588579231676
pano_1008,51.508538,-0.128525,4,satellite_51.508242_-0.128034.png,-353.6,365.1,False,508.2626978246584
pano_1009,51.508656,-0.128065,1,satellite_51.508776_-0.128034.png,143.4,23.0,True,145.23277866927975
pano_1009,51.508656,-0.128065,2,satellite_51.508242_-0.128034.png,-494.6,23.0,False,495.1344867811169
pano_1009,51.508656,-0.128065,3,satellite_51.508776_-0.128892.png,143.4,-614.9,False,631.3996911624205
pano_1009,51.508656,-0.128065,4,satellite_51.508776_-0.127175.png,143.4,661.7,False,677.0601524236972
pano_101,51.506751,-0.12799,1,satellite_51.506640_-0.128034.png,-132.6,-32.7,True,136.5725082145012
pano_101,51.506751,-0.12799,2,satellite_51.507174_-0.128034.png,505.3,-32.7,False,506.35696894582185
pano_101,51.506751,-0.12799,3,satellite_51.506640_-0.127175.png,-132.6,606.0,False,620.3376177534295
pano_101,51.506751,-0.12799,4,satellite_51.506640_-0.128892.png,-132.6,-670.6,False,683.584025559404
pano_1010,51.50858,-0.128515,1,satellite_51.508776_-0.128892.png,234.1,-280.3,True,365.19980832415564
pano_1010,51.50858,-0.128515,2,satellite_51.508776_-0.128034.png,234.1,357.6,False,427.41147621466604
pano_1010,51.50858,-0.128515,3,satellite_51.508242_-0.128892.png,-403.8,-280.3,False,491.55114688097314
pano_1010,51.50858,-0.128515,4,satellite_51.508242_-0.128034.png,-403.8,357.6,False,539.3813122457989
pano_1011,51.508842,-0.129197,1,satellite_51.508776_-0.128892.png,-78.8,226.8,True,240.09931278535555
pano_1011,51.508842,-0.129197,2,satellite_51.508776_-0.129750.png,-78.8,-411.2,False,418.6823139326523
pano_1011,51.508842,-0.129197,3,satellite_51.509311_-0.128892.png,560.3,226.8,False,604.4620170035499
pano_1011,51.508842,-0.129197,4,satellite_51.509311_-0.129750.png,560.3,-411.2,False,694.9975035926387
pano_1012,51.508883,-0.129517,1,satellite_51.508776_-0.129750.png,-127.8,-173.2,True,215.24655630230183
pano_1012,51.508883,-0.129517,2,satellite_51.508776_-0.128892.png,-127.8,464.7,False,481.95324462026394
pano_1012,51.508883,-0.129517,3,satellite_51.509311_-0.129750.png,511.3,-173.2,False,539.8388000134855
pano_1012,51.508883,-0.129517,4,satellite_51.509311_-0.128892.png,511.3,464.7,False,690.9224124313814
pano_1013,51.508953,-0.129755,1,satellite_51.508776_-0.129750.png,-211.4,3.7,True,211.43237689625494
pano_1013,51.508953,-0.129755,2,satellite_51.509311_-0.129750.png,427.7,3.7,False,427.71600390913596
pano_1013,51.508953,-0.129755,3,satellite_51.508776_-0.130608.png,-211.4,-634.2,False,668.5054973595954
pano_1013,51.508953,-0.129755,4,satellite_51.508776_-0.128892.png,-211.4,641.7,False,675.6247849213349
pano_1014,51.508741,-0.129671,1,satellite_51.508776_-0.129750.png,41.8,-58.7,True,72.06198720546082
pano_1014,51.508741,-0.129671,2,satellite_51.508776_-0.128892.png,41.8,579.2,False,580.7063629752993
pano_1014,51.508741,-0.129671,3,satellite_51.508242_-0.129750.png,-596.1,-58.7,False,598.9832218017464
pano_1014,51.508741,-0.129671,4,satellite_51.509311_-0.129750.png,680.9,-58.7,False,683.4255628815768
pano_1015,51.50877,-0.129586,1,satellite_51.508776_-0.129750.png,7.2,-121.9,True,122.11244817789873
pano_1015,51.50877,-0.129586,2,satellite_51.508776_-0.128892.png,7.2,516.0,False,516.0502301133098
pano_1015,51.50877,-0.129586,3,satellite_51.508242_-0.129750.png,-630.7,-121.9,False,642.3722441077292
pano_1015,51.50877,-0.129586,4,satellite_51.509311_-0.129750.png,646.3,-121.9,False,657.695446236326
pano_1016,51.508592,-0.128438,1,satellite_51.508776_-0.128034.png,219.8,300.4,True,372.22600661426117
pano_1016,51.508592,-0.128438,2,satellite_51.508776_-0.128892.png,219.8,-337.6,False,402.8471174031161
pano_1016,51.508592,-0.128438,3,satellite_51.508242_-0.128034.png,-418.1,300.4,False,514.8279032841946
pano_1016,51.508592,-0.128438,4,satellite_51.508242_-0.128892.png,-418.1,-337.6,False,537.3838200020541
pano_1017,51.508617,-0.128292,1,satellite_51.508776_-0.128034.png,189.9,191.8,True,269.9060021563063
pano_1017,51.508617,-0.128292,2,satellite_51.508776_-0.128892.png,189.9,-446.1,False,484.8373129205301
pano_1017,51.508617,-0.128292,3,satellite_51.508242_-0.128034.png,-448.0,191.8,False,487.33072958720754
pano_1017,51.508617,-0.128292,4,satellite_51.508242_-0.128892.png,-448.0,-446.1,False,632.2256005572694
pano_1018,51.508849,-0.129523,1,satellite_51.508776_-0.129750.png,-87.2,-168.8,True,189.99284197042795
pano_1018,51.508849,-0.129523,2,satellite_51.508776_-0.128892.png,-87.2,469.2,False,477.2341982716662
pano_1018,51.508849,-0.129523,3,satellite_51.509311_-0.129750.png,551.9,-168.8,False,577.1369421549794
pano_1018,51.508849,-0.129523,4,satellite_51.509311_-0.128892.png,551.9,469.2,False,724.3909510754535
pano_1019,51.508811,-0.129614,1,satellite_51.508776_-0.129750.png,-41.8,-101.1,True,109.4004113337788
pano_1019,51.508811,-0.129614,2,satellite_51.508776_-0.128892.png,-41.8,536.8,False,538.4249994196034
pano_1019,51.508811,-0.129614,3,satellite_51.509311_-0.129750.png,597.3,-101.1,False,605.7957576609463
pano_1019,51.508811,-0.129614,4,satellite_51.508242_-0.129750.png,-679.7,-101.1,False,687.1777790353818
pano_102,51.507058,-0.128437,1,satellite_51.507174_-0.128034.png,138.6,299.6,True,330.10622532754513
pano_102,51.507058,-0.128437,2,satellite_51.507174_-0.128892.png,138.6,-338.3,False,365.5910967187248
pano_102,51.507058,-0.128437,3,satellite_51.506640_-0.128034.png,-499.3,299.6,False,582.2891463869132
pano_102,51.507058,-0.128437,4,satellite_51.506640_-0.128892.png,-499.3,-338.3,False,603.1147320369483
pano_1020,51.508841,-0.12961,1,satellite_51.508776_-0.129750.png,-77.6,-104.1,True,129.84055606781726
pano_1020,51.508841,-0.12961,2,satellite_51.508776_-0.128892.png,-77.6,533.8,False,539.4109750459291
pano_1020,51.508841,-0.12961,3,satellite_51.509311_-0.129750.png,561.5,-104.1,False,571.0683496745377
pano_1020,51.508841,-0.12961,4,satellite_51.508242_-0.129750.png,-715.6,-104.1,False,723.132194000516
pano_1021,51.508713,-0.129459,1,satellite_51.508776_-0.129750.png,75.3,-216.4,True,229.1267116684565
pano_1021,51.508713,-0.129459,2,satellite_51.508776_-0.128892.png,75.3,421.6,False,428.27170114309445
pano_1021,51.508713,-0.129459,3,satellite_51.508242_-0.129750.png,-562.7,-216.4,False,602.8766457576542
pano_1021,51.508713,-0.129459,4,satellite_51.508242_-0.128892.png,-562.7,421.6,False,703.1200822050242
pano_1022,51.508621,-0.128021,1,satellite_51.508776_-0.128034.png,185.2,-9.7,True,185.45384870635604
pano_1022,51.508621,-0.128021,2,satellite_51.508242_-0.128034.png,-452.8,-9.7,False,452.9038860508927
pano_1022,51.508621,-0.128021,3,satellite_51.508776_-0.127175.png,185.2,629.0,False,655.6981317649152
pano_1022,51.508621,-0.128021,4,satellite_51.508776_-0.128892.png,185.2,-647.6,False,673.5612815475664
pano_1023,51.508806,-0.129387,1,satellite_51.508776_-0.129750.png,-35.8,-269.9,True,272.26393444597096
pano_1023,51.508806,-0.129387,2,satellite_51.508776_-0.128892.png,-35.8,368.0,False,369.73725806307374
pano_1023,51.508806,-0.129387,3,satellite_51.509311_-0.129750.png,603.3,-269.9,False,660.9212509822936
pano_1023,51.508806,-0.129387,4,satellite_51.509311_-0.128892.png,603.3,368.0,False,706.678774267347
pano_1024,51.508649,-0.128306,1,satellite_51.508776_-0.128034.png,151.7,202.2,True,252.7800031648073
pano_1024,51.508649,-0.128306,2,satellite_51.508776_-0.128892.png,151.7,-435.7,False,461.3538555165655
pano_1024,51.508649,-0.128306,3,satellite_51.508242_-0.128034.png,-486.2,202.2,False,526.569349658713
pano_1024,51.508649,-0.128306,4,satellite_51.508242_-0.128892.png,-486.2,-435.7,False,652.8590429794168
pano_1025,51.50878,-0.129538,1,satellite_51.508776_-0.129750.png,-4.8,-157.6,True,157.67307950312886
pano_1025,51.50878,-0.129538,2,satellite_51.508776_-0.128892.png,-4.8,480.3,False,480.32398441052266
pano_1025,51.50878,-0.129538,3,satellite_51.509311_-0.129750.png,634.3,-157.6,False,653.5856868077818
pano_1025,51.50878,-0.129538,4,satellite_51.508242_-0.129750.png,-642.7,-157.6,False,661.7409236249486
pano_1026,51.508454,-0.129562,1,satellite_51.508242_-0.129750.png,-253.3,-139.8,True,289.3180429907544
pano_1026,51.508454,-0.129562,2,satellite_51.508776_-0.129750.png,384.7,-139.8,False,409.314219151986
pano_1026,51.508454,-0.129562,3,satellite_51.508242_-0.128892.png,-253.3,498.2,False,558.8954553402631
pano_1026,51.508454,-0.129562,4,satellite_51.508776_-0.128892.png,384.7,498.2,False,629.4420783519322
pano_1027,51.508671,-0.12942,1,satellite_51.508776_-0.129750.png,125.4,-245.4,True,275.5835989314313
pano_1027,51.508671,-0.12942,2,satellite_51.508776_-0.128892.png,125.4,392.6,False,412.14065560194376
pano_1027,51.508671,-0.12942,3,satellite_51.508242_-0.129750.png,-512.5,-245.4,False,568.2230283964211
pano_1027,51.508671,-0.12942,4,satellite_51.508242_-0.128892.png,-512.5,392.6,False,645.5935331150708
pano_1028,51.508744,-0.129414,1,satellite_51.508776_-0.129750.png,38.2,-249.8,True,252.70393744459147
pano_1028,51.508744,-0.129414,2,satellite_51.508776_-0.128892.png,38.2,388.1,False,389.97544794512385
pano_1028,51.508744,-0.129414,3,satellite_51.508242_-0.129750.png,-599.7,-249.8,False,649.6461575350077
pano_1028,51.508744,-0.129414,4,satellite_51.508242_-0.128892.png,-599.7,388.1,False,714.3260460042039
pano_1029,51.508546,-0.129485,1,satellite_51.508776_-0.129750.png,274.8,-197.0,True,338.11838163578153
pano_1029,51.508546,-0.129485,2,satellite_51.508242_-0.129750.png,-363.2,-197.0,False,413.1866890401964
pano_1029,51.508546,-0.129485,3,satellite_51.508776_-0.128892.png,274.8,440.9,False,519.5265633247254
pano_1029,51.508546,-0.129485,4,satellite_51.508242_-0.128892.png,-363.2,440.9,False,571.2329209700715
pano_103,51.50699,-0.128101,1,satellite_51.507174_-0.128034.png,219.8,49.8,True,225.37098304795143
pano_103,51.50699,-0.128101,2,satellite_51.506640_-0.128034.png,-418.1,49.8,False,421.0554001553715
pano_103,51.50699,-0.128101,3,satellite_51.507174_-0.128892.png,219.8,-588.1,False,627.8325015479845
pano_103,51.50699,-0.128101,4,satellite_51.506640_-0.128892.png,-418.1,-588.1,False,721.5741264762755
pano_1030,51.50873,-0.129569,1,satellite_51.508776_-0.129750.png,55.0,-134.6,True,145.40343874888242
pano_1030,51.50873,-0.129569,2,satellite_51.508776_-0.128892.png,55.0,503.4,False,506.39565558957946
pano_1030,51.50873,-0.129569,3,satellite_51.508242_-0.129750.png,-583.0,-134.6,False,598.3361596962029
pano_1030,51.50873,-0.129569,4,satellite_51.509311_-0.129750.png,694.1,-134.6,False,707.0303883143921
pano_1031,51.508536,-0.128524,1,satellite_51.508776_-0.128892.png,286.7,-273.6,True,396.30020186722084
pano_1031,51.508536,-0.128524,2,satellite_51.508242_-0.128892.png,-351.2,-273.6,False,445.19478882844084
pano_1031,51.508536,-0.128524,3,satellite_51.508776_-0.128034.png,286.7,364.3,False,463.58535352187306
pano_1031,51.508536,-0.128524,4,satellite_51.508242_-0.128034.png,-351.2,364.3,False,506.0196932926623
pano_1032,51.508642,-0.128148,1,satellite_51.508776_-0.128034.png,160.1,84.8,True,181.1713277535935
pano_1032,51.508642,-0.128148,2,satellite_51.508242_-0.128034.png,-477.8,84.8,False,485.26681320692023
pano_1032,51.508642,-0.128148,3,satellite_51.508776_-0.128892.png,160.1,-553.2,False,575.9012502156945
pano_1032,51.508642,-0.128148,4,satellite_51.508242_-0.128892.png,-477.8,-553.2,False,730.9740624673354
pano_1033,51.508556,-0.127791,1,satellite_51.508776_-0.128034.png,262.8,-180.7,True,318.9299766406413
pano_1033,51.508556,-0.127791,2,satellite_51.508242_-0.128034.png,-375.1,-180.7,False,416.3562176790447
pano_1033,51.508556,-0.127791,3,satellite_51.508776_-0.127175.png,262.8,458.0,False,528.0415135195339
pano_1033,51.508556,-0.127791,4,satellite_51.508242_-0.127175.png,-375.1,458.0,False,592.0000084459459
pano_1034,51.509434,-0.127608,1,satellite_51.509311_-0.128034.png,-146.9,-316.7,True,349.11101386235293
pano_1034,51.509434,-0.127608,2,satellite_51.509311_-0.127175.png,-146.9,321.9,False,353.835018052199
pano_1034,51.509434,-0.127608,3,satellite_51.509845_-0.128034.png,491.0,-316.7,False,584.2772372769625
pano_1034,51.509434,-0.127608,4,satellite_51.509845_-0.127175.png,491.0,321.9,False,587.1120932155972
pano_1035,51.508617,-0.128019,1,satellite_51.508776_-0.128034.png,189.9,-11.2,True,190.22999237764796
pano_1035,51.508617,-0.128019,2,satellite_51.508242_-0.128034.png,-448.0,-11.2,False,448.1399781318333
pano_1035,51.508617,-0.128019,3,satellite_51.508776_-0.127175.png,189.9,627.5,False,655.6052623339749
pano_1035,51.508617,-0.128019,4,satellite_51.508776_-0.128892.png,189.9,-649.1,False,676.3082285467182
pano_1036,51.50883,-0.129455,1,satellite_51.508776_-0.129750.png,-64.5,-219.3,True,228.58858239203462
pano_1036,51.50883,-0.129455,2,satellite_51.508776_-0.128892.png,-64.5,418.6,False,423.54009255323166
pano_1036,51.50883,-0.129455,3,satellite_51.509311_-0.129750.png,574.6,-219.3,False,615.0265441426086
pano_1036,51.50883,-0.129455,4,satellite_51.509311_-0.128892.png,574.6,418.6,False,710.908657986383
pano_1037,51.509453,-0.130029,1,satellite_51.509311_-0.129750.png,-169.6,207.4,True,267.91588232129874
pano_1037,51.509453,-0.130029,2,satellite_51.509311_-0.130608.png,-169.6,-430.5,False,462.7033715027372
pano_1037,51.509453,-0.130029,3,satellite_51.509845_-0.129750.png,468.3,207.4,False,512.1715044787244
pano_1037,51.509453,-0.130029,4,satellite_51.509845_-0.130608.png,468.3,-430.5,False,636.1093773872541
pano_1038,51.509435,-0.129986,1,satellite_51.509311_-0.129750.png,-148.1,175.5,True,229.6385420612141
pano_1038,51.509435,-0.129986,2,satellite_51.509311_-0.130608.png,-148.1,-462.5,False,485.63346260322714
pano_1038,51.509435,-0.129986,3,satellite_51.509845_-0.129750.png,489.8,175.5,False,520.2925042704344
pano_1038,51.509435,-0.129986,4,satellite_51.509845_-0.130608.png,489.8,-462.5,False,673.6544292142671
pano_1039,51.509372,-0.130668,1,satellite_51.509311_-0.130608.png,-72.9,44.6,True,85.46092674433153
pano_1039,51.509372,-0.130668,2,satellite_51.509845_-0.130608.png,565.1,44.6,False,566.8572748055723
pano_1039,51.509372,-0.130668,3,satellite_51.509311_-0.131467.png,-72.9,-594.1,False,598.5559455890485
pano_1039,51.509372,-0.130668,4,satellite_51.509311_-0.129750.png,-72.9,682.5,False,686.3822987228036
pano_104,51.507072,-0.128143,1,satellite_51.507174_-0.128034.png,121.8,81.0,True,146.27453640329884
pano_104,51.507072,-0.128143,2,satellite_51.506640_-0.128034.png,-516.0,81.0,False,522.3188681255924
pano_104,51.507072,-0.128143,3,satellite_51.507174_-0.128892.png,121.8,-556.9,False,570.0638999270169
pano_104,51.507072,-0.128143,4,satellite_51.507174_-0.127175.png,121.8,719.7,False,729.9337846681711
pano_1040,51.509496,-0.130774,1,satellite_51.509311_-0.130608.png,-221.0,123.4,True,253.11768014107588
pano_1040,51.509496,-0.130774,2,satellite_51.509845_-0.130608.png,416.9,123.4,False,434.7794498363509
pano_1040,51.509496,-0.130774,3,satellite_51.509311_-0.131467.png,-221.0,-515.3,False,560.6916175581725
pano_1040,51.509496,-0.130774,4,satellite_51.509845_-0.131467.png,416.9,-515.3,False,662.8270513489925
pano_1041,51.509797,-0.131025,1,satellite_51.509845_-0.130608.png,57.3,310.0,True,315.2511538440423
pano_1041,51.509797,-0.131025,2,satellite_51.509845_-0.131467.png,57.3,-328.6,False,333.55846563983357
pano_1041,51.509797,-0.131025,3,satellite_51.509311_-0.130608.png,-580.6,310.0,False,658.1765416664438
pano_1041,51.509797,-0.131025,4,satellite_51.509311_-0.131467.png,-580.6,-328.6,False,667.1389060757887
pano_1042,51.509463,-0.130746,1,satellite_51.509311_-0.130608.png,-181.6,102.6,True,208.579289480044
pano_1042,51.509463,-0.130746,2,satellite_51.509845_-0.130608.png,456.3,102.6,False,467.69268756310487
pano_1042,51.509463,-0.130746,3,satellite_51.509311_-0.131467.png,-181.6,-536.1,False,566.0227645598718
pano_1042,51.509463,-0.130746,4,satellite_51.509845_-0.131467.png,456.3,-536.1,False,703.9977982920117
pano_1043,51.509436,-0.13085,1,satellite_51.509311_-0.130608.png,-149.3,179.9,True,233.78301905827124
pano_1043,51.509436,-0.13085,2,satellite_51.509311_-0.131467.png,-149.3,-458.7,False,482.3859243385943
pano_1043,51.509436,-0.13085,3,satellite_51.509845_-0.130608.png,488.6,179.9,False,520.6668512590369
pano_1043,51.509436,-0.13085,4,satellite_51.509845_-0.131467.png,488.6,-458.7,False,670.1758351358246
pano_1044,51.50947,-0.13088,1,satellite_51.509311_-0.130608.png,-189.9,202.2,True,277.39295232575756
pano_1044,51.50947,-0.13088,2,satellite_51.509311_-0.131467.png,-189.9,-436.4,False,475.9274839720858
pano_1044,51.50947,-0.13088,3,satellite_51.509845_-0.130608.png,448.0,202.2,False,491.51687661768034
pano_1044,51.50947,-0.13088,4,satellite_51.509845_-0.131467.png,448.0,-436.4,False,625.4190275327414
pano_1045,51.509351,-0.130623,1,satellite_51.509311_-0.130608.png,-47.8,11.2,True,49.09460255465971
pano_1045,51.509351,-0.130623,2,satellite_51.509845_-0.130608.png,590.1,11.2,False,590.2062774996552
pano_1045,51.509351,-0.130623,3,satellite_51.509311_-0.131467.png,-47.8,-627.5,False,629.3179562033805
pano_1045,51.509351,-0.130623,4,satellite_51.509311_-0.129750.png,-47.8,649.1,False,650.8576265205779
pano_1046,51.507336,-0.13236,1,satellite_51.507174_-0.132325.png,-193.5,26.0,True,195.23895615373485
pano_1046,51.507336,-0.13236,2,satellite_51.507708_-0.132325.png,444.4,26.0,False,445.1599263186209
pano_1046,51.507336,-0.13236,3,satellite_51.507174_-0.133183.png,-193.5,-611.9,False,641.7662035352126
pano_1046,51.507336,-0.13236,4,satellite_51.507174_-0.131467.png,-193.5,664.0,False,691.6200185072726
pano_1047,51.507967,-0.127773,1,satellite_51.507708_-0.128034.png,-309.4,-194.1,True,365.2439869457127
pano_1047,51.507967,-0.127773,2,satellite_51.508242_-0.128034.png,328.5,-194.1,False,381.55872418279205
pano_1047,51.507967,-0.127773,3,satellite_51.507708_-0.127175.png,-309.4,444.6,False,541.6618133115902
pano_1047,51.507967,-0.127773,4,satellite_51.508242_-0.127175.png,328.5,444.6,False,552.7941841228071
pano_1048,51.508037,-0.128049,1,satellite_51.508242_-0.128034.png,244.9,11.2,True,245.1559707614726
pano_1048,51.508037,-0.128049,2,satellite_51.507708_-0.128034.png,-393.0,11.2,False,393.1595604840355
pano_1048,51.508037,-0.128049,3,satellite_51.508242_-0.128892.png,244.9,-626.8,False,672.9444627902068
pano_1048,51.508037,-0.128049,4,satellite_51.508242_-0.127175.png,244.9,649.8,False,694.4177777102196
pano_1049,51.507287,-0.128197,1,satellite_51.507174_-0.128034.png,-135.0,121.2,True,181.42337225396292
pano_1049,51.507287,-0.128197,2,satellite_51.507708_-0.128034.png,502.9,121.2,False,517.2986081558696
pano_1049,51.507287,-0.128197,3,satellite_51.507174_-0.128892.png,-135.0,-516.7,False,534.0448389414507
pano_1049,51.507287,-0.128197,4,satellite_51.507708_-0.128892.png,502.9,-516.7,False,721.0321074681765
pano_105,51.507158,-0.128058,1,satellite_51.507174_-0.128034.png,19.1,17.8,True,26.108427758101406
pano_105,51.507158,-0.128058,2,satellite_51.506640_-0.128034.png,-618.8,17.8,False,619.0559586984039
pano_105,51.507158,-0.128058,3,satellite_51.507174_-0.128892.png,19.1,-620.1,False,620.394084433435
pano_105,51.507158,-0.128058,4,satellite_51.507174_-0.127175.png,19.1,656.5,False,656.7777858606364
pano_1050,51.507317,-0.128285,1,satellite_51.507174_-0.128034.png,-170.8,186.6,True,252.966796240139
pano_1050,51.507317,-0.128285,2,satellite_51.507174_-0.128892.png,-170.8,-451.3,False,482.5394595263687
pano_1050,51.507317,-0.128285,3,satellite_51.507708_-0.128034.png,467.1,186.6,False,502.99301187988686
pano_1050,51.507317,-0.128285,4,satellite_51.507708_-0.128892.png,467.1,-451.3,False,649.5029638115595
pano_1051,51.507268,-0.128149,1,satellite_51.507174_-0.128034.png,-112.3,85.5,True,141.14368565401713
pano_1051,51.507268,-0.128149,2,satellite_51.507708_-0.128034.png,525.6,85.5,False,532.5087886598681
pano_1051,51.507268,-0.128149,3,satellite_51.507174_-0.128892.png,-112.3,-552.4,False,563.6994323218713
pano_1051,51.507268,-0.128149,4,satellite_51.507174_-0.127175.png,-112.3,724.2,False,732.855326786945
pano_1052,51.507333,-0.128292,1,satellite_51.507174_-0.128034.png,-189.9,191.8,True,269.9060021563063
pano_1052,51.507333,-0.128292,2,satellite_51.507174_-0.128892.png,-189.9,-446.1,False,484.8373129205301
pano_1052,51.507333,-0.128292,3,satellite_51.507708_-0.128034.png,448.0,191.8,False,487.33072958720754
pano_1052,51.507333,-0.128292,4,satellite_51.507708_-0.128892.png,448.0,-446.1,False,632.2256005572694
pano_1053,51.508752,-0.12489,1,satellite_51.508776_-0.124600.png,28.7,215.6,True,217.50183907268462
pano_1053,51.508752,-0.12489,2,satellite_51.508776_-0.125459.png,28.7,-423.1,False,424.07228157473344
pano_1053,51.508752,-0.12489,3,satellite_51.508242_-0.124600.png,-609.2,215.6,False,646.2259666711019
pano_1053,51.508752,-0.12489,4,satellite_51.509311_-0.124600.png,667.8,215.6,False,701.7408353516274
pano_1054,51.508577,-0.124577,1,satellite_51.508776_-0.124600.png,237.7,-17.1,True,238.31428828335072
pano_1054,51.508577,-0.124577,2,satellite_51.508242_-0.124600.png,-400.2,-17.1,False,400.5651632381428
pano_1054,51.508577,-0.124577,3,satellite_51.508776_-0.123742.png,237.7,620.8,False,664.7510285813779
pano_1054,51.508577,-0.124577,4,satellite_51.508776_-0.125459.png,237.7,-655.8,False,697.5492312374804
pano_1055,51.509025,-0.125847,1,satellite_51.508776_-0.125459.png,-297.5,288.5,True,414.41344090171594
pano_1055,51.509025,-0.125847,2,satellite_51.509311_-0.125459.png,341.7,288.5,False,447.20368960910866
pano_1055,51.509025,-0.125847,3,satellite_51.508776_-0.126317.png,-297.5,-349.5,False,458.97331077089876
pano_1055,51.509025,-0.125847,4,satellite_51.509311_-0.126317.png,341.7,-349.5,False,488.7833262295268
pano_1056,51.508725,-0.124943,1,satellite_51.508776_-0.124600.png,60.9,255.0,True,262.1713371060994
pano_1056,51.508725,-0.124943,2,satellite_51.508776_-0.125459.png,60.9,-383.7,False,388.5028957421038
pano_1056,51.508725,-0.124943,3,satellite_51.508242_-0.124600.png,-577.0,255.0,False,630.835953319086
pano_1056,51.508725,-0.124943,4,satellite_51.508242_-0.125459.png,-577.0,-383.7,False,692.9319519260171
pano_1057,51.50976,-0.130971,1,satellite_51.509845_-0.130608.png,101.5,269.9,True,288.35440000110975
pano_1057,51.50976,-0.130971,2,satellite_51.509845_-0.131467.png,101.5,-368.8,False,382.51233967023865
pano_1057,51.50976,-0.130971,3,satellite_51.509311_-0.130608.png,-536.4,269.9,False,600.4756198214878
pano_1057,51.50976,-0.130971,4,satellite_51.509311_-0.131467.png,-536.4,-368.8,False,650.951918347277
pano_1058,51.509475,-0.129903,1,satellite_51.509311_-0.129750.png,-195.9,113.8,True,226.55518091626155
pano_1058,51.509475,-0.129903,2,satellite_51.509845_-0.129750.png,442.0,113.8,False,456.41476750867736
pano_1058,51.509475,-0.129903,3,satellite_51.509311_-0.130608.png,-195.9,-524.2,False,559.6091939916641
pano_1058,51.509475,-0.129903,4,satellite_51.509845_-0.130608.png,442.0,-524.2,False,685.6745875413498
pano_1059,51.509722,-0.129988,1,satellite_51.509845_-0.129750.png,146.9,177.0,True,230.01871662975603
pano_1059,51.509722,-0.129988,2,satellite_51.509845_-0.130608.png,146.9,-461.0,False,483.8394465109268
pano_1059,51.509722,-0.129988,3,satellite_51.509311_-0.129750.png,-491.0,177.0,False,521.9291139608903
pano_1059,51.509722,-0.129988,4,satellite_51.509311_-0.130608.png,-491.0,-461.0,False,673.4998144023501
pano_106,51.507091,-0.127934,1,satellite_51.507174_-0.128034.png,99.1,-74.4,True,123.92001452549947
pano_106,51.507091,-0.127934,2,satellite_51.506640_-0.128034.png,-538.7,-74.4,False,543.8134330816039
pano_106,51.507091,-0.127934,3,satellite_51.507174_-0.127175.png,99.1,564.3,False,572.9356857449185
pano_106,51.507091,-0.127934,4,satellite_51.507174_-0.128892.png,99.1,-712.3,False,719.1606913618124
pano_1060,51.508996,-0.124388,1,satellite_51.508776_-0.124600.png,-262.8,-157.6,True,306.43367961110283
pano_1060,51.508996,-0.124388,2,satellite_51.509311_-0.124600.png,376.3,-157.6,False,407.9699131063466
pano_1060,51.508996,-0.124388,3,satellite_51.508776_-0.123742.png,-262.8,480.3,False,547.4960547803062
pano_1060,51.508996,-0.124388,4,satellite_51.509311_-0.123742.png,376.3,480.3,False,610.1555375475995
pano_1061,51.507309,-0.132302,1,satellite_51.507174_-0.132325.png,-161.3,-17.1,True,162.2038840472077
pano_1061,51.507309,-0.132302,2,satellite_51.507708_-0.132325.png,476.6,-17.1,False,476.90666801796766
pano_1061,51.507309,-0.132302,3,satellite_51.507174_-0.131467.png,-161.3,620.8,False,641.4127610205459
pano_1061,51.507309,-0.132302,4,satellite_51.507174_-0.133183.png,-161.3,-655.0,False,674.5685213527237
pano_1062,51.507248,-0.132249,1,satellite_51.507174_-0.132325.png,-88.4,-56.5,True,104.91334519497508
pano_1062,51.507248,-0.132249,2,satellite_51.507708_-0.132325.png,549.5,-56.5,False,552.3970492318003
pano_1062,51.507248,-0.132249,3,satellite_51.507174_-0.131467.png,-88.4,581.4,False,588.082069102604
pano_1062,51.507248,-0.132249,4,satellite_51.507174_-0.133183.png,-88.4,-694.4,False,700.0042285586566
pano_1063,51.506628,-0.125077,1,satellite_51.506640_-0.125459.png,14.3,-284.0,True,284.3597897031154
pano_1063,51.506628,-0.125077,2,satellite_51.506640_-0.124600.png,14.3,354.7,False,354.9881406469799
pano_1063,51.506628,-0.125077,3,satellite_51.506105_-0.125459.png,-624.7,-284.0,False,686.2259759000675
pano_1063,51.506628,-0.125077,4,satellite_51.507174_-0.125459.png,652.2,-284.0,False,711.3514180768884
pano_1064,51.506449,-0.125283,1,satellite_51.506640_-0.125459.png,228.2,-130.9,True,263.078030249582
pano_1064,51.506449,-0.125283,2,satellite_51.506105_-0.125459.png,-410.9,-130.9,False,431.2465883923025
pano_1064,51.506449,-0.125283,3,satellite_51.506640_-0.124600.png,228.2,507.8,False,556.7190314691964
pano_1064,51.506449,-0.125283,4,satellite_51.506105_-0.124600.png,-410.9,507.8,False,653.2225118594735
pano_1065,51.507094,-0.127609,1,satellite_51.507174_-0.128034.png,95.6,-316.0,True,330.14445323221776
pano_1065,51.507094,-0.127609,2,satellite_51.507174_-0.127175.png,95.6,322.7,False,336.56299558923587
pano_1065,51.507094,-0.127609,3,satellite_51.506640_-0.128034.png,-542.3,-316.0,False,627.6506114073338
pano_1065,51.507094,-0.127609,4,satellite_51.506640_-0.127175.png,-542.3,322.7,False,631.0503783375777
pano_1066,51.507042,-0.127561,1,satellite_51.507174_-0.127175.png,157.7,287.0,True,327.47257900471607
pano_1066,51.507042,-0.127561,2,satellite_51.507174_-0.128034.png,157.7,-351.7,False,385.4376473568714
pano_1066,51.507042,-0.127561,3,satellite_51.506640_-0.127175.png,-480.2,287.0,False,559.4292091051378
pano_1066,51.507042,-0.127561,4,satellite_51.506640_-0.128034.png,-480.2,-351.7,False,595.2183884928287
pano_1067,51.507687,-0.12314,1,satellite_51.507708_-0.122884.png,25.1,190.3,True,191.94817008765673
pano_1067,51.507687,-0.12314,2,satellite_51.507708_-0.123742.png,25.1,-447.6,False,448.3032121232236
pano_1067,51.507687,-0.12314,3,satellite_51.507174_-0.122884.png,-612.8,190.3,False,641.6680839811187
pano_1067,51.507687,-0.12314,4,satellite_51.508242_-0.122884.png,663.0,190.3,False,689.7703168446726
pano_1068,51.50865,-0.126756,1,satellite_51.508776_-0.127175.png,150.5,-311.5,True,345.9515862082439
pano_1068,51.50865,-0.126756,2,satellite_51.508776_-0.126317.png,150.5,326.4,False,359.4262233059797
pano_1068,51.50865,-0.126756,3,satellite_51.508242_-0.127175.png,-487.4,-311.5,False,578.4384236891598
pano_1068,51.50865,-0.126756,4,satellite_51.508242_-0.126317.png,-487.4,326.4,False,586.5967268916526
pano_1069,51.508294,-0.125673,1,satellite_51.508242_-0.125459.png,-62.1,159.1,True,170.7899879969549
pano_1069,51.508294,-0.125673,2,satellite_51.508242_-0.126317.png,-62.1,-478.8,False,482.8103665001405
pano_1069,51.508294,-0.125673,3,satellite_51.508776_-0.125459.png,575.8,159.1,False,597.3763051879442
pano_1069,51.508294,-0.125673,4,satellite_51.507708_-0.125459.png,-700.0,159.1,False,717.8529166897631
pano_107,51.507402,-0.128255,1,satellite_51.507174_-0.128034.png,-272.4,164.3,True,318.1135803451339
pano_107,51.507402,-0.128255,2,satellite_51.507708_-0.128034.png,365.5,164.3,False,400.7302584033305
pano_107,51.507402,-0.128255,3,satellite_51.507174_-0.128892.png,-272.4,-473.6,False,546.350363777677
pano_107,51.507402,-0.128255,4,satellite_51.507708_-0.128892.png,365.5,-473.6,False,598.23675079353
pano_1070,51.505971,-0.130526,1,satellite_51.506105_-0.130608.png,160.1,-61.0,True,171.32720157639883
pano_1070,51.505971,-0.130526,2,satellite_51.505571_-0.130608.png,-477.8,-61.0,False,481.6781498054484
pano_1070,51.505971,-0.130526,3,satellite_51.506105_-0.129750.png,160.1,577.0,False,598.7996409484562
pano_1070,51.505971,-0.130526,4,satellite_51.506105_-0.131467.png,160.1,-699.6,False,717.6852861805096
pano_1071,51.506017,-0.131053,1,satellite_51.506105_-0.131467.png,105.1,-307.8,True,325.2489046868567
pano_1071,51.506017,-0.131053,2,satellite_51.506105_-0.130608.png,105.1,330.9,False,347.1898904058123
pano_1071,51.506017,-0.131053,3,satellite_51.505571_-0.131467.png,-532.8,-307.8,False,615.3183566252513
pano_1071,51.506017,-0.131053,4,satellite_51.505571_-0.130608.png,-532.8,330.9,False,627.1926737454767
pano_1072,51.506346,-0.129623,1,satellite_51.506105_-0.129750.png,-287.9,-94.4,True,302.98146808014513
pano_1072,51.506346,-0.129623,2,satellite_51.506640_-0.129750.png,351.2,-94.4,False,363.66578062831263
pano_1072,51.506346,-0.129623,3,satellite_51.506105_-0.128892.png,-287.9,543.5,False,615.043624469029
pano_1072,51.506346,-0.129623,4,satellite_51.506640_-0.128892.png,351.2,543.5,False,647.0963529490798
pano_1073,51.505943,-0.130598,1,satellite_51.506105_-0.130608.png,193.5,-7.4,True,193.64144700967302
pano_1073,51.505943,-0.130598,2,satellite_51.505571_-0.130608.png,-444.4,-7.4,False,444.46160689085394
pano_1073,51.505943,-0.130598,3,satellite_51.506105_-0.129750.png,193.5,630.5,False,659.5244498879476
pano_1073,51.505943,-0.130598,4,satellite_51.506105_-0.131467.png,193.5,-646.1,False,674.4534528045654
pano_1074,51.505868,-0.131045,1,satellite_51.506105_-0.131467.png,283.1,-313.8,True,422.629920852748
pano_1074,51.505868,-0.131045,2,satellite_51.506105_-0.130608.png,283.1,324.9,False,430.9357492712806
pano_1074,51.505868,-0.131045,3,satellite_51.505571_-0.131467.png,-354.8,-313.8,False,473.65966684952184
pano_1074,51.505868,-0.131045,4,satellite_51.505571_-0.130608.png,-354.8,324.9,False,481.0852834997138
pano_1075,51.505591,-0.131473,1,satellite_51.505571_-0.131467.png,-23.9,4.5,True,24.319950657844682
pano_1075,51.505591,-0.131473,2,satellite_51.506105_-0.131467.png,614.0,4.5,False,614.0164900065796
pano_1075,51.505591,-0.131473,3,satellite_51.505571_-0.132325.png,-23.9,-633.5,False,633.9506763148061
pano_1075,51.505591,-0.131473,4,satellite_51.505571_-0.130608.png,-23.9,643.1,False,643.5439534328639
pano_1076,51.505843,-0.13115,1,satellite_51.506105_-0.131467.png,313.0,-235.7,True,391.8207370724526
pano_1076,51.505843,-0.13115,2,satellite_51.505571_-0.131467.png,-324.9,-235.7,False,401.39070741610345
pano_1076,51.505843,-0.13115,3,satellite_51.506105_-0.130608.png,313.0,403.0,False,510.2724762320617
pano_1076,51.505843,-0.13115,4,satellite_51.505571_-0.130608.png,-324.9,403.0,False,517.6572321527054
pano_1077,51.505856,-0.131318,1,satellite_51.506105_-0.131467.png,297.4,-110.8,True,317.36950074006796
pano_1077,51.505856,-0.131318,2,satellite_51.505571_-0.131467.png,-340.4,-110.8,False,357.97877032025235
pano_1077,51.505856,-0.131318,3,satellite_51.506105_-0.130608.png,297.4,527.9,False,605.908549205241
pano_1077,51.505856,-0.131318,4,satellite_51.505571_-0.130608.png,-340.4,527.9,False,628.132605426593
pano_1078,51.50601,-0.130437,1,satellite_51.506105_-0.130608.png,113.5,-127.1,True,170.4014671298343
pano_1078,51.50601,-0.130437,2,satellite_51.506105_-0.129750.png,113.5,510.8,False,523.2579574167984
pano_1078,51.50601,-0.130437,3,satellite_51.505571_-0.130608.png,-524.4,-127.1,False,539.5829593306297
pano_1078,51.50601,-0.130437,4,satellite_51.505571_-0.129750.png,-524.4,510.8,False,732.0601068218374
pano_1079,51.505751,-0.131397,1,satellite_51.505571_-0.131467.png,-215.0,-52.0,True,221.19900542271884
pano_1079,51.505751,-0.131397,2,satellite_51.506105_-0.131467.png,422.9,-52.0,False,426.0849797868965
pano_1079,51.505751,-0.131397,3,satellite_51.505571_-0.130608.png,-215.0,586.6,False,624.7596017669516
pano_1079,51.505751,-0.131397,4,satellite_51.505571_-0.132325.png,-215.0,-690.0,False,722.7205545714056
pano_108,51.50733,-0.127134,1,satellite_51.507174_-0.127175.png,-186.4,-30.5,True,188.8788235880349
pano_108,51.50733,-0.127134,2,satellite_51.507708_-0.127175.png,451.5,-30.5,False,452.5290045952856
pano_108,51.50733,-0.127134,3,satellite_51.507174_-0.126317.png,-186.4,607.5,False,635.4535466892918
pano_108,51.50733,-0.127134,4,satellite_51.507174_-0.128034.png,-186.4,-669.2,False,694.6751758915817
pano_1080,51.505631,-0.131377,1,satellite_51.505571_-0.131467.png,-71.7,-66.9,True,98.06375477208692
pano_1080,51.505631,-0.131377,2,satellite_51.506105_-0.131467.png,566.2,-66.9,False,570.1386234943218
pano_1080,51.505631,-0.131377,3,satellite_51.505571_-0.130608.png,-71.7,571.8,False,576.2778236232937
pano_1080,51.505631,-0.131377,4,satellite_51.505571_-0.132325.png,-71.7,-704.9,False,708.5371549890662
pano_1081,51.508329,-0.129276,1,satellite_51.508242_-0.128892.png,-103.9,285.5,True,303.818136390835
pano_1081,51.508329,-0.129276,2,satellite_51.508242_-0.129750.png,-103.9,-352.4,False,367.397563954907
pano_1081,51.508329,-0.129276,3,satellite_51.508776_-0.128892.png,534.0,285.5,False,605.529726768224
pano_1081,51.508329,-0.129276,4,satellite_51.508776_-0.129750.png,534.0,-352.4,False,639.7982181907042
pano_1082,51.505736,-0.130542,1,satellite_51.505571_-0.130608.png,-197.1,-49.1,True,203.12365691863664
pano_1082,51.505736,-0.130542,2,satellite_51.506105_-0.130608.png,440.8,-49.1,False,443.52615480938664
pano_1082,51.505736,-0.130542,3,satellite_51.505571_-0.129750.png,-197.1,588.9,False,621.0085506657698
pano_1082,51.505736,-0.130542,4,satellite_51.505571_-0.131467.png,-197.1,-687.8,False,715.4839271430211
pano_1083,51.507014,-0.129911,1,satellite_51.507174_-0.129750.png,191.1,119.7,True,225.49345888517476
pano_1083,51.507014,-0.129911,2,satellite_51.506640_-0.129750.png,-446.8,119.7,False,462.55629927609897
pano_1083,51.507014,-0.129911,3,satellite_51.507174_-0.130608.png,191.1,-518.2,False,552.3137242546125
pano_1083,51.507014,-0.129911,4,satellite_51.506640_-0.130608.png,-446.8,-518.2,False,684.223267654645
pano_1084,51.506727,-0.128864,1,satellite_51.506640_-0.128892.png,-103.9,-20.8,True,105.9615496300427
pano_1084,51.506727,-0.128864,2,satellite_51.507174_-0.128892.png,534.0,-20.8,False,534.4049400969269
pano_1084,51.506727,-0.128864,3,satellite_51.506640_-0.128034.png,-103.9,617.1,False,625.7856022632672
pano_1084,51.506727,-0.128864,4,satellite_51.506640_-0.129750.png,-103.9,-658.8,False,666.9427636611705
pano_1085,51.506817,-0.128649,1,satellite_51.506640_-0.128892.png,-211.4,-180.7,True,278.10510603007634
pano_1085,51.506817,-0.128649,2,satellite_51.507174_-0.128892.png,426.5,-180.7,False,463.20053972334705
pano_1085,51.506817,-0.128649,3,satellite_51.506640_-0.128034.png,-211.4,457.3,False,503.79881897439975
pano_1085,51.506817,-0.128649,4,satellite_51.507174_-0.128034.png,426.5,457.3,False,625.3203499007528
pano_1086,51.506639,-0.129051,1,satellite_51.506640_-0.128892.png,1.2,118.2,True,118.20609121360879
pano_1086,51.506639,-0.129051,2,satellite_51.506640_-0.129750.png,1.2,-519.7,False,519.7013854128157
pano_1086,51.506639,-0.129051,3,satellite_51.506105_-0.128892.png,-637.9,118.2,False,648.7585452231053
pano_1086,51.506639,-0.129051,4,satellite_51.507174_-0.128892.png,639.1,118.2,False,649.9384970903017
pano_1087,51.506767,-0.128773,1,satellite_51.506640_-0.128892.png,-151.7,-88.5,True,175.62784517268324
pano_1087,51.506767,-0.128773,2,satellite_51.507174_-0.128892.png,486.2,-88.5,False,494.18892136509896
pano_1087,51.506767,-0.128773,3,satellite_51.506640_-0.128034.png,-151.7,549.5,False,570.055383274292
pano_1087,51.506767,-0.128773,4,satellite_51.507174_-0.128034.png,486.2,549.5,False,733.7170367382782
pano_1088,51.507455,-0.128791,1,satellite_51.507708_-0.128892.png,302.2,-75.1,True,311.3917950107228
pano_1088,51.507455,-0.128791,2,satellite_51.507174_-0.128892.png,-335.7,-75.1,False,343.99781976053276
pano_1088,51.507455,-0.128791,3,satellite_51.507708_-0.128034.png,302.2,562.8,False,638.8025359999755
pano_1088,51.507455,-0.128791,4,satellite_51.507174_-0.128034.png,-335.7,562.8,False,655.3154431264381
pano_1089,51.507696,-0.130323,1,satellite_51.507708_-0.130608.png,14.3,-211.9,True,212.3819672194417
pano_1089,51.507696,-0.130323,2,satellite_51.507708_-0.129750.png,14.3,426.0,False,426.23994416290924
pano_1089,51.507696,-0.130323,3,satellite_51.507174_-0.130608.png,-623.6,-211.9,False,658.6186833062056
pano_1089,51.507696,-0.130323,4,satellite_51.508242_-0.130608.png,652.2,-211.9,False,685.7597611408823
pano_109,51.507675,-0.127395,1,satellite_51.507708_-0.127175.png,39.4,163.6,True,168.2775088952769
pano_109,51.507675,-0.127395,2,satellite_51.507708_-0.128034.png,39.4,-475.1,False,476.73091991185134
pano_109,51.507675,-0.127395,3,satellite_51.507174_-0.127175.png,-598.5,163.6,False,620.4572588019258
pano_109,51.507675,-0.127395,4,satellite_51.508242_-0.127175.png,677.3,163.6,False,696.7784798628614
pano_1090,51.507616,-0.130003,1,satellite_51.507708_-0.129750.png,109.9,188.1,True,217.85228940729542
pano_1090,51.507616,-0.130003,2,satellite_51.507708_-0.130608.png,109.9,-449.8,False,463.0313704275338
pano_1090,51.507616,-0.130003,3,satellite_51.507174_-0.129750.png,-528.0,188.1,False,560.504781424744
pano_1090,51.507616,-0.130003,4,satellite_51.507174_-0.130608.png,-528.0,-449.8,False,693.6166376320568
pano_1091,51.507532,-0.128971,1,satellite_51.507708_-0.128892.png,210.2,58.7,True,218.2423652731064
pano_1091,51.507532,-0.128971,2,satellite_51.507174_-0.128892.png,-427.7,58.7,False,431.70936983113995
pano_1091,51.507532,-0.128971,3,satellite_51.507708_-0.129750.png,210.2,-579.2,False,616.1628680795363
pano_1091,51.507532,-0.128971,4,satellite_51.507174_-0.129750.png,-427.7,-579.2,False,719.9999513888873
pano_1092,51.507465,-0.128881,1,satellite_51.507708_-0.128892.png,290.3,-8.2,True,290.41578813831734
pano_1092,51.507465,-0.128881,2,satellite_51.507174_-0.128892.png,-347.6,-8.2,False,347.69670691566813
pano_1092,51.507465,-0.128881,3,satellite_51.507708_-0.128034.png,290.3,629.8,False,693.485493719948
pano_1092,51.507465,-0.128881,4,satellite_51.507708_-0.129750.png,290.3,-646.1,False,708.3214665672642
pano_1093,51.507547,-0.1289,1,satellite_51.507708_-0.128892.png,192.3,5.9,True,192.3904883303746
pano_1093,51.507547,-0.1289,2,satellite_51.507174_-0.128892.png,-445.6,5.9,False,445.6390579830274
pano_1093,51.507547,-0.1289,3,satellite_51.507708_-0.129750.png,192.3,-632.0,False,660.6082727305192
pano_1093,51.507547,-0.1289,4,satellite_51.507708_-0.128034.png,192.3,643.9,False,672.0018601164732
pano_1094,51.507931,-0.127241,1,satellite_51.507708_-0.127175.png,-266.4,49.1,True,270.8870059637413
pano_1094,51.507931,-0.127241,2,satellite_51.508242_-0.127175.png,371.5,49.1,False,374.730649934056
pano_1094,51.507931,-0.127241,3,satellite_51.507708_-0.128034.png,-266.4,-589.6,False,646.9908191002404
pano_1094,51.507931,-0.127241,4,satellite_51.508242_-0.128034.png,371.5,-589.6,False,696.8790497640175
pano_1095,51.509077,-0.126744,1,satellite_51.509311_-0.126317.png,279.5,317.5,True,422.9970449069355
pano_1095,51.509077,-0.126744,2,satellite_51.509311_-0.127175.png,279.5,-320.5,False,425.25345383665024
pano_1095,51.509077,-0.126744,3,satellite_51.508776_-0.126317.png,-359.6,317.5,False,479.70658740525965
pano_1095,51.509077,-0.126744,4,satellite_51.508776_-0.127175.png,-359.6,-320.5,False,481.69742577680444
pano_1096,51.505832,-0.127424,1,satellite_51.505571_-0.127175.png,-311.8,185.1,True,362.6034335193201
pano_1096,51.505832,-0.127424,2,satellite_51.506105_-0.127175.png,326.1,185.1,False,374.97095887548414
pano_1096,51.505832,-0.127424,3,satellite_51.505571_-0.128034.png,-311.8,-453.5,False,550.3466998174878
pano_1096,51.505832,-0.127424,4,satellite_51.506105_-0.128034.png,326.1,-453.5,False,558.5726989390012
pano_1097,51.506332,-0.128168,1,satellite_51.506105_-0.128034.png,-271.2,99.6,True,288.91105897836445
pano_1097,51.506332,-0.128168,2,satellite_51.506640_-0.128034.png,367.9,99.6,False,381.1437655268678
pano_1097,51.506332,-0.128168,3,satellite_51.506105_-0.128892.png,-271.2,-538.3,False,602.7572728719248
pano_1097,51.506332,-0.128168,4,satellite_51.506640_-0.128892.png,367.9,-538.3,False,652.0101993067286
pano_1098,51.506597,-0.127392,1,satellite_51.506640_-0.127175.png,51.4,161.3,True,169.2916123143731
pano_1098,51.506597,-0.127392,2,satellite_51.506640_-0.128034.png,51.4,-477.3,False,480.0596317125613
pano_1098,51.506597,-0.127392,3,satellite_51.506105_-0.127175.png,-587.7,161.3,False,609.4333269521778
pano_1098,51.506597,-0.127392,4,satellite_51.507174_-0.127175.png,689.3,161.3,False,707.9210266689357
pano_1099,51.506677,-0.127433,1,satellite_51.506640_-0.127175.png,-44.2,191.8,True,196.82703066398173
pano_1099,51.506677,-0.127433,2,satellite_51.506640_-0.128034.png,-44.2,-446.9,False,449.0804493629176
pano_1099,51.506677,-0.127433,3,satellite_51.507174_-0.127175.png,593.7,191.8,False,623.9125980455917
pano_1099,51.506677,-0.127433,4,satellite_51.506105_-0.127175.png,-683.3,191.8,False,709.708482406685
pano_11,51.509566,-0.131587,1,satellite_51.509311_-0.131467.png,-304.6,89.2,True,317.3921864192627
pano_11,51.509566,-0.131587,2,satellite_51.509845_-0.131467.png,333.3,89.2,False,345.0297523402873
pano_11,51.509566,-0.131587,3,satellite_51.509311_-0.132325.png,-304.6,-548.7,False,627.5769673912516
pano_11,51.509566,-0.131587,4,satellite_51.509845_-0.132325.png,333.3,-548.7,False,641.9973364430729
pano_110,51.507735,-0.127246,1,satellite_51.507708_-0.127175.png,-32.3,52.8,True,61.8961226572392
pano_110,51.507735,-0.127246,2,satellite_51.507708_-0.128034.png,-32.3,-585.9,False,586.7896556688777
pano_110,51.507735,-0.127246,3,satellite_51.508242_-0.127175.png,605.6,52.8,False,607.8973597573854
pano_110,51.507735,-0.127246,4,satellite_51.507174_-0.127175.png,-670.2,52.8,False,672.2766394870494
pano_1100,51.506588,-0.127436,1,satellite_51.506640_-0.127175.png,62.1,194.1,True,203.7920999450175
pano_1100,51.506588,-0.127436,2,satellite_51.506640_-0.128034.png,62.1,-444.6,False,448.9159943686569
pano_1100,51.506588,-0.127436,3,satellite_51.506105_-0.127175.png,-577.0,194.1,False,608.7723794654288
pano_1100,51.506588,-0.127436,4,satellite_51.507174_-0.127175.png,700.0,194.1,False,726.4122865150341
pano_1101,51.506669,-0.127476,1,satellite_51.506640_-0.127175.png,-34.6,223.8,True,226.4588262797456
pano_1101,51.506669,-0.127476,2,satellite_51.506640_-0.128034.png,-34.6,-414.9,False,416.3402094441515
pano_1101,51.506669,-0.127476,3,satellite_51.507174_-0.127175.png,603.2,223.8,False,643.3791106338471
pano_1101,51.506669,-0.127476,4,satellite_51.506105_-0.127175.png,-673.7,223.8,False,709.9000845189413
pano_1102,51.508575,-0.128541,1,satellite_51.508776_-0.128892.png,240.1,-261.0,True,354.63926742536563
pano_1102,51.508575,-0.128541,2,satellite_51.508776_-0.128034.png,240.1,377.0,False,446.96421556988207
pano_1102,51.508575,-0.128541,3,satellite_51.508242_-0.128892.png,-397.8,-261.0,False,475.7791924832359
pano_1102,51.508575,-0.128541,4,satellite_51.508242_-0.128034.png,-397.8,377.0,False,548.0637189232654
pano_1103,51.509527,-0.129572,1,satellite_51.509311_-0.129750.png,-258.0,-132.3,True,289.943597963466
pano_1103,51.509527,-0.129572,2,satellite_51.509845_-0.129750.png,379.9,-132.3,False,402.27764044251825
pano_1103,51.509527,-0.129572,3,satellite_51.509311_-0.128892.png,-258.0,505.6,False,567.622550644352
pano_1103,51.509527,-0.129572,4,satellite_51.509845_-0.128892.png,379.9,505.6,False,632.4202479364493
pano_1104,51.506805,-0.130691,1,satellite_51.506640_-0.130608.png,-197.1,61.7,True,206.53159564579943
pano_1104,51.506805,-0.130691,2,satellite_51.507174_-0.130608.png,440.8,61.7,False,445.0972141004704
pano_1104,51.506805,-0.130691,3,satellite_51.506640_-0.131467.png,-197.1,-577.0,False,609.7355246334266
pano_1104,51.506805,-0.130691,4,satellite_51.507174_-0.131467.png,440.8,-577.0,False,726.1085593766265
pano_1105,51.506743,-0.130635,1,satellite_51.506640_-0.130608.png,-123.0,20.1,True,124.63149682163012
pano_1105,51.506743,-0.130635,2,satellite_51.507174_-0.130608.png,514.9,20.1,False,515.2921695504406
pano_1105,51.506743,-0.130635,3,satellite_51.506640_-0.131467.png,-123.0,-618.6,False,630.7098857636529
pano_1105,51.506743,-0.130635,4,satellite_51.506640_-0.129750.png,-123.0,658.0,False,669.3974902851071
pano_1106,51.506709,-0.130619,1,satellite_51.506640_-0.130608.png,-82.4,8.2,True,82.80700453464067
pano_1106,51.506709,-0.130619,2,satellite_51.507174_-0.130608.png,555.5,8.2,False,555.5605187556077
pano_1106,51.506709,-0.130619,3,satellite_51.506640_-0.131467.png,-82.4,-630.5,False,635.8616280292434
pano_1106,51.506709,-0.130619,4,satellite_51.506640_-0.129750.png,-82.4,646.1,False,651.3332250085206
pano_1107,51.506688,-0.130639,1,satellite_51.506640_-0.130608.png,-57.3,23.0,True,61.74374462243118
pano_1107,51.506688,-0.130639,2,satellite_51.507174_-0.130608.png,580.5,23.0,False,580.9554630089987
pano_1107,51.506688,-0.130639,3,satellite_51.506640_-0.131467.png,-57.3,-615.6,False,618.2609885800656
pano_1107,51.506688,-0.130639,4,satellite_51.506640_-0.129750.png,-57.3,661.0,False,663.4789295825452
pano_1108,51.506547,-0.131024,1,satellite_51.506640_-0.130608.png,111.1,309.3,True,328.64829225176265
pano_1108,51.506547,-0.131024,2,satellite_51.506640_-0.131467.png,111.1,-329.4,False,347.63137085136606
pano_1108,51.506547,-0.131024,3,satellite_51.506105_-0.130608.png,-528.0,309.3,False,611.9235981721902
pano_1108,51.506547,-0.131024,4,satellite_51.506105_-0.131467.png,-528.0,-329.4,False,622.3249633431074
pano_1109,51.506641,-0.131154,1,satellite_51.506640_-0.131467.png,-1.2,-232.7,True,232.70309409202105
pano_1109,51.506641,-0.131154,2,satellite_51.506640_-0.130608.png,-1.2,406.0,False,406.0017733951417
pano_1109,51.506641,-0.131154,3,satellite_51.507174_-0.131467.png,636.7,-232.7,False,677.8909794354842
pano_1109,51.506641,-0.131154,4,satellite_51.506105_-0.131467.png,-640.3,-232.7,False,681.2733518933497
pano_111,51.507824,-0.12715,1,satellite_51.507708_-0.127175.png,-138.6,-18.6,True,139.84248281548778
pano_111,51.507824,-0.12715,2,satellite_51.508242_-0.127175.png,499.3,-18.6,False,499.6463249139335
pano_111,51.507824,-0.12715,3,satellite_51.507708_-0.126317.png,-138.6,619.3,False,634.619925624779
pano_111,51.507824,-0.12715,4,satellite_51.507708_-0.128034.png,-138.6,-657.3,False,671.7538611723791
pano_1110,51.506839,-0.130595,1,satellite_51.506640_-0.130608.png,-237.7,-9.7,True,237.8978352150351
pano_1110,51.506839,-0.130595,2,satellite_51.507174_-0.130608.png,400.2,-9.7,False,400.31753646324313
pano_1110,51.506839,-0.130595,3,satellite_51.506640_-0.129750.png,-237.7,628.3,False,671.760507919303
pano_1110,51.506839,-0.130595,4,satellite_51.506640_-0.131467.png,-237.7,-648.3,False,690.5028457580751
pano_1111,51.50678,-0.130542,1,satellite_51.506640_-0.130608.png,-167.2,-49.1,True,174.26029381359368
pano_1111,51.50678,-0.130542,2,satellite_51.507174_-0.130608.png,470.7,-49.1,False,473.2539487421103
pano_1111,51.50678,-0.130542,3,satellite_51.506640_-0.129750.png,-167.2,588.9,False,612.1756692322882
pano_1111,51.50678,-0.130542,4,satellite_51.506640_-0.131467.png,-167.2,-687.8,False,707.8309685228529
pano_1112,51.506754,-0.130516,1,satellite_51.506640_-0.130608.png,-136.2,-68.4,True,152.41062955056645
pano_1112,51.506754,-0.130516,2,satellite_51.507174_-0.130608.png,501.7,-68.4,False,506.34123869185294
pano_1112,51.506754,-0.130516,3,satellite_51.506640_-0.129750.png,-136.2,569.5,False,585.5601506250233
pano_1112,51.506754,-0.130516,4,satellite_51.506640_-0.131467.png,-136.2,-707.1,False,720.0978058569544
pano_1113,51.506745,-0.130466,1,satellite_51.506640_-0.130608.png,-125.4,-105.6,True,163.9405989985397
pano_1113,51.506745,-0.130466,2,satellite_51.507174_-0.130608.png,512.5,-105.6,False,523.266289760768
pano_1113,51.506745,-0.130466,3,satellite_51.506640_-0.129750.png,-125.4,532.4,False,546.9688473761554
pano_1113,51.506745,-0.130466,4,satellite_51.507174_-0.129750.png,512.5,532.4,False,738.9898578465065
pano_1114,51.506826,-0.130238,1,satellite_51.506640_-0.130608.png,-222.2,-275.1,True,353.6281238815714
pano_1114,51.506826,-0.130238,2,satellite_51.506640_-0.129750.png,-222.2,362.8,False,425.4370458716542
pano_1114,51.506826,-0.130238,3,satellite_51.507174_-0.130608.png,415.7,-275.1,False,498.484202357507
pano_1114,51.506826,-0.130238,4,satellite_51.507174_-0.129750.png,415.7,362.8,False,551.7520548217287
pano_1115,51.506853,-0.130216,1,satellite_51.506640_-0.130608.png,-254.4,-291.5,True,386.9
pano_1115,51.506853,-0.130216,2,satellite_51.506640_-0.129750.png,-254.4,346.5,False,429.86231516614714
pano_1115,51.506853,-0.130216,3,satellite_51.507174_-0.130608.png,383.5,-291.5,False,481.7099749849488
pano_1115,51.506853,-0.130216,4,satellite_51.507174_-0.129750.png,383.5,346.5,False,516.850558672427
pano_1116,51.50689,-0.130228,1,satellite_51.506640_-0.130608.png,-298.6,-282.5,True,411.0574290777385
pano_1116,51.50689,-0.130228,2,satellite_51.507174_-0.130608.png,339.3,-282.5,False,441.5096148443429
pano_1116,51.50689,-0.130228,3,satellite_51.506640_-0.129750.png,-298.6,355.4,False,464.18866853898965
pano_1116,51.50689,-0.130228,4,satellite_51.507174_-0.129750.png,339.3,355.4,False,491.3589828221318
pano_1117,51.50695,-0.130281,1,satellite_51.507174_-0.130608.png,267.6,-243.1,True,361.53474245222964
pano_1117,51.50695,-0.130281,2,satellite_51.506640_-0.130608.png,-370.3,-243.1,False,442.96692878814326
pano_1117,51.50695,-0.130281,3,satellite_51.507174_-0.129750.png,267.6,394.8,False,476.9452798801976
pano_1117,51.50695,-0.130281,4,satellite_51.506640_-0.129750.png,-370.3,394.8,False,541.2847032754574
pano_1118,51.507457,-0.129799,1,satellite_51.507708_-0.129750.png,299.8,36.4,True,302.00165562460086
pano_1118,51.507457,-0.129799,2,satellite_51.507174_-0.129750.png,-338.1,36.4,False,340.0537751591651
pano_1118,51.507457,-0.129799,3,satellite_51.507708_-0.130608.png,299.8,-601.5,False,672.0731284614793
pano_1118,51.507457,-0.129799,4,satellite_51.507174_-0.130608.png,-338.1,-601.5,False,690.0100434051667
pano_1119,51.507389,-0.130284,1,satellite_51.507174_-0.130608.png,-256.8,-240.9,True,352.1065889755544
pano_1119,51.507389,-0.130284,2,satellite_51.507708_-0.130608.png,381.1,-240.9,False,450.8547659723694
pano_1119,51.507389,-0.130284,3,satellite_51.507174_-0.129750.png,-256.8,397.0,False,472.81628567552536
pano_1119,51.507389,-0.130284,4,satellite_51.507708_-0.129750.png,381.1,397.0,False,550.3146463615157
pano_112,51.507749,-0.127029,1,satellite_51.507708_-0.127175.png,-49.0,-108.6,True,119.14260363111089
pano_112,51.507749,-0.127029,2,satellite_51.507708_-0.126317.png,-49.0,529.4,False,531.6628254824668
pano_112,51.507749,-0.127029,3,satellite_51.508242_-0.127175.png,588.9,-108.6,False,598.829833926133
pano_112,51.507749,-0.127029,4,satellite_51.507174_-0.127175.png,-686.9,-108.6,False,695.4319305295091
pano_1120,51.507455,-0.130233,1,satellite_51.507708_-0.130608.png,302.2,-278.8,True,411.1621091491773
pano_1120,51.507455,-0.130233,2,satellite_51.507174_-0.130608.png,-335.7,-278.8,False,436.3759044676963
pano_1120,51.507455,-0.130233,3,satellite_51.507708_-0.129750.png,302.2,359.1,False,469.3374585519464
pano_1120,51.507455,-0.130233,4,satellite_51.507174_-0.129750.png,-335.7,359.1,False,491.5763419856574
pano_1121,51.507424,-0.130365,1,satellite_51.507174_-0.130608.png,-298.6,-180.7,True,349.01926880904443
pano_1121,51.507424,-0.130365,2,satellite_51.507708_-0.130608.png,339.3,-180.7,False,384.4177155126959
pano_1121,51.507424,-0.130365,3,satellite_51.507174_-0.129750.png,-298.6,457.3,False,546.154968850417
pano_1121,51.507424,-0.130365,4,satellite_51.507708_-0.129750.png,339.3,457.3,False,569.4275897776644
pano_1122,51.507134,-0.130082,1,satellite_51.507174_-0.129750.png,47.8,246.8,True,251.3863162544851
pano_1122,51.507134,-0.130082,2,satellite_51.507174_-0.130608.png,47.8,-391.1,False,394.0102156036059
pano_1122,51.507134,-0.130082,3,satellite_51.506640_-0.129750.png,-590.1,246.8,False,639.6313391321598
pano_1122,51.507134,-0.130082,4,satellite_51.506640_-0.130608.png,-590.1,-391.1,False,707.9387120365717
pano_1123,51.507148,-0.130036,1,satellite_51.507174_-0.129750.png,31.1,212.6,True,214.86267707538227
pano_1123,51.507148,-0.130036,2,satellite_51.507174_-0.130608.png,31.1,-425.3,False,426.4355754390105
pano_1123,51.507148,-0.130036,3,satellite_51.506640_-0.129750.png,-606.8,212.6,False,642.9657844706824
pano_1123,51.507148,-0.130036,4,satellite_51.507708_-0.129750.png,669.0,212.6,False,701.96848932128
pano_1124,51.504807,-0.129905,1,satellite_51.505037_-0.129750.png,274.7,115.2,True,297.87770980722945
pano_1124,51.504807,-0.129905,2,satellite_51.504503_-0.129750.png,-363.1,115.2,False,380.93654327197333
pano_1124,51.504807,-0.129905,3,satellite_51.505037_-0.130608.png,274.7,-522.7,False,590.4874088412047
pano_1124,51.504807,-0.129905,4,satellite_51.504503_-0.130608.png,-363.1,-522.7,False,636.4408063598688
pano_1126,51.505868,-0.131345,1,satellite_51.506105_-0.131467.png,283.1,-90.7,True,297.2744523163738
pano_1126,51.505868,-0.131345,2,satellite_51.505571_-0.131467.png,-354.8,-90.7,False,366.20968037450893
pano_1126,51.505868,-0.131345,3,satellite_51.506105_-0.130608.png,283.1,548.0,False,616.805974354983
pano_1126,51.505868,-0.131345,4,satellite_51.505571_-0.130608.png,-354.8,548.0,False,652.8300238193706
pano_1127,51.507785,-0.130407,1,satellite_51.507708_-0.130608.png,-92.0,-149.4,True,175.45472350438448
pano_1127,51.507785,-0.130407,2,satellite_51.507708_-0.129750.png,-92.0,488.5,False,497.0877689100789
pano_1127,51.507785,-0.130407,3,satellite_51.508242_-0.130608.png,545.9,-149.4,False,565.9745312291004
pano_1127,51.507785,-0.130407,4,satellite_51.508242_-0.129750.png,545.9,488.5,False,732.5565234164528
pano_1128,51.507882,-0.130482,1,satellite_51.507708_-0.130608.png,-207.9,-93.7,True,228.03968952794162
pano_1128,51.507882,-0.130482,2,satellite_51.508242_-0.130608.png,430.0,-93.7,False,440.09054750130684
pano_1128,51.507882,-0.130482,3,satellite_51.507708_-0.129750.png,-207.9,544.3,False,582.6533274598197
pano_1128,51.507882,-0.130482,4,satellite_51.508242_-0.129750.png,430.0,544.3,False,693.6587705781568
pano_1129,51.508696,-0.125188,1,satellite_51.508776_-0.125459.png,95.6,-201.5,True,223.02827175046664
pano_1129,51.508696,-0.125188,2,satellite_51.508776_-0.124600.png,95.6,437.2,False,447.53011071882077
pano_1129,51.508696,-0.125188,3,satellite_51.508242_-0.125459.png,-542.3,-201.5,False,578.5253149171607
pano_1129,51.508696,-0.125188,4,satellite_51.508242_-0.124600.png,-542.3,437.2,False,696.5867713357754
pano_113,51.507683,-0.127054,1,satellite_51.507708_-0.127175.png,29.9,-90.0,True,94.8367544784194
pano_113,51.507683,-0.127054,2,satellite_51.507708_-0.126317.png,29.9,548.0,False,548.8150963667089
pano_113,51.507683,-0.127054,3,satellite_51.507174_-0.127175.png,-608.0,-90.0,False,614.6250889770121
pano_113,51.507683,-0.127054,4,satellite_51.508242_-0.127175.png,667.8,-90.0,False,673.8373987840092
pano_1130,51.508519,-0.124931,1,satellite_51.508776_-0.124600.png,307.0,246.1,True,393.4643694160883
pano_1130,51.508519,-0.124931,2,satellite_51.508242_-0.124600.png,-330.9,246.1,False,412.38334107963186
pano_1130,51.508519,-0.124931,3,satellite_51.508776_-0.125459.png,307.0,-392.6,False,498.3811392900016
pano_1130,51.508519,-0.124931,4,satellite_51.508242_-0.125459.png,-330.9,-392.6,False,513.4487024036579
pano_1131,51.509438,-0.129942,1,satellite_51.509311_-0.129750.png,-151.7,142.8,True,208.33801861398223
pano_1131,51.509438,-0.129942,2,satellite_51.509845_-0.129750.png,486.2,142.8,False,506.73689425578635
pano_1131,51.509438,-0.129942,3,satellite_51.509311_-0.130608.png,-151.7,-495.2,False,517.9149833708232
pano_1131,51.509438,-0.129942,4,satellite_51.509845_-0.130608.png,486.2,-495.2,False,693.9837750264771
pano_1132,51.509449,-0.129885,1,satellite_51.509311_-0.129750.png,-164.9,100.4,True,193.06001657515728
pano_1132,51.509449,-0.129885,2,satellite_51.509845_-0.129750.png,473.1,100.4,False,483.6359891488639
pano_1132,51.509449,-0.129885,3,satellite_51.509311_-0.130608.png,-164.9,-537.6,False,562.3217673183211
pano_1132,51.509449,-0.129885,4,satellite_51.509845_-0.130608.png,473.1,-537.6,False,716.1266438277521
pano_1133,51.508944,-0.129675,1,satellite_51.508776_-0.129750.png,-200.7,-55.8,True,208.3125776327488
pano_1133,51.508944,-0.129675,2,satellite_51.509311_-0.129750.png,438.4,-55.8,False,441.93687332016094
pano_1133,51.508944,-0.129675,3,satellite_51.508776_-0.128892.png,-200.7,582.2,False,615.8224825385965
pano_1133,51.508944,-0.129675,4,satellite_51.508776_-0.130608.png,-200.7,-693.7,False,722.1496936231435
pano_1134,51.507517,-0.128303,1,satellite_51.507708_-0.128034.png,228.2,200.0,True,303.43902188083854
pano_1134,51.507517,-0.128303,2,satellite_51.507174_-0.128034.png,-409.7,200.0,False,455.9101775569394
pano_1134,51.507517,-0.128303,3,satellite_51.507708_-0.128892.png,228.2,-437.9,False,493.79312469899776
pano_1134,51.507517,-0.128303,4,satellite_51.507174_-0.128892.png,-409.7,-437.9,False,599.6753288238561
pano_1135,51.507069,-0.128383,1,satellite_51.507174_-0.128034.png,125.4,259.5,True,288.2107041731795
pano_1135,51.507069,-0.128383,2,satellite_51.507174_-0.128892.png,125.4,-378.4,False,398.6373289093734
pano_1135,51.507069,-0.128383,3,satellite_51.506640_-0.128034.png,-512.5,259.5,False,574.4532182867462
pano_1135,51.507069,-0.128383,4,satellite_51.506640_-0.128892.png,-512.5,-378.4,False,637.0579330013873
pano_1136,51.507099,-0.128624,1,satellite_51.507174_-0.128892.png,89.6,-199.3,True,218.51464481814486
pano_1136,51.507099,-0.128624,2,satellite_51.507174_-0.128034.png,89.6,438.7,False,447.7564628232629
pano_1136,51.507099,-0.128624,3,satellite_51.506640_-0.128892.png,-548.3,-199.3,False,583.3981316391063
pano_1136,51.507099,-0.128624,4,satellite_51.506640_-0.128034.png,-548.3,438.7,False,702.2040871427622
pano_1137,51.504654,-0.129755,1,satellite_51.504503_-0.129750.png,-180.4,3.7,True,180.43793946950294
pano_1137,51.504654,-0.129755,2,satellite_51.505037_-0.129750.png,457.5,3.7,False,457.51496150399277
pano_1137,51.504654,-0.129755,3,satellite_51.504503_-0.130608.png,-180.4,-634.2,False,659.3586277588245
pano_1137,51.504654,-0.129755,4,satellite_51.504503_-0.128892.png,-180.4,641.7,False,666.5756146154764
pano_1138,51.510337,-0.128223,1,satellite_51.510379_-0.128034.png,50.2,140.5,True,149.19882707313755
pano_1138,51.510337,-0.128223,2,satellite_51.510379_-0.128892.png,50.2,-497.4,False,499.9267946409754
pano_1138,51.510337,-0.128223,3,satellite_51.509845_-0.128034.png,-587.8,140.5,False,604.358411871631
pano_1138,51.510337,-0.128223,4,satellite_51.510913_-0.128034.png,688.1,140.5,False,702.2975580193911
pano_1139,51.509878,-0.128529,1,satellite_51.509845_-0.128892.png,-39.4,-269.9,True,272.760645988383
pano_1139,51.509878,-0.128529,2,satellite_51.509845_-0.128034.png,-39.4,368.0,False,370.10317480399976
pano_1139,51.509878,-0.128529,3,satellite_51.510379_-0.128892.png,598.5,-269.9,False,656.5426566492081
pano_1139,51.509878,-0.128529,4,satellite_51.510379_-0.128034.png,598.5,368.0,False,702.5854040613141
pano_114,51.507571,-0.127158,1,satellite_51.507708_-0.127175.png,163.7,-12.6,True,164.1841953416954
pano_114,51.507571,-0.127158,2,satellite_51.507174_-0.127175.png,-474.2,-12.6,False,474.36736818630345
pano_114,51.507571,-0.127158,3,satellite_51.507708_-0.126317.png,163.7,625.3,False,646.3727871747077
pano_114,51.507571,-0.127158,4,satellite_51.507708_-0.128034.png,163.7,-651.3,False,671.5574286686135
pano_1140,51.509504,-0.130058,1,satellite_51.509311_-0.129750.png,-230.6,229.0,True,324.98824594129553
pano_1140,51.509504,-0.130058,2,satellite_51.509845_-0.129750.png,407.4,229.0,False,467.3497191611438
pano_1140,51.509504,-0.130058,3,satellite_51.509311_-0.130608.png,-230.6,-408.9,False,469.4417642264054
pano_1140,51.509504,-0.130058,4,satellite_51.509845_-0.130608.png,407.4,-408.9,False,577.2122399949606
pano_1141,51.509951,-0.130141,1,satellite_51.509845_-0.129750.png,-126.6,290.7,True,317.071048820292
pano_1141,51.509951,-0.130141,2,satellite_51.509845_-0.130608.png,-126.6,-347.2,False,369.56109102555695
pano_1141,51.509951,-0.130141,3,satellite_51.510379_-0.129750.png,511.3,290.7,False,588.1616954545748
pano_1141,51.509951,-0.130141,4,satellite_51.510379_-0.130608.png,511.3,-347.2,False,618.0416895323486
pano_1142,51.505656,-0.130829,1,satellite_51.505571_-0.130608.png,-101.5,164.3,True,193.12363915378148
pano_1142,51.505656,-0.130829,2,satellite_51.505571_-0.131467.png,-101.5,-474.4,False,485.13669207760404
pano_1142,51.505656,-0.130829,3,satellite_51.506105_-0.130608.png,536.3,164.3,False,560.9030040925079
pano_1142,51.505656,-0.130829,4,satellite_51.506105_-0.131467.png,536.3,-474.4,False,716.0119063255861
pano_1143,51.504938,-0.13256,1,satellite_51.505037_-0.132325.png,118.3,174.7,True,210.9857341148922
pano_1143,51.504938,-0.13256,2,satellite_51.505037_-0.133183.png,118.3,-463.2,False,478.068122760763
pano_1143,51.504938,-0.13256,3,satellite_51.504503_-0.132325.png,-519.6,174.7,False,548.1826794053238
pano_1143,51.504938,-0.13256,4,satellite_51.504503_-0.133183.png,-519.6,-463.2,False,696.0879254806823
pano_1144,51.504303,-0.134119,1,satellite_51.504503_-0.134042.png,238.9,57.3,True,245.67559911395352
pano_1144,51.504303,-0.134119,2,satellite_51.503968_-0.134042.png,-400.2,57.3,False,404.28125111115406
pano_1144,51.504303,-0.134119,3,satellite_51.504503_-0.134900.png,238.9,-580.7,False,627.9217307913464
pano_1144,51.504303,-0.134119,4,satellite_51.503968_-0.134900.png,-400.2,-580.7,False,705.2464321072458
pano_1145,51.503938,-0.135002,1,satellite_51.503968_-0.134900.png,35.8,75.8,True,83.82887330747086
pano_1145,51.503938,-0.135002,2,satellite_51.503434_-0.134900.png,-602.0,75.8,False,606.7533601060649
pano_1145,51.503938,-0.135002,3,satellite_51.504503_-0.134900.png,674.9,75.8,False,679.1433206621413
pano_1145,51.503938,-0.135002,4,satellite_51.503968_-0.134042.png,35.8,713.8,False,714.6971946216103
pano_1146,51.503816,-0.135318,1,satellite_51.503968_-0.134900.png,181.6,310.8,True,359.96555390759266
pano_1146,51.503816,-0.135318,2,satellite_51.503434_-0.134900.png,-456.3,310.8,False,552.0926824365633
pano_1146,51.503816,-0.135318,3,satellite_51.504503_-0.134900.png,820.6,310.8,False,877.4856124176624
pano_1146,51.503816,-0.135318,4,satellite_51.503968_-0.134042.png,181.6,948.7,False,965.9245570954287
pano_1147,51.506401,-0.131679,1,satellite_51.506640_-0.131467.png,285.5,157.6,True,326.1104260829451
pano_1147,51.506401,-0.131679,2,satellite_51.506105_-0.131467.png,-353.6,157.6,False,387.1313988815684
pano_1147,51.506401,-0.131679,3,satellite_51.506640_-0.132325.png,285.5,-480.3,False,558.747116323655
pano_1147,51.506401,-0.131679,4,satellite_51.506105_-0.132325.png,-353.6,-480.3,False,596.4235491661944
pano_1148,51.509583,-0.127607,1,satellite_51.509845_-0.128034.png,313.0,-317.5,True,445.8421805975742
pano_1148,51.509583,-0.127607,2,satellite_51.509845_-0.127175.png,313.0,321.2,False,448.4846039720873
pano_1148,51.509583,-0.127607,3,satellite_51.509311_-0.128034.png,-324.9,-317.5,False,454.2755331293993
pano_1148,51.509583,-0.127607,4,satellite_51.509311_-0.127175.png,-324.9,321.2,False,456.86918258950226
pano_1149,51.509518,-0.127135,1,satellite_51.509311_-0.127175.png,-247.3,-29.7,True,249.077056350038
pano_1149,51.509518,-0.127135,2,satellite_51.509845_-0.127175.png,390.6,-29.7,False,391.72752009528256
pano_1149,51.509518,-0.127135,3,satellite_51.509311_-0.126317.png,-247.3,608.2,False,656.5550471971105
pano_1149,51.509518,-0.127135,4,satellite_51.509311_-0.128034.png,-247.3,-668.4,False,712.6821521548018
pano_115,51.508292,-0.129263,1,satellite_51.508242_-0.128892.png,-59.7,275.8,True,282.1874022701935
pano_115,51.508292,-0.129263,2,satellite_51.508242_-0.129750.png,-59.7,-362.1,False,366.9884194358182
pano_115,51.508292,-0.129263,3,satellite_51.508776_-0.128892.png,578.2,275.8,False,640.6097720141335
pano_115,51.508292,-0.129263,4,satellite_51.508776_-0.129750.png,578.2,-362.1,False,682.2255125689745
pano_1150,51.509497,-0.127136,1,satellite_51.509311_-0.127175.png,-222.2,-29.0,True,224.08444836712786
pano_1150,51.509497,-0.127136,2,satellite_51.509845_-0.127175.png,415.7,-29.0,False,416.710319046697
pano_1150,51.509497,-0.127136,3,satellite_51.509311_-0.126317.png,-222.2,608.9,False,648.1759406210631
pano_1150,51.509497,-0.127136,4,satellite_51.509311_-0.128034.png,-222.2,-667.7,False,703.7017336911996
pano_1152,51.508025,-0.124116,1,satellite_51.508242_-0.123742.png,259.2,278.1,True,380.16345168887557
pano_1152,51.508025,-0.124116,2,satellite_51.508242_-0.124600.png,259.2,-359.9,False,443.52299827630134
pano_1152,51.508025,-0.124116,3,satellite_51.507708_-0.123742.png,-378.7,278.1,False,469.8439102510535
pano_1152,51.508025,-0.124116,4,satellite_51.507708_-0.124600.png,-378.7,-359.9,False,522.4382260133727
pano_1153,51.50779,-0.127317,1,satellite_51.507708_-0.127175.png,-98.0,105.6,True,144.06720653917046
pano_1153,51.50779,-0.127317,2,satellite_51.507708_-0.128034.png,-98.0,-533.1,False,542.0328495580319
pano_1153,51.50779,-0.127317,3,satellite_51.508242_-0.127175.png,539.9,105.6,False,550.1303209240516
pano_1153,51.50779,-0.127317,4,satellite_51.507174_-0.127175.png,-735.9,105.6,False,743.4380740855287
pano_1154,51.509362,-0.13062,1,satellite_51.509311_-0.130608.png,-60.9,8.9,True,61.54689269167047
pano_1154,51.509362,-0.13062,2,satellite_51.509845_-0.130608.png,577.0,8.9,False,577.0686354325627
pano_1154,51.509362,-0.13062,3,satellite_51.509311_-0.131467.png,-60.9,-629.8,False,632.7375838370912
pano_1154,51.509362,-0.13062,4,satellite_51.509311_-0.129750.png,-60.9,646.9,False,649.7602788721391
pano_1155,51.50935,-0.130704,1,satellite_51.509311_-0.130608.png,-46.6,71.4,True,85.26148016542993
pano_1155,51.50935,-0.130704,2,satellite_51.509311_-0.131467.png,-46.6,-567.3,False,569.2107254787105
pano_1155,51.50935,-0.130704,3,satellite_51.509845_-0.130608.png,591.3,71.4,False,595.5952064951497
pano_1155,51.50935,-0.130704,4,satellite_51.508776_-0.130608.png,-685.7,71.4,False,689.4073179188049
pano_1156,51.509338,-0.130742,1,satellite_51.509311_-0.130608.png,-32.3,99.6,True,104.70649454546742
pano_1156,51.509338,-0.130742,2,satellite_51.509311_-0.131467.png,-32.3,-539.0,False,539.9669341728251
pano_1156,51.509338,-0.130742,3,satellite_51.509845_-0.130608.png,605.7,99.6,False,613.834383201202
pano_1156,51.509338,-0.130742,4,satellite_51.508776_-0.130608.png,-671.4,99.6,False,678.7474640836605
pano_1157,51.509508,-0.129963,1,satellite_51.509311_-0.129750.png,-235.3,158.4,True,283.6488145577203
pano_1157,51.509508,-0.129963,2,satellite_51.509845_-0.129750.png,402.6,158.4,False,432.63994267751104
pano_1157,51.509508,-0.129963,3,satellite_51.509311_-0.130608.png,-235.3,-479.6,False,534.2118025652372
pano_1157,51.509508,-0.129963,4,satellite_51.509845_-0.130608.png,402.6,-479.6,False,626.1812197758729
pano_1158,51.509498,-0.129916,1,satellite_51.509311_-0.129750.png,-223.4,123.4,True,255.21583023002316
pano_1158,51.509498,-0.129916,2,satellite_51.509845_-0.129750.png,414.5,123.4,False,432.478681555519
pano_1158,51.509498,-0.129916,3,satellite_51.509311_-0.130608.png,-223.4,-514.5,False,560.9080227630908
pano_1158,51.509498,-0.129916,4,satellite_51.509845_-0.130608.png,414.5,-514.5,False,660.6969804683536
pano_1159,51.50945,-0.130003,1,satellite_51.509311_-0.129750.png,-166.1,188.1,True,250.93987327644842
pano_1159,51.50945,-0.130003,2,satellite_51.509311_-0.130608.png,-166.1,-449.8,False,479.4885295812612
pano_1159,51.50945,-0.130003,3,satellite_51.509845_-0.129750.png,471.9,188.1,False,508.00710624950904
pano_1159,51.50945,-0.130003,4,satellite_51.509845_-0.130608.png,471.9,-449.8,False,651.9276416903949
pano_116,51.508244,-0.128527,1,satellite_51.508242_-0.128892.png,-2.4,-271.4,True,271.41061143588325
pano_116,51.508244,-0.128527,2,satellite_51.508242_-0.128034.png,-2.4,366.6,False,366.6078558896413
pano_116,51.508244,-0.128527,3,satellite_51.508776_-0.128892.png,635.5,-271.4,False,691.0269242222042
pano_116,51.508244,-0.128527,4,satellite_51.507708_-0.128892.png,-640.3,-271.4,False,695.4437791798845
pano_1160,51.509425,-0.129856,1,satellite_51.509311_-0.129750.png,-136.2,78.8,True,157.352724793694
pano_1160,51.509425,-0.129856,2,satellite_51.509845_-0.129750.png,501.7,78.8,False,507.8506965634683
pano_1160,51.509425,-0.129856,3,satellite_51.509311_-0.130608.png,-136.2,-559.1,False,575.4504757144615
pano_1160,51.509425,-0.129856,4,satellite_51.509311_-0.128892.png,-136.2,716.7,False,729.526784977769
pano_1161,51.509301,-0.127215,1,satellite_51.509311_-0.127175.png,11.9,29.7,True,31.995312156626944
pano_1161,51.509301,-0.127215,2,satellite_51.509311_-0.128034.png,11.9,-608.9,False,609.0162723605996
pano_1161,51.509301,-0.127215,3,satellite_51.508776_-0.127175.png,-627.2,29.7,False,627.902802987851
pano_1161,51.509301,-0.127215,4,satellite_51.509845_-0.127175.png,649.9,29.7,False,650.5782812237126
pano_1162,51.509367,-0.12732,1,satellite_51.509311_-0.127175.png,-66.9,107.8,True,126.8717856735689
pano_1162,51.509367,-0.12732,2,satellite_51.509311_-0.128034.png,-66.9,-530.9,False,535.0985142943307
pano_1162,51.509367,-0.12732,3,satellite_51.509845_-0.127175.png,571.0,107.8,False,581.086774931249
pano_1162,51.509367,-0.12732,4,satellite_51.508776_-0.127175.png,-706.0,107.8,False,714.1826377055102
pano_1163,51.509535,-0.127295,1,satellite_51.509311_-0.127175.png,-267.6,89.2,True,282.07516728701944
pano_1163,51.509535,-0.127295,2,satellite_51.509845_-0.127175.png,370.3,89.2,False,380.89201881898236
pano_1163,51.509535,-0.127295,3,satellite_51.509311_-0.128034.png,-267.6,-549.5,False,611.195557902706
pano_1163,51.509535,-0.127295,4,satellite_51.509845_-0.128034.png,370.3,-549.5,False,662.625339086878
pano_1164,51.509435,-0.126953,1,satellite_51.509311_-0.127175.png,-148.1,-165.1,True,221.79183934491368
pano_1164,51.509435,-0.126953,2,satellite_51.509311_-0.126317.png,-148.1,472.9,False,495.5482014900266
pano_1164,51.509435,-0.126953,3,satellite_51.509845_-0.127175.png,489.8,-165.1,False,516.877209789714
pano_1164,51.509435,-0.126953,4,satellite_51.509845_-0.126317.png,489.8,472.9,False,680.8365809796063
pano_1165,51.509446,-0.127114,1,satellite_51.509311_-0.127175.png,-161.3,-45.4,True,167.56744910632256
pano_1165,51.509446,-0.127114,2,satellite_51.509845_-0.127175.png,476.7,-45.4,False,478.85702459084797
pano_1165,51.509446,-0.127114,3,satellite_51.509311_-0.126317.png,-161.3,592.6,False,614.1599547349208
pano_1165,51.509446,-0.127114,4,satellite_51.509311_-0.128034.png,-161.3,-684.0,False,702.7614744705347
pano_1166,51.509453,-0.127168,1,satellite_51.509311_-0.127175.png,-169.6,-5.2,True,169.67969825527155
pano_1166,51.509453,-0.127168,2,satellite_51.509845_-0.127175.png,468.3,-5.2,False,468.3288694923686
pano_1166,51.509453,-0.127168,3,satellite_51.509311_-0.126317.png,-169.6,632.7,False,655.0369836887076
pano_1166,51.509453,-0.127168,4,satellite_51.509311_-0.128034.png,-169.6,-643.9,False,665.8613744616817
pano_1167,51.509456,-0.127189,1,satellite_51.509311_-0.127175.png,-173.2,10.4,True,173.5119592420073
pano_1167,51.509456,-0.127189,2,satellite_51.509845_-0.127175.png,464.7,10.4,False,464.81636158810073
pano_1167,51.509456,-0.127189,3,satellite_51.509311_-0.128034.png,-173.2,-628.3,False,651.7354754806585
pano_1167,51.509456,-0.127189,4,satellite_51.509311_-0.126317.png,-173.2,648.3,False,671.0373536547723
pano_1168,51.509455,-0.127207,1,satellite_51.509311_-0.127175.png,-172.0,23.8,True,173.63882054425503
pano_1168,51.509455,-0.127207,2,satellite_51.509845_-0.127175.png,465.9,23.8,False,466.5075026191969
pano_1168,51.509455,-0.127207,3,satellite_51.509311_-0.128034.png,-172.0,-614.9,False,638.5029443941507
pano_1168,51.509455,-0.127207,4,satellite_51.509311_-0.126317.png,-172.0,661.7,False,683.689176453745
pano_1169,51.509451,-0.127226,1,satellite_51.509311_-0.127175.png,-167.2,37.9,True,171.44168104635463
pano_1169,51.509451,-0.127226,2,satellite_51.509845_-0.127175.png,470.7,37.9,False,472.2233581685683
pano_1169,51.509451,-0.127226,3,satellite_51.509311_-0.128034.png,-167.2,-600.8,False,623.6316861738184
pano_1169,51.509451,-0.127226,4,satellite_51.509311_-0.126317.png,-167.2,675.9,False,696.2734017611185
pano_117,51.508085,-0.12692,1,satellite_51.508242_-0.127175.png,187.5,-189.6,True,266.6541017873155
pano_117,51.508085,-0.12692,2,satellite_51.508242_-0.126317.png,187.5,448.3,False,485.93120912326674
pano_117,51.508085,-0.12692,3,satellite_51.507708_-0.127175.png,-450.4,-189.6,False,488.68018171397125
pano_117,51.508085,-0.12692,4,satellite_51.507708_-0.126317.png,-450.4,448.3,False,635.478599167588
pano_1170,51.509439,-0.127251,1,satellite_51.509311_-0.127175.png,-152.9,56.5,True,163.00509194500643
pano_1170,51.509439,-0.127251,2,satellite_51.509845_-0.127175.png,485.0,56.5,False,488.2798889981032
pano_1170,51.509439,-0.127251,3,satellite_51.509311_-0.128034.png,-152.9,-582.2,False,601.9428959627318
pano_1170,51.509439,-0.127251,4,satellite_51.509311_-0.126317.png,-152.9,694.4,False,711.0342959379667
pano_1171,51.509427,-0.127262,1,satellite_51.509311_-0.127175.png,-138.6,64.7,True,152.95767388398662
pano_1171,51.509427,-0.127262,2,satellite_51.509845_-0.127175.png,499.4,64.7,False,503.57367881969367
pano_1171,51.509427,-0.127262,3,satellite_51.509311_-0.128034.png,-138.6,-574.0,False,590.4963674740092
pano_1171,51.509427,-0.127262,4,satellite_51.509311_-0.126317.png,-138.6,702.6,False,716.1401538805096
pano_1172,51.509407,-0.127265,1,satellite_51.509311_-0.127175.png,-114.7,66.9,True,132.78441173571542
pano_1172,51.509407,-0.127265,2,satellite_51.509845_-0.127175.png,523.2,66.9,False,527.4598088954267
pano_1172,51.509407,-0.127265,3,satellite_51.509311_-0.128034.png,-114.7,-571.8,False,583.1906463584613
pano_1172,51.509407,-0.127265,4,satellite_51.509311_-0.126317.png,-114.7,704.9,False,714.1709179181129
pano_1173,51.509562,-0.128561,1,satellite_51.509311_-0.128892.png,-299.9,-246.1,True,387.95002255445223
pano_1173,51.509562,-0.128561,2,satellite_51.509845_-0.128892.png,338.1,-246.1,False,418.1827590898506
pano_1173,51.509562,-0.128561,3,satellite_51.509311_-0.128034.png,-299.9,391.8,False,493.40373934537627
pano_1173,51.509562,-0.128561,4,satellite_51.509845_-0.128034.png,338.1,391.8,False,517.5121737698545
pano_1174,51.506125,-0.127099,1,satellite_51.506105_-0.127175.png,-23.9,-56.5,True,61.34704556863354
pano_1174,51.506125,-0.127099,2,satellite_51.506105_-0.126317.png,-23.9,581.4,False,581.8910293173457
pano_1174,51.506125,-0.127099,3,satellite_51.506640_-0.127175.png,615.2,-56.5,False,617.7890335705224
pano_1174,51.506125,-0.127099,4,satellite_51.505571_-0.127175.png,-661.8,-56.5,False,664.2074148938718
pano_1175,51.506154,-0.12698,1,satellite_51.506105_-0.127175.png,-58.5,-145.0,True,156.3561639335015
pano_1175,51.506154,-0.12698,2,satellite_51.506105_-0.126317.png,-58.5,492.9,False,496.35940607587963
pano_1175,51.506154,-0.12698,3,satellite_51.506640_-0.127175.png,580.5,-145.0,False,598.3353992536294
pano_1175,51.506154,-0.12698,4,satellite_51.505571_-0.127175.png,-696.4,-145.0,False,711.3353358297337
pano_1176,51.505395,-0.126597,1,satellite_51.505571_-0.126317.png,210.2,208.2,True,295.85685728067887
pano_1176,51.505395,-0.126597,2,satellite_51.505037_-0.126317.png,-427.6,208.2,False,475.5933136619984
pano_1176,51.505395,-0.126597,3,satellite_51.505571_-0.127175.png,210.2,-429.8,False,478.447572885473
pano_1176,51.505395,-0.126597,4,satellite_51.505037_-0.127175.png,-427.6,-429.8,False,606.2753499854666
pano_1177,51.508701,-0.12719,1,satellite_51.508776_-0.127175.png,89.6,11.2,True,90.29728678094375
pano_1177,51.508701,-0.12719,2,satellite_51.508242_-0.127175.png,-548.3,11.2,False,548.4143780026194
pano_1177,51.508701,-0.12719,3,satellite_51.508776_-0.128034.png,89.6,-627.5,False,633.8646622111064
pano_1177,51.508701,-0.12719,4,satellite_51.508776_-0.126317.png,89.6,649.1,False,655.2548893369664
pano_1178,51.508571,-0.126921,1,satellite_51.508776_-0.127175.png,244.9,-188.9,True,309.28824743271446
pano_1178,51.508571,-0.126921,2,satellite_51.508242_-0.127175.png,-393.0,-188.9,False,436.0415232520866
pano_1178,51.508571,-0.126921,3,satellite_51.508776_-0.126317.png,244.9,449.1,False,511.5337916501705
pano_1178,51.508571,-0.126921,4,satellite_51.508242_-0.126317.png,-393.0,449.1,False,596.7745051524906
pano_1179,51.50859,-0.126759,1,satellite_51.508776_-0.127175.png,222.2,-309.3,True,380.84029461179654
pano_1179,51.50859,-0.126759,2,satellite_51.508776_-0.126317.png,222.2,328.6,False,396.6746777902517
pano_1179,51.50859,-0.126759,3,satellite_51.508242_-0.127175.png,-415.7,-309.3,False,518.1437831336009
pano_1179,51.50859,-0.126759,4,satellite_51.508242_-0.126317.png,-415.7,328.6,False,529.8909793533005
pano_118,51.50629,-0.12781,1,satellite_51.506105_-0.128034.png,-221.0,-166.5,True,276.70065052326856
pano_118,51.50629,-0.12781,2,satellite_51.506640_-0.128034.png,418.1,-166.5,False,450.03317655479583
pano_118,51.50629,-0.12781,3,satellite_51.506105_-0.127175.png,-221.0,472.1,False,521.2671196229435
pano_118,51.50629,-0.12781,4,satellite_51.506640_-0.127175.png,418.1,472.1,False,630.6235168466206
pano_1180,51.508593,-0.126303,1,satellite_51.508776_-0.126317.png,218.6,-10.4,True,218.84725266724277
pano_1180,51.508593,-0.126303,2,satellite_51.508242_-0.126317.png,-419.3,-10.4,False,419.42895703563437
pano_1180,51.508593,-0.126303,3,satellite_51.508776_-0.125459.png,218.6,627.5,False,664.4864257454775
pano_1180,51.508593,-0.126303,4,satellite_51.508776_-0.127175.png,218.6,-648.3,False,684.1628826529542
pano_1181,51.509233,-0.127276,1,satellite_51.509311_-0.127175.png,93.2,75.1,True,119.69231387186062
pano_1181,51.509233,-0.127276,2,satellite_51.508776_-0.127175.png,-545.9,75.1,False,551.0415773786947
pano_1181,51.509233,-0.127276,3,satellite_51.509311_-0.128034.png,93.2,-563.6,False,571.2540590665418
pano_1181,51.509233,-0.127276,4,satellite_51.509311_-0.126317.png,93.2,713.0,False,719.0655324794814
pano_1182,51.509258,-0.127379,1,satellite_51.509311_-0.127175.png,63.3,151.7,True,164.37694485541456
pano_1182,51.509258,-0.127379,2,satellite_51.509311_-0.128034.png,63.3,-487.0,False,491.0966198213952
pano_1182,51.509258,-0.127379,3,satellite_51.508776_-0.127175.png,-575.8,151.7,False,595.4481757466388
pano_1182,51.509258,-0.127379,4,satellite_51.509845_-0.127175.png,701.2,151.7,False,717.4220027292166
pano_1183,51.509117,-0.127255,1,satellite_51.509311_-0.127175.png,231.8,59.5,True,239.3146255455358
pano_1183,51.509117,-0.127255,2,satellite_51.508776_-0.127175.png,-407.4,59.5,False,411.72200572716537
pano_1183,51.509117,-0.127255,3,satellite_51.509311_-0.128034.png,231.8,-579.2,False,623.8620680887724
pano_1183,51.509117,-0.127255,4,satellite_51.508776_-0.128034.png,-407.4,-579.2,False,708.1295079291641
pano_1184,51.509527,-0.126938,1,satellite_51.509311_-0.127175.png,-258.0,-176.2,True,312.4266954022975
pano_1184,51.509527,-0.126938,2,satellite_51.509845_-0.127175.png,379.9,-176.2,False,418.7725516315509
pano_1184,51.509527,-0.126938,3,satellite_51.509311_-0.126317.png,-258.0,461.7,False,528.8959160364163
pano_1184,51.509527,-0.126938,4,satellite_51.509845_-0.126317.png,379.9,461.7,False,597.9054273043522
pano_1185,51.508003,-0.126977,1,satellite_51.508242_-0.127175.png,285.5,-147.2,True,321.2134648485334
pano_1185,51.508003,-0.126977,2,satellite_51.507708_-0.127175.png,-352.4,-147.2,False,381.9078422865914
pano_1185,51.508003,-0.126977,3,satellite_51.508242_-0.126317.png,285.5,490.7,False,567.711845921855
pano_1185,51.508003,-0.126977,4,satellite_51.507708_-0.126317.png,-352.4,490.7,False,604.1293321797907
pano_1186,51.50796,-0.127041,1,satellite_51.507708_-0.127175.png,-301.0,-99.6,True,317.0507214942114
pano_1186,51.50796,-0.127041,2,satellite_51.508242_-0.127175.png,336.9,-99.6,False,351.3143464192716
pano_1186,51.50796,-0.127041,3,satellite_51.507708_-0.126317.png,-301.0,538.3,False,616.7397263027573
pano_1186,51.50796,-0.127041,4,satellite_51.508242_-0.126317.png,336.9,538.3,False,635.0342510447763
pano_1187,51.508003,-0.126655,1,satellite_51.508242_-0.126317.png,285.5,251.3,True,380.3445017349403
pano_1187,51.508003,-0.126655,2,satellite_51.507708_-0.126317.png,-352.4,251.3,False,432.82496462195894
pano_1187,51.508003,-0.126655,3,satellite_51.508242_-0.127175.png,285.5,-386.6,False,480.59318555302053
pano_1187,51.508003,-0.126655,4,satellite_51.507708_-0.127175.png,-352.4,-386.6,False,523.1111927688032
pano_1188,51.509077,-0.12691,1,satellite_51.509311_-0.127175.png,279.5,-197.0,True,341.94919213239854
pano_1188,51.509077,-0.12691,2,satellite_51.508776_-0.127175.png,-359.6,-197.0,False,410.0258040660368
pano_1188,51.509077,-0.12691,3,satellite_51.509311_-0.126317.png,279.5,440.9,False,522.027834506935
pano_1188,51.509077,-0.12691,4,satellite_51.508776_-0.126317.png,-359.6,440.9,False,568.9507623687659
pano_1189,51.509045,-0.127061,1,satellite_51.509311_-0.127175.png,317.8,-84.8,True,328.91926060965176
pano_1189,51.509045,-0.127061,2,satellite_51.508776_-0.127175.png,-321.3,-84.8,False,332.3021667097583
pano_1189,51.509045,-0.127061,3,satellite_51.509311_-0.126317.png,317.8,553.2,False,637.9867396741096
pano_1189,51.509045,-0.127061,4,satellite_51.508776_-0.126317.png,-321.3,553.2,False,639.7373914349544
pano_119,51.506127,-0.127748,1,satellite_51.506105_-0.128034.png,-26.3,-212.6,True,214.22056390552237
pano_119,51.506127,-0.127748,2,satellite_51.506105_-0.127175.png,-26.3,426.0,False,426.81107061555934
pano_119,51.506127,-0.127748,3,satellite_51.506640_-0.128034.png,612.8,-212.6,False,648.6313282597441
pano_119,51.506127,-0.127748,4,satellite_51.505571_-0.128034.png,-664.2,-212.6,False,697.3954401915746
pano_1190,51.509529,-0.125896,1,satellite_51.509311_-0.126317.png,-260.4,-313.0,True,407.1574142761003
pano_1190,51.509529,-0.125896,2,satellite_51.509311_-0.125459.png,-260.4,324.9,False,416.37503527469073
pano_1190,51.509529,-0.125896,3,satellite_51.509845_-0.126317.png,377.5,-313.0,False,490.38275866918485
pano_1190,51.509529,-0.125896,4,satellite_51.509845_-0.125459.png,377.5,324.9,False,498.0625061174551
pano_1191,51.509592,-0.125884,1,satellite_51.509845_-0.125459.png,302.2,316.0,True,437.24231268256733
pano_1191,51.509592,-0.125884,2,satellite_51.509845_-0.126317.png,302.2,-321.9,False,441.52514084704165
pano_1191,51.509592,-0.125884,3,satellite_51.509311_-0.125459.png,-335.7,316.0,False,461.0319837061199
pano_1191,51.509592,-0.125884,4,satellite_51.509311_-0.126317.png,-335.7,-321.9,False,465.09579658388657
pano_1192,51.509569,-0.125894,1,satellite_51.509311_-0.126317.png,-308.2,-314.5,True,440.3379270514862
pano_1192,51.509569,-0.125894,2,satellite_51.509311_-0.125459.png,-308.2,323.4,False,446.7379545102475
pano_1192,51.509569,-0.125894,3,satellite_51.509845_-0.126317.png,329.7,-314.5,False,455.6449714415819
pano_1192,51.509569,-0.125894,4,satellite_51.509845_-0.125459.png,329.7,323.4,False,461.8329243351972
pano_1193,51.509449,-0.125892,1,satellite_51.509311_-0.126317.png,-164.9,-316.0,True,356.4379469136248
pano_1193,51.509449,-0.125892,2,satellite_51.509311_-0.125459.png,-164.9,321.9,False,361.67889073043784
pano_1193,51.509449,-0.125892,3,satellite_51.509845_-0.126317.png,473.1,-316.0,False,568.9284752936875
pano_1193,51.509449,-0.125892,4,satellite_51.509845_-0.125459.png,473.1,321.9,False,572.2265460462316
pano_1194,51.50949,-0.125404,1,satellite_51.509311_-0.125459.png,-213.8,-40.9,True,217.67693952277077
pano_1194,51.50949,-0.125404,2,satellite_51.509845_-0.125459.png,424.1,-40.9,False,426.0676237406452
pano_1194,51.50949,-0.125404,3,satellite_51.509311_-0.124600.png,-213.8,597.8,False,634.8820992908841
pano_1194,51.50949,-0.125404,4,satellite_51.509311_-0.126317.png,-213.8,-678.8,False,711.6739984009532
pano_1195,51.509556,-0.125406,1,satellite_51.509311_-0.125459.png,-292.7,-39.4,True,295.339888941538
pano_1195,51.509556,-0.125406,2,satellite_51.509845_-0.125459.png,345.2,-39.4,False,347.44121804990266
pano_1195,51.509556,-0.125406,3,satellite_51.509311_-0.124600.png,-292.7,599.3,False,666.9586044125977
pano_1195,51.509556,-0.125406,4,satellite_51.509845_-0.124600.png,345.2,599.3,False,691.609376743838
pano_1196,51.509579,-0.125407,1,satellite_51.509845_-0.125459.png,317.8,-38.7,True,320.1476690528919
pano_1196,51.509579,-0.125407,2,satellite_51.509311_-0.125459.png,-320.2,-38.7,False,322.5302001363593
pano_1196,51.509579,-0.125407,3,satellite_51.509845_-0.124600.png,317.8,600.0,False,678.9674808118574
pano_1196,51.509579,-0.125407,4,satellite_51.509311_-0.124600.png,-320.2,600.0,False,680.0941405423223
pano_1197,51.509734,-0.125403,1,satellite_51.509845_-0.125459.png,132.6,-41.6,True,138.97237135488479
pano_1197,51.509734,-0.125403,2,satellite_51.509311_-0.125459.png,-505.3,-41.6,False,507.00951667596934
pano_1197,51.509734,-0.125403,3,satellite_51.509845_-0.124600.png,132.6,597.0,False,611.548657099335
pano_1197,51.509734,-0.125403,4,satellite_51.509845_-0.126317.png,132.6,-679.6,False,692.4152800162631
pano_1198,51.50954,-0.126129,1,satellite_51.509311_-0.126317.png,-273.6,-139.8,True,307.2474572718219
pano_1198,51.50954,-0.126129,2,satellite_51.509845_-0.126317.png,364.4,-139.8,False,390.29655391765885
pano_1198,51.50954,-0.126129,3,satellite_51.509311_-0.125459.png,-273.6,498.2,False,568.3838491723704
pano_1198,51.50954,-0.126129,4,satellite_51.509845_-0.125459.png,364.4,498.2,False,617.2443600390367
pano_1199,51.509637,-0.126935,1,satellite_51.509845_-0.127175.png,248.5,-178.4,True,305.90653801447263
pano_1199,51.509637,-0.126935,2,satellite_51.509311_-0.127175.png,-389.4,-178.4,False,428.3210478134363
pano_1199,51.509637,-0.126935,3,satellite_51.509845_-0.126317.png,248.5,459.5,False,522.3911369845396
pano_1199,51.509637,-0.126935,4,satellite_51.509311_-0.126317.png,-389.4,459.5,False,602.3060766753064
pano_12,51.508482,-0.128235,1,satellite_51.508242_-0.128034.png,-286.7,149.4,True,323.2912773336144
pano_12,51.508482,-0.128235,2,satellite_51.508776_-0.128034.png,351.2,149.4,False,381.6566519792364
pano_12,51.508482,-0.128235,3,satellite_51.508242_-0.128892.png,-286.7,-488.5,False,566.4178139854007
pano_12,51.508482,-0.128235,4,satellite_51.508776_-0.128892.png,351.2,-488.5,False,601.642493512551
pano_120,51.504815,-0.129329,1,satellite_51.505037_-0.129750.png,265.2,-313.0,True,410.2438786868123
pano_120,51.504815,-0.129329,2,satellite_51.505037_-0.128892.png,265.2,324.9,False,419.3936694801198
pano_120,51.504815,-0.129329,3,satellite_51.504503_-0.129750.png,-372.7,-313.0,False,486.6973289427424
pano_120,51.504815,-0.129329,4,satellite_51.504503_-0.128892.png,-372.7,324.9,False,494.43432324222795
pano_1200,51.509079,-0.126169,1,satellite_51.509311_-0.126317.png,277.1,-110.0,True,298.13488558033595
pano_1200,51.509079,-0.126169,2,satellite_51.508776_-0.126317.png,-362.0,-110.0,False,378.3437590340298
pano_1200,51.509079,-0.126169,3,satellite_51.509311_-0.125459.png,277.1,527.9,False,596.207027801585
pano_1200,51.509079,-0.126169,4,satellite_51.508776_-0.125459.png,-362.0,527.9,False,640.0956256685403
pano_1201,51.508023,-0.126992,1,satellite_51.508242_-0.127175.png,261.6,-136.1,True,294.8860288314792
pano_1201,51.508023,-0.126992,2,satellite_51.507708_-0.127175.png,-376.3,-136.1,False,400.15609454311704
pano_1201,51.508023,-0.126992,3,satellite_51.508242_-0.126317.png,261.6,501.9,False,565.9842488974406
pano_1201,51.508023,-0.126992,4,satellite_51.507708_-0.126317.png,-376.3,501.9,False,627.3000079706679
pano_1202,51.508035,-0.126995,1,satellite_51.508242_-0.127175.png,247.3,-133.8,True,281.1756212760986
pano_1202,51.508035,-0.126995,2,satellite_51.507708_-0.127175.png,-390.6,-133.8,False,412.88109668523214
pano_1202,51.508035,-0.126995,3,satellite_51.508242_-0.126317.png,247.3,504.1,False,561.4927426067055
pano_1202,51.508035,-0.126995,4,satellite_51.507708_-0.126317.png,-390.6,504.1,False,637.7187232628504
pano_1203,51.508055,-0.126996,1,satellite_51.508242_-0.127175.png,223.4,-133.1,True,260.04455387490816
pano_1203,51.508055,-0.126996,2,satellite_51.507708_-0.127175.png,-414.5,-133.1,False,435.34567874276644
pano_1203,51.508055,-0.126996,3,satellite_51.508242_-0.126317.png,223.4,504.8,False,552.0240936770786
pano_1203,51.508055,-0.126996,4,satellite_51.507708_-0.126317.png,-414.5,504.8,False,653.1717155541871
pano_1204,51.507992,-0.126815,1,satellite_51.508242_-0.127175.png,298.6,-267.7,True,401.03023576782834
pano_1204,51.507992,-0.126815,2,satellite_51.507708_-0.127175.png,-339.3,-267.7,False,432.18951861423017
pano_1204,51.507992,-0.126815,3,satellite_51.508242_-0.126317.png,298.6,370.3,False,475.6932309797986
pano_1204,51.507992,-0.126815,4,satellite_51.507708_-0.126317.png,-339.3,370.3,False,502.2415554292576
pano_1205,51.507981,-0.126833,1,satellite_51.508242_-0.127175.png,311.8,-254.3,True,402.35274324900536
pano_1205,51.507981,-0.126833,2,satellite_51.507708_-0.127175.png,-326.1,-254.3,False,413.53319092909584
pano_1205,51.507981,-0.126833,3,satellite_51.508242_-0.126317.png,311.8,383.7,False,494.4137235150335
pano_1205,51.507981,-0.126833,4,satellite_51.507708_-0.126317.png,-326.1,383.7,False,503.55426718477923
pano_1206,51.507974,-0.126855,1,satellite_51.507708_-0.127175.png,-317.8,-237.9,True,396.9801632323711
pano_1206,51.507974,-0.126855,2,satellite_51.508242_-0.127175.png,320.1,-237.9,False,398.8237956792448
pano_1206,51.507974,-0.126855,3,satellite_51.507708_-0.126317.png,-317.8,400.0,False,510.87849827527486
pano_1206,51.507974,-0.126855,4,satellite_51.508242_-0.126317.png,320.1,400.0,False,512.3124144504015
pano_1207,51.507956,-0.126978,1,satellite_51.507708_-0.127175.png,-296.3,-146.5,True,330.53886307059264
pano_1207,51.507956,-0.126978,2,satellite_51.508242_-0.127175.png,341.7,-146.5,False,371.7810377090257
pano_1207,51.507956,-0.126978,3,satellite_51.507708_-0.126317.png,-296.3,491.5,False,573.9041209121956
pano_1207,51.507956,-0.126978,4,satellite_51.508242_-0.126317.png,341.7,491.5,False,598.6076678426363
pano_1208,51.507959,-0.126952,1,satellite_51.507708_-0.127175.png,-299.8,-165.8,True,342.59258602602597
pano_1208,51.507959,-0.126952,2,satellite_51.508242_-0.127175.png,338.1,-165.8,False,376.56506741863353
pano_1208,51.507959,-0.126952,3,satellite_51.507708_-0.126317.png,-299.8,472.1,False,559.2481113066007
pano_1208,51.507959,-0.126952,4,satellite_51.508242_-0.126317.png,338.1,472.1,False,580.6806523382711
pano_1209,51.50799,-0.12696,1,satellite_51.508242_-0.127175.png,301.0,-159.9,True,340.8357522326553
pano_1209,51.50799,-0.12696,2,satellite_51.507708_-0.127175.png,-336.9,-159.9,False,372.92039364990484
pano_1209,51.50799,-0.12696,3,satellite_51.508242_-0.126317.png,301.0,478.1,False,564.9607154484283
pano_1209,51.50799,-0.12696,4,satellite_51.507708_-0.126317.png,-336.9,478.1,False,584.877098200981
pano_121,51.504603,-0.129728,1,satellite_51.504503_-0.129750.png,-119.4,-16.4,True,120.52103550832942
pano_121,51.504603,-0.129728,2,satellite_51.505037_-0.129750.png,518.4,-16.4,False,518.6593487058726
pano_121,51.504603,-0.129728,3,satellite_51.504503_-0.128892.png,-119.4,621.6,False,632.9636008492116
pano_121,51.504603,-0.129728,4,satellite_51.504503_-0.130608.png,-119.4,-654.3,False,665.1051420640198
pano_1210,51.508007,-0.126963,1,satellite_51.508242_-0.127175.png,280.7,-157.6,True,321.9165264474628
pano_1210,51.508007,-0.126963,2,satellite_51.507708_-0.127175.png,-357.2,-157.6,False,390.4223354266505
pano_1210,51.508007,-0.126963,3,satellite_51.508242_-0.126317.png,280.7,480.3,False,556.3097877981296
pano_1210,51.508007,-0.126963,4,satellite_51.507708_-0.126317.png,-357.2,480.3,False,598.5648920543202
pano_1211,51.508056,-0.126981,1,satellite_51.508242_-0.127175.png,222.2,-144.2,True,264.8895618932539
pano_1211,51.508056,-0.126981,2,satellite_51.507708_-0.127175.png,-415.7,-144.2,False,440.0001477272479
pano_1211,51.508056,-0.126981,3,satellite_51.508242_-0.126317.png,222.2,493.7,False,541.398679348223
pano_1211,51.508056,-0.126981,4,satellite_51.507708_-0.126317.png,-415.7,493.7,False,645.4038890493301
pano_1212,51.507845,-0.126771,1,satellite_51.507708_-0.127175.png,-163.7,-300.4,True,342.10795079915925
pano_1212,51.507845,-0.126771,2,satellite_51.507708_-0.126317.png,-163.7,337.6,False,375.1952158543603
pano_1212,51.507845,-0.126771,3,satellite_51.508242_-0.127175.png,474.2,-300.4,False,561.3428542343796
pano_1212,51.507845,-0.126771,4,satellite_51.508242_-0.126317.png,474.2,337.6,False,582.0991324508224
pano_1213,51.508076,-0.131386,1,satellite_51.508242_-0.131467.png,198.3,-60.2,True,207.2364108934528
pano_1213,51.508076,-0.131386,2,satellite_51.507708_-0.131467.png,-439.6,-60.2,False,443.7028284787015
pano_1213,51.508076,-0.131386,3,satellite_51.508242_-0.130608.png,198.3,578.5,False,611.5432445870039
pano_1213,51.508076,-0.131386,4,satellite_51.508242_-0.132325.png,198.3,-698.2,False,725.8141153215471
pano_1214,51.507872,-0.131144,1,satellite_51.507708_-0.131467.png,-195.9,-240.2,True,309.9562065840915
pano_1214,51.507872,-0.131144,2,satellite_51.507708_-0.130608.png,-195.9,398.5,False,444.048488343334
pano_1214,51.507872,-0.131144,3,satellite_51.508242_-0.131467.png,442.0,-240.2,False,503.0507330279919
pano_1214,51.507872,-0.131144,4,satellite_51.508242_-0.130608.png,442.0,398.5,False,595.1186856417802
pano_1215,51.507845,-0.131235,1,satellite_51.507708_-0.131467.png,-163.7,-172.5,True,237.81072305512214
pano_1215,51.507845,-0.131235,2,satellite_51.507708_-0.130608.png,-163.7,466.2,False,494.105383496274
pano_1215,51.507845,-0.131235,3,satellite_51.508242_-0.131467.png,474.2,-172.5,False,504.60072334470544
pano_1215,51.507845,-0.131235,4,satellite_51.508242_-0.130608.png,474.2,466.2,False,664.987278073799
pano_1216,51.507599,-0.131251,1,satellite_51.507708_-0.131467.png,130.2,-160.6,True,206.74718861450086
pano_1216,51.507599,-0.131251,2,satellite_51.507708_-0.130608.png,130.2,478.1,False,495.51150339825614
pano_1216,51.507599,-0.131251,3,satellite_51.507174_-0.131467.png,-507.7,-160.6,False,532.4956807336563
pano_1216,51.507599,-0.131251,4,satellite_51.507174_-0.130608.png,-507.7,478.1,False,697.3800255241041
pano_1217,51.507677,-0.131238,1,satellite_51.507708_-0.131467.png,37.0,-170.3,True,174.27303291100435
pano_1217,51.507677,-0.131238,2,satellite_51.507708_-0.130608.png,37.0,468.4,False,469.85908525854853
pano_1217,51.507677,-0.131238,3,satellite_51.507174_-0.131467.png,-600.9,-170.3,False,624.5661694328312
pano_1217,51.507677,-0.131238,4,satellite_51.508242_-0.131467.png,674.9,-170.3,False,696.0546673933018
pano_1218,51.507618,-0.131189,1,satellite_51.507708_-0.131467.png,107.5,-206.7,True,232.98313243666374
pano_1218,51.507618,-0.131189,2,satellite_51.507708_-0.130608.png,107.5,432.0,False,445.1744040261075
pano_1218,51.507618,-0.131189,3,satellite_51.507174_-0.131467.png,-530.4,-206.7,False,569.2530632328647
pano_1218,51.507618,-0.131189,4,satellite_51.507174_-0.130608.png,-530.4,432.0,False,684.0673651037594
pano_1219,51.506854,-0.128224,1,satellite_51.506640_-0.128034.png,-255.6,141.3,True,292.0565869827284
pano_1219,51.506854,-0.128224,2,satellite_51.507174_-0.128034.png,382.3,141.3,False,407.57696205747453
pano_1219,51.506854,-0.128224,3,satellite_51.506640_-0.128892.png,-255.6,-496.7,False,558.6074202872711
pano_1219,51.506854,-0.128224,4,satellite_51.507174_-0.128892.png,382.3,-496.7,False,626.7887842008662
pano_122,51.505086,-0.130195,1,satellite_51.505037_-0.130608.png,-58.5,-307.1,True,312.622232094904
pano_122,51.505086,-0.130195,2,satellite_51.505037_-0.129750.png,-58.5,330.9,False,336.0313378243166
pano_122,51.505086,-0.130195,3,satellite_51.505571_-0.130608.png,579.3,-307.1,False,655.6667598712016
pano_122,51.505086,-0.130195,4,satellite_51.505571_-0.129750.png,579.3,330.9,False,667.1456362744194
pano_1220,51.506881,-0.128304,1,satellite_51.506640_-0.128034.png,-287.9,200.7,True,350.9514211397355
pano_1220,51.506881,-0.128304,2,satellite_51.507174_-0.128034.png,350.0,200.7,False,403.4606424423577
pano_1220,51.506881,-0.128304,3,satellite_51.506640_-0.128892.png,-287.9,-437.2,False,523.4789871618535
pano_1220,51.506881,-0.128304,4,satellite_51.507174_-0.128892.png,350.0,-437.2,False,560.0391414892356
pano_1221,51.506933,-0.128241,1,satellite_51.507174_-0.128034.png,287.9,153.9,True,326.4530900451089
pano_1221,51.506933,-0.128241,2,satellite_51.506640_-0.128034.png,-350.0,153.9,False,382.34174503969615
pano_1221,51.506933,-0.128241,3,satellite_51.507174_-0.128892.png,287.9,-484.0,False,563.153984270732
pano_1221,51.506933,-0.128241,4,satellite_51.506640_-0.128892.png,-350.0,-484.0,False,597.2905490630168
pano_1222,51.506495,-0.12937,1,satellite_51.506640_-0.129750.png,173.2,-282.5,True,331.3676055380188
pano_1222,51.506495,-0.12937,2,satellite_51.506640_-0.128892.png,173.2,355.4,False,395.357306749224
pano_1222,51.506495,-0.12937,3,satellite_51.506105_-0.129750.png,-465.9,-282.5,False,544.8569169974811
pano_1222,51.506495,-0.12937,4,satellite_51.506105_-0.128892.png,-465.9,355.4,False,585.9794962283237
pano_1223,51.509489,-0.126884,1,satellite_51.509311_-0.127175.png,-212.6,-216.4,True,303.3607093873562
pano_1223,51.509489,-0.126884,2,satellite_51.509311_-0.126317.png,-212.6,421.6,False,472.1708589059685
pano_1223,51.509489,-0.126884,3,satellite_51.509845_-0.127175.png,425.3,-216.4,False,477.18869433380337
pano_1223,51.509489,-0.126884,4,satellite_51.509845_-0.126317.png,425.3,421.6,False,598.8544480923558
pano_1224,51.50948,-0.127201,1,satellite_51.509311_-0.127175.png,-201.9,19.3,True,202.8203638691145
pano_1224,51.50948,-0.127201,2,satellite_51.509845_-0.127175.png,436.0,19.3,False,436.42695837906257
pano_1224,51.50948,-0.127201,3,satellite_51.509311_-0.128034.png,-201.9,-619.3,False,651.3801501427564
pano_1224,51.50948,-0.127201,4,satellite_51.509311_-0.126317.png,-201.9,657.3,False,687.6095549074344
pano_1225,51.509486,-0.126945,1,satellite_51.509311_-0.127175.png,-209.1,-171.0,True,270.1181408199012
pano_1225,51.509486,-0.126945,2,satellite_51.509845_-0.127175.png,428.9,-171.0,False,461.73175112829307
pano_1225,51.509486,-0.126945,3,satellite_51.509311_-0.126317.png,-209.1,466.9,False,511.58422571459334
pano_1225,51.509486,-0.126945,4,satellite_51.509845_-0.126317.png,428.9,466.9,False,633.9959148133369
pano_1226,51.507075,-0.127646,1,satellite_51.507174_-0.128034.png,118.3,-288.5,True,311.8126681198184
pano_1226,51.507075,-0.127646,2,satellite_51.507174_-0.127175.png,118.3,350.2,False,369.6416237384529
pano_1226,51.507075,-0.127646,3,satellite_51.506640_-0.128034.png,-519.6,-288.5,False,594.3201241755154
pano_1226,51.507075,-0.127646,4,satellite_51.506640_-0.127175.png,-519.6,350.2,False,626.5973188579728
pano_1227,51.50588,-0.127089,1,satellite_51.506105_-0.127175.png,268.8,-63.9,True,276.29087932829054
pano_1227,51.50588,-0.127089,2,satellite_51.505571_-0.127175.png,-369.1,-63.9,False,374.590469713259
pano_1227,51.50588,-0.127089,3,satellite_51.506105_-0.126317.png,268.8,574.0,False,633.8212997367633
pano_1227,51.50588,-0.127089,4,satellite_51.505571_-0.126317.png,-369.1,574.0,False,682.4300770042305
pano_1228,51.507064,-0.127842,1,satellite_51.507174_-0.128034.png,131.4,-142.8,True,194.0561774332371
pano_1228,51.507064,-0.127842,2,satellite_51.507174_-0.127175.png,131.4,495.9,False,513.0134208770761
pano_1228,51.507064,-0.127842,3,satellite_51.506640_-0.128034.png,-506.5,-142.8,False,526.2452755132344
pano_1228,51.507064,-0.127842,4,satellite_51.506640_-0.127175.png,-506.5,495.9,False,708.8434665001857
pano_1229,51.507036,-0.127641,1,satellite_51.507174_-0.128034.png,164.8,-292.2,True,335.46964095130875
pano_1229,51.507036,-0.127641,2,satellite_51.507174_-0.127175.png,164.8,346.5,False,383.69426631108263
pano_1229,51.507036,-0.127641,3,satellite_51.506640_-0.128034.png,-473.0,-292.2,False,555.9764743224302
pano_1229,51.507036,-0.127641,4,satellite_51.506640_-0.127175.png,-473.0,346.5,False,586.3371470408472
pano_123,51.505797,-0.130974,1,satellite_51.505571_-0.130608.png,-270.0,272.1,True,383.32546223803087
pano_123,51.505797,-0.130974,2,satellite_51.505571_-0.131467.png,-270.0,-366.6,False,455.2972216036465
pano_123,51.505797,-0.130974,3,satellite_51.506105_-0.130608.png,367.9,272.1,False,457.5902315390922
pano_123,51.505797,-0.130974,4,satellite_51.506105_-0.131467.png,367.9,-366.6,False,519.3707442665595
pano_1230,51.507001,-0.127613,1,satellite_51.507174_-0.128034.png,206.7,-313.0,True,375.09184208670814
pano_1230,51.507001,-0.127613,2,satellite_51.507174_-0.127175.png,206.7,325.7,False,385.7530038768331
pano_1230,51.507001,-0.127613,3,satellite_51.506640_-0.128034.png,-431.2,-313.0,False,532.8249618777259
pano_1230,51.507001,-0.127613,4,satellite_51.506640_-0.127175.png,-431.2,325.7,False,540.3831326013054
pano_1231,51.506948,-0.127582,1,satellite_51.507174_-0.127175.png,270.0,302.6,True,405.5450159969914
pano_1231,51.506948,-0.127582,2,satellite_51.507174_-0.128034.png,270.0,-336.1,False,431.1185567799187
pano_1231,51.506948,-0.127582,3,satellite_51.506640_-0.127175.png,-367.9,302.6,False,476.3582370443488
pano_1231,51.506948,-0.127582,4,satellite_51.506640_-0.128034.png,-367.9,-336.1,False,498.3107664901492
pano_1232,51.50679,-0.1275,1,satellite_51.506640_-0.127175.png,-179.2,241.6,True,300.80425528905005
pano_1232,51.50679,-0.1275,2,satellite_51.506640_-0.128034.png,-179.2,-397.0,False,435.57047650179413
pano_1232,51.50679,-0.1275,3,satellite_51.507174_-0.127175.png,458.7,241.6,False,518.436350963163
pano_1232,51.50679,-0.1275,4,satellite_51.507174_-0.128034.png,458.7,-397.0,False,606.6421432772372
pano_1233,51.506695,-0.127452,1,satellite_51.506640_-0.127175.png,-65.7,206.0,True,216.22324111898794
pano_1233,51.506695,-0.127452,2,satellite_51.506640_-0.128034.png,-65.7,-432.7,False,437.6594338066986
pano_1233,51.506695,-0.127452,3,satellite_51.507174_-0.127175.png,572.2,206.0,False,608.1519875820518
pano_1233,51.506695,-0.127452,4,satellite_51.507174_-0.128034.png,572.2,-432.7,False,717.3856215453444
pano_1234,51.506683,-0.127432,1,satellite_51.506640_-0.127175.png,-51.4,191.1,True,197.8918138781895
pano_1234,51.506683,-0.127432,2,satellite_51.506640_-0.128034.png,-51.4,-447.6,False,450.5415852060718
pano_1234,51.506683,-0.127432,3,satellite_51.507174_-0.127175.png,586.5,191.1,False,616.8480039685627
pano_1234,51.506683,-0.127432,4,satellite_51.506105_-0.127175.png,-690.4,191.1,False,716.3598048466985
pano_1235,51.506675,-0.127423,1,satellite_51.506640_-0.127175.png,-41.8,184.4,True,189.07829066288917
pano_1235,51.506675,-0.127423,2,satellite_51.506640_-0.128034.png,-41.8,-454.3,False,456.2189496283555
pano_1235,51.506675,-0.127423,3,satellite_51.507174_-0.127175.png,596.1,184.4,False,623.9700072920173
pano_1235,51.506675,-0.127423,4,satellite_51.506105_-0.127175.png,-680.9,184.4,False,705.4276504362442
pano_1236,51.506596,-0.127383,1,satellite_51.506640_-0.127175.png,52.6,154.7,True,163.39782740293703
pano_1236,51.506596,-0.127383,2,satellite_51.506640_-0.128034.png,52.6,-484.0,False,486.8498331107858
pano_1236,51.506596,-0.127383,3,satellite_51.506105_-0.127175.png,-586.5,154.7,False,606.5594282508516
pano_1236,51.506596,-0.127383,4,satellite_51.507174_-0.127175.png,690.4,154.7,False,707.5197877091495
pano_1237,51.506587,-0.127381,1,satellite_51.506640_-0.127175.png,63.3,153.2,True,165.7622695307952
pano_1237,51.506587,-0.127381,2,satellite_51.506640_-0.128034.png,63.3,-485.5,False,489.60917066574643
pano_1237,51.506587,-0.127381,3,satellite_51.506105_-0.127175.png,-575.8,153.2,False,595.8320904415941
pano_1237,51.506587,-0.127381,4,satellite_51.507174_-0.127175.png,701.2,153.2,False,717.7406774037543
pano_1238,51.506573,-0.127386,1,satellite_51.506640_-0.127175.png,80.0,156.9,True,176.11817055602185
pano_1238,51.506573,-0.127386,2,satellite_51.506640_-0.128034.png,80.0,-481.8,False,488.39660113477447
pano_1238,51.506573,-0.127386,3,satellite_51.506105_-0.127175.png,-559.0,156.9,False,580.6019376474729
pano_1238,51.506573,-0.127386,4,satellite_51.507174_-0.127175.png,717.9,156.9,False,734.84557561436
pano_1239,51.506563,-0.127387,1,satellite_51.506640_-0.127175.png,92.0,157.6,True,182.48769821552355
pano_1239,51.506563,-0.127387,2,satellite_51.506640_-0.128034.png,92.0,-481.1,False,489.8175272486684
pano_1239,51.506563,-0.127387,3,satellite_51.506105_-0.127175.png,-547.1,157.6,False,569.3471436654443
pano_1239,51.506563,-0.127387,4,satellite_51.506105_-0.128034.png,-547.1,-481.1,False,728.5434921814895
pano_124,51.508457,-0.124499,1,satellite_51.508242_-0.124600.png,-256.8,-75.1,True,267.55606889024216
pano_124,51.508457,-0.124499,2,satellite_51.508776_-0.124600.png,381.1,-75.1,False,388.4291698624088
pano_124,51.508457,-0.124499,3,satellite_51.508242_-0.123742.png,-256.8,562.8,False,618.6194953281055
pano_124,51.508457,-0.124499,4,satellite_51.508776_-0.123742.png,381.1,562.8,False,679.6918787215277
pano_1240,51.506315,-0.127272,1,satellite_51.506105_-0.127175.png,-250.9,72.1,True,261.054055704944
pano_1240,51.506315,-0.127272,2,satellite_51.506640_-0.127175.png,388.2,72.1,False,394.8387645609281
pano_1240,51.506315,-0.127272,3,satellite_51.506105_-0.128034.png,-250.9,-566.6,False,619.6663376366349
pano_1240,51.506315,-0.127272,4,satellite_51.506640_-0.128034.png,388.2,-566.6,False,686.8295276122016
pano_1241,51.506069,-0.127141,1,satellite_51.506105_-0.127175.png,43.0,-25.3,True,49.89078071147013
pano_1241,51.506069,-0.127141,2,satellite_51.505571_-0.127175.png,-594.9,-25.3,False,595.4377381389259
pano_1241,51.506069,-0.127141,3,satellite_51.506105_-0.126317.png,43.0,612.7,False,614.2070416398692
pano_1241,51.506069,-0.127141,4,satellite_51.506105_-0.128034.png,43.0,-664.0,False,665.3908625762756
pano_1242,51.505894,-0.127088,1,satellite_51.506105_-0.127175.png,252.0,-64.7,True,260.1731923161954
pano_1242,51.505894,-0.127088,2,satellite_51.505571_-0.127175.png,-385.8,-64.7,False,391.1875892714389
pano_1242,51.505894,-0.127088,3,satellite_51.506105_-0.126317.png,252.0,573.2,False,626.1487363238866
pano_1242,51.505894,-0.127088,4,satellite_51.505571_-0.126317.png,-385.8,573.2,False,690.9412999669364
pano_1243,51.505883,-0.127066,1,satellite_51.506105_-0.127175.png,265.2,-81.0,True,277.29413985874277
pano_1243,51.505883,-0.127066,2,satellite_51.505571_-0.127175.png,-372.7,-81.0,False,381.40043261643007
pano_1243,51.505883,-0.127066,3,satellite_51.506105_-0.126317.png,265.2,556.9,False,616.8214085130314
pano_1243,51.505883,-0.127066,4,satellite_51.505571_-0.126317.png,-372.7,556.9,False,670.1066333054762
pano_1244,51.505912,-0.127058,1,satellite_51.506105_-0.127175.png,230.5,-87.0,True,246.37217781234958
pano_1244,51.505912,-0.127058,2,satellite_51.505571_-0.127175.png,-407.3,-87.0,False,416.4880430456558
pano_1244,51.505912,-0.127058,3,satellite_51.506105_-0.126317.png,230.5,550.9,False,597.177578279694
pano_1244,51.505912,-0.127058,4,satellite_51.505571_-0.126317.png,-407.3,550.9,False,685.11612154437
pano_1245,51.506051,-0.12712,1,satellite_51.506105_-0.127175.png,64.5,-40.9,True,76.37447217493552
pano_1245,51.506051,-0.12712,2,satellite_51.505571_-0.127175.png,-573.4,-40.9,False,574.856825653136
pano_1245,51.506051,-0.12712,3,satellite_51.506105_-0.126317.png,64.5,597.0,False,600.4741876217495
pano_1245,51.506051,-0.12712,4,satellite_51.506105_-0.128034.png,64.5,-679.6,False,682.6539460077852
pano_1246,51.506098,-0.127139,1,satellite_51.506105_-0.127175.png,8.4,-26.8,True,28.085583490467133
pano_1246,51.506098,-0.127139,2,satellite_51.506105_-0.126317.png,8.4,611.2,False,611.2577197876523
pano_1246,51.506098,-0.127139,3,satellite_51.505571_-0.127175.png,-629.5,-26.8,False,630.0702262446623
pano_1246,51.506098,-0.127139,4,satellite_51.506640_-0.127175.png,647.4,-26.8,False,647.9544737093803
pano_1247,51.506205,-0.127187,1,satellite_51.506105_-0.127175.png,-119.5,8.9,True,119.83096427885407
pano_1247,51.506205,-0.127187,2,satellite_51.506640_-0.127175.png,519.6,8.9,False,519.6762165040844
pano_1247,51.506205,-0.127187,3,satellite_51.506105_-0.128034.png,-119.5,-629.8,False,641.0368866141791
pano_1247,51.506205,-0.127187,4,satellite_51.506105_-0.126317.png,-119.5,646.9,False,657.844860130411
pano_1248,51.50632,-0.127243,1,satellite_51.506105_-0.127175.png,-256.8,50.6,True,261.737654914229
pano_1248,51.50632,-0.127243,2,satellite_51.506640_-0.127175.png,382.3,50.6,False,385.6340882235387
pano_1248,51.50632,-0.127243,3,satellite_51.506105_-0.128034.png,-256.8,-588.1,False,641.7225646648246
pano_1248,51.50632,-0.127243,4,satellite_51.506640_-0.128034.png,382.3,-588.1,False,701.437737792885
pano_1249,51.506426,-0.127289,1,satellite_51.506640_-0.127175.png,255.6,84.8,True,269.2998329000595
pano_1249,51.506426,-0.127289,2,satellite_51.506105_-0.127175.png,-383.4,84.8,False,392.6660158455274
pano_1249,51.506426,-0.127289,3,satellite_51.506640_-0.128034.png,255.6,-553.9,False,610.0299746733762
pano_1249,51.506426,-0.127289,4,satellite_51.506105_-0.128034.png,-383.4,-553.9,False,673.6473632398482
pano_125,51.508749,-0.124046,1,satellite_51.508776_-0.123742.png,32.3,226.0,True,228.2964958119156
pano_125,51.508749,-0.124046,2,satellite_51.508776_-0.124600.png,32.3,-411.9,False,413.16449508640017
pano_125,51.508749,-0.124046,3,satellite_51.508242_-0.123742.png,-605.7,226.0,False,646.4893579943912
pano_125,51.508749,-0.124046,4,satellite_51.509311_-0.123742.png,671.4,226.0,False,708.4165159000742
pano_1250,51.506538,-0.127348,1,satellite_51.506640_-0.127175.png,121.8,128.6,True,177.12481474937383
pano_1250,51.506538,-0.127348,2,satellite_51.506640_-0.128034.png,121.8,-510.1,False,524.4399393638894
pano_1250,51.506538,-0.127348,3,satellite_51.506105_-0.127175.png,-517.2,128.6,False,532.9482151203812
pano_1250,51.506538,-0.127348,4,satellite_51.506105_-0.128034.png,-517.2,-510.1,False,726.4281451045244
pano_1251,51.506618,-0.127383,1,satellite_51.506640_-0.127175.png,26.3,154.7,True,156.91966097337834
pano_1251,51.506618,-0.127383,2,satellite_51.506640_-0.128034.png,26.3,-484.0,False,484.7140290934439
pano_1251,51.506618,-0.127383,3,satellite_51.506105_-0.127175.png,-612.8,154.7,False,632.0252605711262
pano_1251,51.506618,-0.127383,4,satellite_51.507174_-0.127175.png,664.2,154.7,False,681.9778075568149
pano_1252,51.506701,-0.127423,1,satellite_51.506640_-0.127175.png,-72.9,184.4,True,198.28708984701956
pano_1252,51.506701,-0.127423,2,satellite_51.506640_-0.128034.png,-72.9,-454.3,False,460.1118342316355
pano_1252,51.506701,-0.127423,3,satellite_51.507174_-0.127175.png,565.0,184.4,False,594.3301775949124
pano_1252,51.506701,-0.127423,4,satellite_51.507174_-0.128034.png,565.0,-454.3,False,724.9920620255093
pano_1253,51.506781,-0.127465,1,satellite_51.506640_-0.127175.png,-168.4,215.6,True,273.57251323917757
pano_1253,51.506781,-0.127465,2,satellite_51.506640_-0.128034.png,-168.4,-423.1,False,455.38134568732613
pano_1253,51.506781,-0.127465,3,satellite_51.507174_-0.127175.png,469.5,215.6,False,516.6368260199808
pano_1253,51.506781,-0.127465,4,satellite_51.507174_-0.128034.png,469.5,-423.1,False,632.0157118300145
pano_1254,51.506916,-0.12753,1,satellite_51.507174_-0.127175.png,308.2,263.9,True,405.74678064033975
pano_1254,51.506916,-0.12753,2,satellite_51.506640_-0.127175.png,-329.7,263.9,False,422.3094836728155
pano_1254,51.506916,-0.12753,3,satellite_51.507174_-0.128034.png,308.2,-374.7,False,485.1673216530561
pano_1254,51.506916,-0.12753,4,satellite_51.506640_-0.128034.png,-329.7,-374.7,False,499.1013724685597
pano_1255,51.506994,-0.127569,1,satellite_51.507174_-0.127175.png,215.0,292.9,True,363.33924918731253
pano_1255,51.506994,-0.127569,2,satellite_51.507174_-0.128034.png,215.0,-345.7,False,407.10378283676016
pano_1255,51.506994,-0.127569,3,satellite_51.506640_-0.127175.png,-422.9,292.9,False,514.4266905983786
pano_1255,51.506994,-0.127569,4,satellite_51.506640_-0.128034.png,-422.9,-345.7,False,546.2168983105521
pano_1256,51.507023,-0.127585,1,satellite_51.507174_-0.127175.png,180.4,304.8,True,354.1852622569155
pano_1256,51.507023,-0.127585,2,satellite_51.507174_-0.128034.png,180.4,-333.8,False,379.42930830393163
pano_1256,51.507023,-0.127585,3,satellite_51.506640_-0.127175.png,-457.5,304.8,False,549.7356546559446
pano_1256,51.507023,-0.127585,4,satellite_51.506640_-0.128034.png,-457.5,-333.8,False,566.329135750581
pano_1257,51.507044,-0.127603,1,satellite_51.507174_-0.127175.png,155.3,318.2,True,354.07531684657147
pano_1257,51.507044,-0.127603,2,satellite_51.507174_-0.128034.png,155.3,-320.5,False,356.1437069498772
pano_1257,51.507044,-0.127603,3,satellite_51.506640_-0.127175.png,-482.6,318.2,False,578.0605504616277
pano_1257,51.507044,-0.127603,4,satellite_51.506640_-0.128034.png,-482.6,-320.5,False,579.3297938135065
pano_1258,51.507063,-0.127627,1,satellite_51.507174_-0.128034.png,132.6,-302.6,True,330.37784429346954
pano_1258,51.507063,-0.127627,2,satellite_51.507174_-0.127175.png,132.6,336.1,False,361.3114584399449
pano_1258,51.507063,-0.127627,3,satellite_51.506640_-0.128034.png,-505.3,-302.6,False,588.9778009398996
pano_1258,51.507063,-0.127627,4,satellite_51.506640_-0.127175.png,-505.3,336.1,False,606.8700849440513
pano_1259,51.507088,-0.127675,1,satellite_51.507174_-0.128034.png,102.7,-266.9,True,285.97709698505577
pano_1259,51.507088,-0.127675,2,satellite_51.507174_-0.127175.png,102.7,371.8,False,385.72338534239793
pano_1259,51.507088,-0.127675,3,satellite_51.506640_-0.128034.png,-535.2,-266.9,False,598.0590689890089
pano_1259,51.507088,-0.127675,4,satellite_51.506640_-0.127175.png,-535.2,371.8,False,651.6703768010328
pano_126,51.508896,-0.124258,1,satellite_51.508776_-0.124600.png,-143.4,-254.3,True,291.9452859698201
pano_126,51.508896,-0.124258,2,satellite_51.508776_-0.123742.png,-143.4,383.7,False,409.6208612851645
pano_126,51.508896,-0.124258,3,satellite_51.509311_-0.124600.png,495.8,-254.3,False,557.2128228962431
pano_126,51.508896,-0.124258,4,satellite_51.509311_-0.123742.png,495.8,383.7,False,626.9316788933224
pano_1260,51.507102,-0.127734,1,satellite_51.507174_-0.128034.png,86.0,-223.1,True,239.1016729343398
pano_1260,51.507102,-0.127734,2,satellite_51.507174_-0.127175.png,86.0,415.6,False,424.40471250918034
pano_1260,51.507102,-0.127734,3,satellite_51.506640_-0.128034.png,-551.9,-223.1,False,595.2875103678894
pano_1260,51.507102,-0.127734,4,satellite_51.506640_-0.127175.png,-551.9,415.6,False,690.8812995008622
pano_1261,51.507104,-0.127763,1,satellite_51.507174_-0.128034.png,83.6,-201.5,True,218.15409691316825
pano_1261,51.507104,-0.127763,2,satellite_51.507174_-0.127175.png,83.6,437.2,False,445.12110711580505
pano_1261,51.507104,-0.127763,3,satellite_51.506640_-0.128034.png,-554.3,-201.5,False,589.7887248837502
pano_1261,51.507104,-0.127763,4,satellite_51.506640_-0.127175.png,-554.3,437.2,False,705.969071560504
pano_1262,51.507104,-0.127786,1,satellite_51.507174_-0.128034.png,83.6,-184.4,True,202.46560201673765
pano_1262,51.507104,-0.127786,2,satellite_51.507174_-0.127175.png,83.6,454.3,False,461.9279705755
pano_1262,51.507104,-0.127786,3,satellite_51.506640_-0.128034.png,-554.3,-184.4,False,584.1676557290723
pano_1262,51.507104,-0.127786,4,satellite_51.506640_-0.127175.png,-554.3,454.3,False,716.6847145014326
pano_1263,51.507101,-0.127817,1,satellite_51.507174_-0.128034.png,87.2,-161.3,True,183.3617462831329
pano_1263,51.507101,-0.127817,2,satellite_51.507174_-0.127175.png,87.2,477.3,False,485.20009274525086
pano_1263,51.507101,-0.127817,3,satellite_51.506640_-0.128034.png,-550.7,-161.3,False,573.8363704053622
pano_1263,51.507101,-0.127817,4,satellite_51.506640_-0.127175.png,-550.7,477.3,False,728.756324157808
pano_1264,51.507097,-0.127848,1,satellite_51.507174_-0.128034.png,92.0,-138.3,True,166.10505711747612
pano_1264,51.507097,-0.127848,2,satellite_51.507174_-0.127175.png,92.0,500.4,False,508.7869495181652
pano_1264,51.507097,-0.127848,3,satellite_51.506640_-0.128034.png,-545.9,-138.3,False,563.1462509863668
pano_1264,51.507097,-0.127848,4,satellite_51.506640_-0.127175.png,-545.9,500.4,False,740.5450492711433
pano_1265,51.507085,-0.127883,1,satellite_51.507174_-0.128034.png,106.3,-112.3,True,154.6317561175582
pano_1265,51.507085,-0.127883,2,satellite_51.507174_-0.127175.png,106.3,526.4,False,537.0257442618556
pano_1265,51.507085,-0.127883,3,satellite_51.506640_-0.128034.png,-531.6,-112.3,False,543.3321728003966
pano_1265,51.507085,-0.127883,4,satellite_51.506640_-0.127175.png,-531.6,526.4,False,748.1280104367166
pano_1266,51.507072,-0.127908,1,satellite_51.507174_-0.128034.png,121.8,-93.7,True,153.67150028551163
pano_1266,51.507072,-0.127908,2,satellite_51.506640_-0.128034.png,-516.0,-93.7,False,524.4384520608686
pano_1266,51.507072,-0.127908,3,satellite_51.507174_-0.127175.png,121.8,545.0,False,558.444482468938
pano_1266,51.507072,-0.127908,4,satellite_51.507174_-0.128892.png,121.8,-731.6,False,741.6696029904422
pano_1267,51.507024,-0.128,1,satellite_51.507174_-0.128034.png,179.2,-25.3,True,180.97715325421603
pano_1267,51.507024,-0.128,2,satellite_51.506640_-0.128034.png,-458.7,-25.3,False,459.39719198096975
pano_1267,51.507024,-0.128,3,satellite_51.507174_-0.127175.png,179.2,613.4,False,639.0400613420101
pano_1267,51.507024,-0.128,4,satellite_51.507174_-0.128892.png,179.2,-663.2,False,686.9839008302888
pano_1268,51.506977,-0.128067,1,satellite_51.507174_-0.128034.png,235.3,24.5,True,236.5720609032267
pano_1268,51.506977,-0.128067,2,satellite_51.506640_-0.128034.png,-402.6,24.5,False,403.3447780745401
pano_1268,51.506977,-0.128067,3,satellite_51.507174_-0.128892.png,235.3,-613.4,False,656.982229592247
pano_1268,51.506977,-0.128067,4,satellite_51.507174_-0.127175.png,235.3,663.2,False,703.7047179037527
pano_1269,51.506967,-0.128076,1,satellite_51.507174_-0.128034.png,247.3,31.2,True,249.2603658827452
pano_1269,51.506967,-0.128076,2,satellite_51.506640_-0.128034.png,-390.6,31.2,False,391.84410165268537
pano_1269,51.506967,-0.128076,3,satellite_51.507174_-0.128892.png,247.3,-606.7,False,655.1657652838708
pano_1269,51.506967,-0.128076,4,satellite_51.507174_-0.127175.png,247.3,669.9,False,714.0891400938681
pano_127,51.506939,-0.129182,1,satellite_51.507174_-0.128892.png,280.7,215.6,True,353.9432864174711
pano_127,51.506939,-0.129182,2,satellite_51.506640_-0.128892.png,-357.2,215.6,False,417.22320165590025
pano_127,51.506939,-0.129182,3,satellite_51.507174_-0.129750.png,280.7,-422.3,False,507.0796584364236
pano_127,51.506939,-0.129182,4,satellite_51.506640_-0.129750.png,-357.2,-422.3,False,553.1086059717386
pano_1270,51.506954,-0.128078,1,satellite_51.507174_-0.128034.png,262.8,32.7,True,264.82660364850057
pano_1270,51.506954,-0.128078,2,satellite_51.506640_-0.128034.png,-375.1,32.7,False,376.52264208145573
pano_1270,51.506954,-0.128078,3,satellite_51.507174_-0.128892.png,262.8,-605.2,False,659.7960897125718
pano_1270,51.506954,-0.128078,4,satellite_51.506640_-0.128892.png,-375.1,-605.2,False,712.0161866137596
pano_1271,51.506938,-0.128076,1,satellite_51.507174_-0.128034.png,281.9,31.2,True,283.6213144317613
pano_1271,51.506938,-0.128076,2,satellite_51.506640_-0.128034.png,-356.0,31.2,False,357.3645757486324
pano_1271,51.506938,-0.128076,3,satellite_51.507174_-0.128892.png,281.9,-606.7,False,668.9936472045157
pano_1271,51.506938,-0.128076,4,satellite_51.506640_-0.128892.png,-356.0,-606.7,False,703.4350645226608
pano_1272,51.506922,-0.128074,1,satellite_51.507174_-0.128034.png,301.0,29.7,True,302.4617165857524
pano_1272,51.506922,-0.128074,2,satellite_51.506640_-0.128034.png,-336.9,29.7,False,338.20659366724357
pano_1272,51.506922,-0.128074,3,satellite_51.507174_-0.128892.png,301.0,-608.2,False,678.6075743756476
pano_1272,51.506922,-0.128074,4,satellite_51.506640_-0.128892.png,-336.9,-608.2,False,695.2760962380341
pano_1273,51.506913,-0.128067,1,satellite_51.507174_-0.128034.png,311.8,24.5,True,312.76107494379795
pano_1273,51.506913,-0.128067,2,satellite_51.506640_-0.128034.png,-326.1,24.5,False,327.01905143278736
pano_1273,51.506913,-0.128067,3,satellite_51.507174_-0.128892.png,311.8,-613.4,False,688.0979581425888
pano_1273,51.506913,-0.128067,4,satellite_51.506640_-0.128892.png,-326.1,-613.4,False,694.6947315188161
pano_1274,51.506906,-0.128057,1,satellite_51.506640_-0.128034.png,-317.8,17.1,True,318.25972098272194
pano_1274,51.506906,-0.128057,2,satellite_51.507174_-0.128034.png,320.1,17.1,False,320.5564224906436
pano_1274,51.506906,-0.128057,3,satellite_51.506640_-0.128892.png,-317.8,-620.8,False,697.4162888834759
pano_1274,51.506906,-0.128057,4,satellite_51.507174_-0.128892.png,320.1,-620.8,False,698.467357862914
pano_1275,51.506897,-0.128034,1,satellite_51.506640_-0.128034.png,-307.0,0.0,True,307.0
pano_1275,51.506897,-0.128034,2,satellite_51.507174_-0.128034.png,330.9,0.0,False,330.9
pano_1275,51.506897,-0.128034,3,satellite_51.506640_-0.128892.png,-307.0,-637.9,False,707.9303708699041
pano_1275,51.506897,-0.128034,4,satellite_51.506640_-0.127175.png,-307.0,638.7,False,708.6513176450038
pano_1276,51.50689,-0.128028,1,satellite_51.506640_-0.128034.png,-298.6,-4.5,True,298.63390631339905
pano_1276,51.50689,-0.128028,2,satellite_51.507174_-0.128034.png,339.3,-4.5,False,339.3298395366962
pano_1276,51.50689,-0.128028,3,satellite_51.506640_-0.127175.png,-298.6,634.2,False,700.9790296435408
pano_1276,51.50689,-0.128028,4,satellite_51.506640_-0.128892.png,-298.6,-642.4,False,708.4064652443539
pano_1277,51.506822,-0.127989,1,satellite_51.506640_-0.128034.png,-217.4,-33.5,True,219.96592917995278
pano_1277,51.506822,-0.127989,2,satellite_51.507174_-0.128034.png,420.5,-33.5,False,421.8323126551592
pano_1277,51.506822,-0.127989,3,satellite_51.506640_-0.127175.png,-217.4,605.2,False,643.0628274126876
pano_1277,51.506822,-0.127989,4,satellite_51.506640_-0.128892.png,-217.4,-671.4,False,705.720001133594
pano_1278,51.506825,-0.127976,1,satellite_51.506640_-0.128034.png,-221.0,-43.1,True,225.16351835943584
pano_1278,51.506825,-0.127976,2,satellite_51.507174_-0.128034.png,416.9,-43.1,False,419.1219631563108
pano_1278,51.506825,-0.127976,3,satellite_51.506640_-0.127175.png,-221.0,595.6,False,635.2797494017891
pano_1278,51.506825,-0.127976,4,satellite_51.506640_-0.128892.png,-221.0,-681.1,False,716.0574069165125
pano_1279,51.506859,-0.128014,1,satellite_51.506640_-0.128034.png,-261.6,-14.9,True,262.0239874515309
pano_1279,51.506859,-0.128014,2,satellite_51.507174_-0.128034.png,376.3,-14.9,False,376.5948751642805
pano_1279,51.506859,-0.128014,3,satellite_51.506640_-0.127175.png,-261.6,623.8,False,676.4325539179792
pano_1279,51.506859,-0.128014,4,satellite_51.506640_-0.128892.png,-261.6,-652.8,False,703.2655259573015
pano_128,51.506879,-0.129358,1,satellite_51.506640_-0.129750.png,-285.5,-291.5,True,408.0226709387605
pano_128,51.506879,-0.129358,2,satellite_51.506640_-0.128892.png,-285.5,346.5,False,448.96826168449815
pano_128,51.506879,-0.129358,3,satellite_51.507174_-0.129750.png,352.4,-291.5,False,457.33796037503816
pano_128,51.506879,-0.129358,4,satellite_51.507174_-0.128892.png,352.4,346.5,False,494.2145384344738
pano_1280,51.506353,-0.127783,1,satellite_51.506105_-0.128034.png,-296.2,-186.6,True,350.0771343575584
pano_1280,51.506353,-0.127783,2,satellite_51.506640_-0.128034.png,342.8,-186.6,False,390.29655391765885
pano_1280,51.506353,-0.127783,3,satellite_51.506105_-0.127175.png,-296.2,452.1,False,540.4894541061833
pano_1280,51.506353,-0.127783,4,satellite_51.506640_-0.127175.png,342.8,452.1,False,567.367826017655
pano_1281,51.506823,-0.127982,1,satellite_51.506640_-0.128034.png,-218.6,-38.7,True,221.99921171031215
pano_1281,51.506823,-0.127982,2,satellite_51.507174_-0.128034.png,419.3,-38.7,False,421.0821535045151
pano_1281,51.506823,-0.127982,3,satellite_51.506640_-0.127175.png,-218.6,600.0,False,638.5812086179799
pano_1281,51.506823,-0.127982,4,satellite_51.506640_-0.128892.png,-218.6,-676.6,False,711.0369329366795
pano_1282,51.506789,-0.127968,1,satellite_51.506640_-0.128034.png,-178.0,-49.1,True,184.64779987857966
pano_1282,51.506789,-0.127968,2,satellite_51.507174_-0.128034.png,459.9,-49.1,False,462.51358898955607
pano_1282,51.506789,-0.127968,3,satellite_51.506640_-0.127175.png,-178.0,589.6,False,615.8832356867656
pano_1282,51.506789,-0.127968,4,satellite_51.506640_-0.128892.png,-178.0,-687.0,False,709.6851414535886
pano_1283,51.508956,-0.1271,1,satellite_51.508776_-0.127175.png,-215.0,-55.8,True,222.1230289726844
pano_1283,51.508956,-0.1271,2,satellite_51.509311_-0.127175.png,424.1,-55.8,False,427.7551285490333
pano_1283,51.508956,-0.1271,3,satellite_51.508776_-0.126317.png,-215.0,582.2,False,620.630195849348
pano_1283,51.508956,-0.1271,4,satellite_51.509311_-0.126317.png,424.1,582.2,False,720.2899763289782
pano_1284,51.508719,-0.12712,1,satellite_51.508776_-0.127175.png,68.1,-40.9,True,79.43815204295728
pano_1284,51.508719,-0.12712,2,satellite_51.508242_-0.127175.png,-569.8,-40.9,False,571.2660063403038
pano_1284,51.508719,-0.12712,3,satellite_51.508776_-0.126317.png,68.1,597.0,False,600.8715420121009
pano_1284,51.508719,-0.12712,4,satellite_51.508776_-0.128034.png,68.1,-679.6,False,683.0034919383648
pano_1285,51.508766,-0.127116,1,satellite_51.508776_-0.127175.png,11.9,-43.9,True,45.48428299973519
pano_1285,51.508766,-0.127116,2,satellite_51.508776_-0.126317.png,11.9,594.1,False,594.2191683209151
pano_1285,51.508766,-0.127116,3,satellite_51.508242_-0.127175.png,-626.0,-43.9,False,627.5374172111174
pano_1285,51.508766,-0.127116,4,satellite_51.509311_-0.127175.png,651.1,-43.9,False,652.5782864913604
pano_1286,51.507124,-0.128089,1,satellite_51.507174_-0.128034.png,59.7,40.9,True,72.36642868070803
pano_1286,51.507124,-0.128089,2,satellite_51.506640_-0.128034.png,-578.2,40.9,False,579.6447619016324
pano_1286,51.507124,-0.128089,3,satellite_51.507174_-0.128892.png,59.7,-597.0,False,599.9775745809171
pano_1286,51.507124,-0.128089,4,satellite_51.507174_-0.127175.png,59.7,679.6,False,682.2171575092494
pano_1287,51.505684,-0.131252,1,satellite_51.505571_-0.131467.png,-135.0,-159.9,True,209.2677949422701
pano_1287,51.505684,-0.131252,2,satellite_51.505571_-0.130608.png,-135.0,478.8,False,497.46802912348045
pano_1287,51.505684,-0.131252,3,satellite_51.506105_-0.131467.png,502.9,-159.9,False,527.7086506776253
pano_1287,51.505684,-0.131252,4,satellite_51.506105_-0.130608.png,502.9,478.8,False,694.3758708365376
pano_1288,51.508882,-0.131908,1,satellite_51.508776_-0.132325.png,-126.6,-310.0,True,334.85453558224356
pano_1288,51.508882,-0.131908,2,satellite_51.508776_-0.131467.png,-126.6,327.9,False,351.4910667428121
pano_1288,51.508882,-0.131908,3,satellite_51.509311_-0.132325.png,512.5,-310.0,False,598.9626449120178
pano_1288,51.508882,-0.131908,4,satellite_51.509311_-0.131467.png,512.5,327.9,False,608.4198057262764
pano_1289,51.508429,-0.124976,1,satellite_51.508242_-0.124600.png,-223.4,279.6,True,357.887859531446
pano_1289,51.508429,-0.124976,2,satellite_51.508242_-0.125459.png,-223.4,-359.1,False,422.91886928818866
pano_1289,51.508429,-0.124976,3,satellite_51.508776_-0.124600.png,414.5,279.6,False,499.9864098153069
pano_1289,51.508429,-0.124976,4,satellite_51.508776_-0.125459.png,414.5,-359.1,False,548.4186904181877
pano_129,51.506442,-0.127361,1,satellite_51.506640_-0.127175.png,236.5,138.3,True,273.9692318491257
pano_129,51.506442,-0.127361,2,satellite_51.506105_-0.127175.png,-402.6,138.3,False,425.6919660975528
pano_129,51.506442,-0.127361,3,satellite_51.506640_-0.128034.png,236.5,-500.4,False,553.4730436073648
pano_129,51.506442,-0.127361,4,satellite_51.506105_-0.128034.png,-402.6,-500.4,False,642.251446086344
pano_1290,51.508057,-0.124282,1,satellite_51.508242_-0.124600.png,221.0,-236.4,True,323.6139057580808
pano_1290,51.508057,-0.124282,2,satellite_51.508242_-0.123742.png,221.0,401.5,False,458.30475668489413
pano_1290,51.508057,-0.124282,3,satellite_51.507708_-0.124600.png,-416.9,-236.4,False,479.2604406791781
pano_1290,51.508057,-0.124282,4,satellite_51.507708_-0.123742.png,-416.9,401.5,False,578.7986351055089
pano_1291,51.508432,-0.124982,1,satellite_51.508242_-0.124600.png,-227.0,284.0,True,363.572551219148
pano_1291,51.508432,-0.124982,2,satellite_51.508242_-0.125459.png,-227.0,-354.7,False,421.11885495664995
pano_1291,51.508432,-0.124982,3,satellite_51.508776_-0.124600.png,410.9,284.0,False,499.49455452487166
pano_1291,51.508432,-0.124982,4,satellite_51.508776_-0.125459.png,410.9,-354.7,False,542.8175568273376
pano_1292,51.508335,-0.125119,1,satellite_51.508242_-0.125459.png,-111.1,-252.8,True,276.13592667380317
pano_1292,51.508335,-0.125119,2,satellite_51.508242_-0.124600.png,-111.1,385.9,False,401.57442647658723
pano_1292,51.508335,-0.125119,3,satellite_51.508776_-0.125459.png,526.8,-252.8,False,584.3167634083417
pano_1292,51.508335,-0.125119,4,satellite_51.508776_-0.124600.png,526.8,385.9,False,653.0214774415922
pano_1293,51.508143,-0.125393,1,satellite_51.508242_-0.125459.png,118.3,-49.1,True,128.08473757634044
pano_1293,51.508143,-0.125393,2,satellite_51.507708_-0.125459.png,-519.6,-49.1,False,521.91471525528
pano_1293,51.508143,-0.125393,3,satellite_51.508242_-0.124600.png,118.3,589.6,False,601.351020619405
pano_1293,51.508143,-0.125393,4,satellite_51.508242_-0.126317.png,118.3,-687.0,False,697.1111030531647
pano_1294,51.507425,-0.127021,1,satellite_51.507174_-0.127175.png,-299.8,-114.5,True,320.92100274054985
pano_1294,51.507425,-0.127021,2,satellite_51.507708_-0.127175.png,338.1,-114.5,False,356.961986771701
pano_1294,51.507425,-0.127021,3,satellite_51.507174_-0.126317.png,-299.8,523.4,False,603.1812331298115
pano_1294,51.507425,-0.127021,4,satellite_51.507708_-0.126317.png,338.1,523.4,False,623.1044615471791
pano_1295,51.507551,-0.127088,1,satellite_51.507708_-0.127175.png,187.5,-64.7,True,198.34903579296775
pano_1295,51.507551,-0.127088,2,satellite_51.507174_-0.127175.png,-450.4,-64.7,False,455.02335104915215
pano_1295,51.507551,-0.127088,3,satellite_51.507708_-0.126317.png,187.5,573.2,False,603.0874646351059
pano_1295,51.507551,-0.127088,4,satellite_51.507708_-0.128034.png,187.5,-703.4,False,727.9614069440769
pano_1296,51.507301,-0.126848,1,satellite_51.507174_-0.127175.png,-151.7,-243.1,True,286.54929767842737
pano_1296,51.507301,-0.126848,2,satellite_51.507174_-0.126317.png,-151.7,394.8,False,422.9419936587049
pano_1296,51.507301,-0.126848,3,satellite_51.507708_-0.127175.png,486.2,-243.1,False,543.5881253301989
pano_1296,51.507301,-0.126848,4,satellite_51.507708_-0.126317.png,486.2,394.8,False,626.3046223683807
pano_1297,51.507328,-0.127106,1,satellite_51.507174_-0.127175.png,-184.0,-51.3,True,191.01751228617758
pano_1297,51.507328,-0.127106,2,satellite_51.507708_-0.127175.png,453.9,-51.3,False,456.7897765931282
pano_1297,51.507328,-0.127106,3,satellite_51.507174_-0.126317.png,-184.0,586.6,False,614.7809040625774
pano_1297,51.507328,-0.127106,4,satellite_51.507174_-0.128034.png,-184.0,-690.0,False,714.112036027961
pano_1298,51.507134,-0.127393,1,satellite_51.507174_-0.127175.png,47.8,162.1,True,169.00073964335186
pano_1298,51.507134,-0.127393,2,satellite_51.507174_-0.128034.png,47.8,-476.6,False,478.9910228803876
pano_1298,51.507134,-0.127393,3,satellite_51.506640_-0.127175.png,-590.1,162.1,False,611.9594921234575
pano_1298,51.507134,-0.127393,4,satellite_51.507708_-0.127175.png,685.7,162.1,False,704.5998154981309
pano_1299,51.50722,-0.127938,1,satellite_51.507174_-0.128034.png,-54.9,-71.4,True,90.06647545008076
pano_1299,51.50722,-0.127938,2,satellite_51.507174_-0.127175.png,-54.9,567.3,False,569.9502609877461
pano_1299,51.50722,-0.127938,3,satellite_51.507708_-0.128034.png,582.9,-71.4,False,587.2566474719549
pano_1299,51.50722,-0.127938,4,satellite_51.506640_-0.128034.png,-692.8,-71.4,False,696.4695255357552
pano_13,51.509323,-0.123967,1,satellite_51.509311_-0.123742.png,-14.3,167.3,True,167.91003543564634
pano_13,51.509323,-0.123967,2,satellite_51.509311_-0.124600.png,-14.3,-470.6,False,470.8172150633407
pano_13,51.509323,-0.123967,3,satellite_51.509845_-0.123742.png,623.6,167.3,False,645.6518024446304
pano_13,51.509323,-0.123967,4,satellite_51.508776_-0.123742.png,-653.5,167.3,False,674.5750810695574
pano_130,51.506104,-0.125419,1,satellite_51.506105_-0.125459.png,1.2,-29.7,True,29.724232538452526
pano_130,51.506104,-0.125419,2,satellite_51.506105_-0.124600.png,1.2,608.9,False,608.9011824590259
pano_130,51.506104,-0.125419,3,satellite_51.505571_-0.125459.png,-636.7,-29.7,False,637.3923281621768
pano_130,51.506104,-0.125419,4,satellite_51.506640_-0.125459.png,640.3,-29.7,False,640.9884398333561
pano_1300,51.507786,-0.126816,1,satellite_51.507708_-0.127175.png,-93.2,-266.9,True,282.7045277316937
pano_1300,51.507786,-0.126816,2,satellite_51.507708_-0.126317.png,-93.2,371.0,False,382.52743692446427
pano_1300,51.507786,-0.126816,3,satellite_51.508242_-0.127175.png,544.7,-266.9,False,606.5753869058652
pano_1300,51.507786,-0.126816,4,satellite_51.508242_-0.126317.png,544.7,371.0,False,659.0440728813211
pano_1301,51.50743,-0.128854,1,satellite_51.507174_-0.128892.png,-305.8,-28.3,True,307.1067078394739
pano_1301,51.50743,-0.128854,2,satellite_51.507708_-0.128892.png,332.1,-28.3,False,333.30361534192815
pano_1301,51.50743,-0.128854,3,satellite_51.507174_-0.128034.png,-305.8,609.7,False,682.0907051118642
pano_1301,51.50743,-0.128854,4,satellite_51.507708_-0.128034.png,332.1,609.7,False,694.2798427147371
pano_1302,51.507406,-0.12886,1,satellite_51.507174_-0.128892.png,-277.1,-23.8,True,278.1202078238833
pano_1302,51.507406,-0.12886,2,satellite_51.507708_-0.128892.png,360.8,-23.8,False,361.58412575775503
pano_1302,51.507406,-0.12886,3,satellite_51.507174_-0.128034.png,-277.1,614.1,False,673.7234002170327
pano_1302,51.507406,-0.12886,4,satellite_51.507708_-0.128034.png,360.8,614.1,False,712.2467620144018
pano_1303,51.507304,-0.128262,1,satellite_51.507174_-0.128034.png,-155.3,169.5,True,229.88766822080737
pano_1303,51.507304,-0.128262,2,satellite_51.507174_-0.128892.png,-155.3,-468.4,False,493.4740621349819
pano_1303,51.507304,-0.128262,3,satellite_51.507708_-0.128034.png,482.6,169.5,False,511.5007429124615
pano_1303,51.507304,-0.128262,4,satellite_51.507708_-0.128892.png,482.6,-468.4,False,672.5335084588722
pano_1304,51.504713,-0.129831,1,satellite_51.504503_-0.129750.png,-250.8,60.2,True,257.9237871930389
pano_1304,51.504713,-0.129831,2,satellite_51.505037_-0.129750.png,387.0,60.2,False,391.6542352637081
pano_1304,51.504713,-0.129831,3,satellite_51.504503_-0.130608.png,-250.8,-577.7,False,629.7919735912805
pano_1304,51.504713,-0.129831,4,satellite_51.505037_-0.130608.png,387.0,-577.7,False,695.3461655894854
pano_1305,51.506244,-0.129239,1,satellite_51.506105_-0.128892.png,-166.0,258.0,True,306.78983033992506
pano_1305,51.506244,-0.129239,2,satellite_51.506105_-0.129750.png,-166.0,-379.9,False,414.58414103773913
pano_1305,51.506244,-0.129239,3,satellite_51.506640_-0.128892.png,473.0,258.0,False,538.7884557040917
pano_1305,51.506244,-0.129239,4,satellite_51.506640_-0.129750.png,473.0,-379.9,False,606.6737261494023
pano_1306,51.509244,-0.130976,1,satellite_51.509311_-0.130608.png,80.0,273.6,True,285.0560646609716
pano_1306,51.509244,-0.130976,2,satellite_51.509311_-0.131467.png,80.0,-365.1,False,373.7619697079948
pano_1306,51.509244,-0.130976,3,satellite_51.508776_-0.130608.png,-559.1,273.6,False,622.4546328849999
pano_1306,51.509244,-0.130976,4,satellite_51.508776_-0.131467.png,-559.1,-365.1,False,667.7505672030538
pano_1307,51.509425,-0.130381,1,satellite_51.509311_-0.130608.png,-136.2,-168.8,True,216.89601195042752
pano_1307,51.509425,-0.130381,2,satellite_51.509311_-0.129750.png,-136.2,469.2,False,488.5683984868444
pano_1307,51.509425,-0.130381,3,satellite_51.509845_-0.130608.png,501.7,-168.8,False,529.3357441170963
pano_1307,51.509425,-0.130381,4,satellite_51.509845_-0.129750.png,501.7,469.2,False,686.9144997741713
pano_1308,51.505785,-0.130545,1,satellite_51.505571_-0.130608.png,-255.6,-46.8,True,259.84918702970765
pano_1308,51.505785,-0.130545,2,satellite_51.506105_-0.130608.png,382.2,-46.8,False,385.05464547256145
pano_1308,51.505785,-0.130545,3,satellite_51.505571_-0.129750.png,-255.6,591.1,False,643.9957841476914
pano_1308,51.505785,-0.130545,4,satellite_51.506105_-0.129750.png,382.2,591.1,False,703.9005966754113
pano_1309,51.505724,-0.130685,1,satellite_51.505571_-0.130608.png,-182.8,57.3,True,191.57016991170624
pano_1309,51.505724,-0.130685,2,satellite_51.506105_-0.130608.png,455.1,57.3,False,458.69303461029364
pano_1309,51.505724,-0.130685,3,satellite_51.505571_-0.131467.png,-182.8,-581.4,False,609.4602530108095
pano_1309,51.505724,-0.130685,4,satellite_51.505571_-0.129750.png,-182.8,695.2,False,718.8316075410152
pano_131,51.506044,-0.125655,1,satellite_51.506105_-0.125459.png,72.9,145.7,True,162.91991897861968
pano_131,51.506044,-0.125655,2,satellite_51.506105_-0.126317.png,72.9,-492.2,False,497.56934190120677
pano_131,51.506044,-0.125655,3,satellite_51.505571_-0.125459.png,-565.0,145.7,False,583.4839243715288
pano_131,51.506044,-0.125655,4,satellite_51.506640_-0.125459.png,711.9,145.7,False,726.6567965690543
pano_1310,51.506046,-0.129971,1,satellite_51.506105_-0.129750.png,70.5,164.3,True,178.78685634016838
pano_1310,51.506046,-0.129971,2,satellite_51.506105_-0.130608.png,70.5,-473.6,False,478.8185564491001
pano_1310,51.506046,-0.129971,3,satellite_51.505571_-0.129750.png,-567.4,164.3,False,590.7091077679436
pano_1310,51.506046,-0.129971,4,satellite_51.506640_-0.129750.png,709.6,164.3,False,728.3726038230708
pano_1311,51.505525,-0.130778,1,satellite_51.505571_-0.130608.png,54.9,126.4,True,137.80772837544345
pano_1311,51.505525,-0.130778,2,satellite_51.505571_-0.131467.png,54.9,-512.3,False,515.2332481507768
pano_1311,51.505525,-0.130778,3,satellite_51.505037_-0.130608.png,-582.9,126.4,False,596.4472902109624
pano_1311,51.505525,-0.130778,4,satellite_51.506105_-0.130608.png,692.8,126.4,False,704.236323970867
pano_1312,51.504901,-0.130002,1,satellite_51.505037_-0.129750.png,162.5,187.4,True,248.04235525409769
pano_1312,51.504901,-0.130002,2,satellite_51.505037_-0.130608.png,162.5,-450.6,False,479.0058559141005
pano_1312,51.504901,-0.130002,3,satellite_51.504503_-0.129750.png,-475.4,187.4,False,511.00285713486966
pano_1312,51.504901,-0.130002,4,satellite_51.504503_-0.130608.png,-475.4,-450.6,False,655.0156639348405
pano_1313,51.509678,-0.129947,1,satellite_51.509845_-0.129750.png,199.5,146.5,True,247.512625940577
pano_1313,51.509678,-0.129947,2,satellite_51.509311_-0.129750.png,-438.4,146.5,False,462.23025647397856
pano_1313,51.509678,-0.129947,3,satellite_51.509845_-0.130608.png,199.5,-491.5,False,530.4455674242174
pano_1313,51.509678,-0.129947,4,satellite_51.509311_-0.130608.png,-438.4,-491.5,False,658.6097554698077
pano_1314,51.509838,-0.128448,1,satellite_51.509845_-0.128034.png,8.4,307.8,True,307.9145985496628
pano_1314,51.509838,-0.128448,2,satellite_51.509845_-0.128892.png,8.4,-330.1,False,330.20685940785665
pano_1314,51.509838,-0.128448,3,satellite_51.509311_-0.128034.png,-629.6,307.8,False,700.8116722772246
pano_1314,51.509838,-0.128448,4,satellite_51.509311_-0.128892.png,-629.6,-330.1,False,710.8882964291929
pano_1315,51.509439,-0.127032,1,satellite_51.509311_-0.127175.png,-152.9,-106.3,True,186.2205681443379
pano_1315,51.509439,-0.127032,2,satellite_51.509845_-0.127175.png,485.0,-106.3,False,496.5125275358115
pano_1315,51.509439,-0.127032,3,satellite_51.509311_-0.126317.png,-152.9,531.6,False,553.1518507607111
pano_1315,51.509439,-0.127032,4,satellite_51.509845_-0.126317.png,485.0,531.6,False,719.5995831016024
pano_1316,51.509179,-0.127165,1,satellite_51.509311_-0.127175.png,157.7,-7.4,True,157.87352532961313
pano_1316,51.509179,-0.127165,2,satellite_51.508776_-0.127175.png,-481.4,-7.4,False,481.45687241953453
pano_1316,51.509179,-0.127165,3,satellite_51.509311_-0.126317.png,157.7,630.5,False,649.9227184827439
pano_1316,51.509179,-0.127165,4,satellite_51.509311_-0.128034.png,157.7,-646.1,False,665.0672898286308
pano_1317,51.508938,-0.127129,1,satellite_51.508776_-0.127175.png,-193.5,-34.2,True,196.4990839673305
pano_1317,51.508938,-0.127129,2,satellite_51.509311_-0.127175.png,445.6,-34.2,False,446.91050558249356
pano_1317,51.508938,-0.127129,3,satellite_51.508776_-0.126317.png,-193.5,603.7,False,633.952632299922
pano_1317,51.508938,-0.127129,4,satellite_51.508776_-0.128034.png,-193.5,-672.9,False,700.1690224510079
pano_1318,51.508943,-0.126939,1,satellite_51.508776_-0.127175.png,-199.5,-175.5,True,265.7075459974744
pano_1318,51.508943,-0.126939,2,satellite_51.509311_-0.127175.png,439.6,-175.5,False,473.3375222819336
pano_1318,51.508943,-0.126939,3,satellite_51.508776_-0.126317.png,-199.5,462.5,False,503.69286276460184
pano_1318,51.508943,-0.126939,4,satellite_51.509311_-0.126317.png,439.6,462.5,False,638.0865223463038
pano_1319,51.509103,-0.126905,1,satellite_51.509311_-0.127175.png,248.5,-200.7,True,319.425640799232
pano_1319,51.509103,-0.126905,2,satellite_51.508776_-0.127175.png,-390.6,-200.7,False,439.1455908921323
pano_1319,51.509103,-0.126905,3,satellite_51.509311_-0.126317.png,248.5,437.2,False,502.88775089476974
pano_1319,51.509103,-0.126905,4,satellite_51.508776_-0.126317.png,-390.6,437.2,False,586.2697331433715
pano_132,51.506465,-0.128217,1,satellite_51.506640_-0.128034.png,209.0,136.1,True,249.4077184050245
pano_132,51.506465,-0.128217,2,satellite_51.506105_-0.128034.png,-430.0,136.1,False,451.02462238773614
pano_132,51.506465,-0.128217,3,satellite_51.506640_-0.128892.png,209.0,-501.9,False,543.6769353209679
pano_132,51.506465,-0.128217,4,satellite_51.506105_-0.128892.png,-430.0,-501.9,False,660.9111967579305
pano_1320,51.509435,-0.126907,1,satellite_51.509311_-0.127175.png,-148.1,-199.3,True,248.30243655671202
pano_1320,51.509435,-0.126907,2,satellite_51.509311_-0.126317.png,-148.1,438.7,False,463.0240814471748
pano_1320,51.509435,-0.126907,3,satellite_51.509845_-0.127175.png,489.8,-199.3,False,528.7953573926306
pano_1320,51.509435,-0.126907,4,satellite_51.509845_-0.126317.png,489.8,438.7,False,657.5421887605388
pano_1321,51.508938,-0.127102,1,satellite_51.508776_-0.127175.png,-193.5,-54.3,True,200.9744759913557
pano_1321,51.508938,-0.127102,2,satellite_51.509311_-0.127175.png,445.6,-54.3,False,448.8962575027776
pano_1321,51.508938,-0.127102,3,satellite_51.508776_-0.126317.png,-193.5,583.7,False,614.9373464020542
pano_1321,51.508938,-0.127102,4,satellite_51.508776_-0.128034.png,-193.5,-693.0,False,719.5076441567525
pano_1322,51.509042,-0.127145,1,satellite_51.508776_-0.127175.png,-317.8,-22.3,True,318.5814338595393
pano_1322,51.509042,-0.127145,2,satellite_51.509311_-0.127175.png,321.3,-22.3,False,322.0729420488471
pano_1322,51.509042,-0.127145,3,satellite_51.508776_-0.126317.png,-317.8,615.6,False,692.7915992562266
pano_1322,51.509042,-0.127145,4,satellite_51.509311_-0.126317.png,321.3,615.6,False,694.4040970501254
pano_1323,51.50865,-0.127117,1,satellite_51.508776_-0.127175.png,150.5,-43.1,True,156.54986426056075
pano_1323,51.50865,-0.127117,2,satellite_51.508242_-0.127175.png,-487.4,-43.1,False,489.30192110802096
pano_1323,51.50865,-0.127117,3,satellite_51.508776_-0.126317.png,150.5,594.8,False,613.5448557359111
pano_1323,51.50865,-0.127117,4,satellite_51.508776_-0.128034.png,150.5,-681.8,False,698.2130691987941
pano_1324,51.509449,-0.127138,1,satellite_51.509311_-0.127175.png,-164.9,-27.5,True,167.17733099915193
pano_1324,51.509449,-0.127138,2,satellite_51.509845_-0.127175.png,473.1,-27.5,False,473.8985756467306
pano_1324,51.509449,-0.127138,3,satellite_51.509311_-0.126317.png,-164.9,610.4,False,632.2817172748236
pano_1324,51.509449,-0.127138,4,satellite_51.509311_-0.128034.png,-164.9,-666.2,False,686.3049249422593
pano_1325,51.50805,-0.126896,1,satellite_51.508242_-0.127175.png,229.4,-207.4,True,309.255751765428
pano_1325,51.50805,-0.126896,2,satellite_51.507708_-0.127175.png,-408.5,-207.4,False,458.1342707111093
pano_1325,51.50805,-0.126896,3,satellite_51.508242_-0.126317.png,229.4,430.5,False,487.80591427328966
pano_1325,51.50805,-0.126896,4,satellite_51.507708_-0.126317.png,-408.5,430.5,False,593.4665112708551
pano_1326,51.508013,-0.126737,1,satellite_51.508242_-0.126317.png,273.6,312.3,True,415.19664015981635
pano_1326,51.508013,-0.126737,2,satellite_51.508242_-0.127175.png,273.6,-325.7,False,425.36742940662486
pano_1326,51.508013,-0.126737,3,satellite_51.507708_-0.126317.png,-364.3,312.3,False,479.839327275287
pano_1326,51.508013,-0.126737,4,satellite_51.507708_-0.127175.png,-364.3,-325.7,False,488.66653251476106
pano_1327,51.507925,-0.126859,1,satellite_51.507708_-0.127175.png,-259.2,-235.0,True,349.8708904724713
pano_1327,51.507925,-0.126859,2,satellite_51.508242_-0.127175.png,378.7,-235.0,False,445.6890059222911
pano_1327,51.507925,-0.126859,3,satellite_51.507708_-0.126317.png,-259.2,403.0,False,479.1593054507029
pano_1327,51.507925,-0.126859,4,satellite_51.508242_-0.126317.png,378.7,403.0,False,553.012377799991
pano_1328,51.507867,-0.12697,1,satellite_51.507708_-0.127175.png,-189.9,-152.4,True,243.49080064758095
pano_1328,51.507867,-0.12697,2,satellite_51.508242_-0.127175.png,448.0,-152.4,False,473.21217228638574
pano_1328,51.507867,-0.12697,3,satellite_51.507708_-0.126317.png,-189.9,485.5,False,521.3178109368603
pano_1328,51.507867,-0.12697,4,satellite_51.508242_-0.126317.png,448.0,485.5,False,660.6165680635023
pano_1329,51.50885,-0.129474,1,satellite_51.508776_-0.129750.png,-88.4,-205.2,True,223.43142124598322
pano_1329,51.50885,-0.129474,2,satellite_51.508776_-0.128892.png,-88.4,432.7,False,441.6376908734126
pano_1329,51.50885,-0.129474,3,satellite_51.509311_-0.129750.png,550.7,-205.2,False,587.6882932303484
pano_1329,51.50885,-0.129474,4,satellite_51.509311_-0.128892.png,550.7,432.7,False,700.3568947329641
pano_133,51.508488,-0.125032,1,satellite_51.508242_-0.125459.png,-293.9,-317.5,True,432.64703858919455
pano_133,51.508488,-0.125032,2,satellite_51.508242_-0.124600.png,-293.9,321.2,False,435.3695556650694
pano_133,51.508488,-0.125032,3,satellite_51.508776_-0.125459.png,344.0,-317.5,False,468.1263184227095
pano_133,51.508488,-0.125032,4,satellite_51.508776_-0.124600.png,344.0,321.2,False,470.643644385006
pano_1330,51.508837,-0.12952,1,satellite_51.508776_-0.129750.png,-72.9,-171.0,True,185.8908550736157
pano_1330,51.508837,-0.12952,2,satellite_51.508776_-0.128892.png,-72.9,466.9,False,472.55689604533336
pano_1330,51.508837,-0.12952,3,satellite_51.509311_-0.129750.png,566.2,-171.0,False,591.45873905117
pano_1330,51.508837,-0.12952,4,satellite_51.508242_-0.129750.png,-710.8,-171.0,False,731.0797767685822
pano_1331,51.508736,-0.129475,1,satellite_51.508776_-0.129750.png,47.8,-204.5,True,210.01211869794562
pano_1331,51.508736,-0.129475,2,satellite_51.508776_-0.128892.png,47.8,433.5,False,436.1273781821086
pano_1331,51.508736,-0.129475,3,satellite_51.508242_-0.129750.png,-590.1,-204.5,False,624.5304316044176
pano_1331,51.508736,-0.129475,4,satellite_51.509311_-0.129750.png,686.9,-204.5,False,716.6950955601691
pano_1332,51.509313,-0.129021,1,satellite_51.509311_-0.128892.png,-2.4,95.9,True,95.93002658187895
pano_1332,51.509313,-0.129021,2,satellite_51.509311_-0.129750.png,-2.4,-542.0,False,542.0053136270898
pano_1332,51.509313,-0.129021,3,satellite_51.509845_-0.128892.png,635.5,95.9,False,642.6951532414104
pano_1332,51.509313,-0.129021,4,satellite_51.508776_-0.128892.png,-641.5,95.9,False,648.6285994311382
pano_1333,51.509568,-0.128466,1,satellite_51.509311_-0.128892.png,-307.0,-316.7,True,441.07583248235215
pano_1333,51.509568,-0.128466,2,satellite_51.509311_-0.128034.png,-307.0,321.2,False,444.31794922105047
pano_1333,51.509568,-0.128466,3,satellite_51.509845_-0.128892.png,330.9,-316.7,False,458.03242243317226
pano_1333,51.509568,-0.128466,4,satellite_51.509845_-0.128034.png,330.9,321.2,False,461.15534259075866
pano_1334,51.50954,-0.128901,1,satellite_51.509311_-0.128892.png,-273.6,6.7,True,273.68202352365057
pano_1334,51.50954,-0.128901,2,satellite_51.509845_-0.128892.png,364.4,6.7,False,364.46158919699616
pano_1334,51.50954,-0.128901,3,satellite_51.509311_-0.129750.png,-273.6,-631.2,False,687.9465095485259
pano_1334,51.50954,-0.128901,4,satellite_51.509311_-0.128034.png,-273.6,644.6,False,700.2614654541545
pano_1335,51.509469,-0.129122,1,satellite_51.509311_-0.128892.png,-188.7,171.0,True,254.6540594610657
pano_1335,51.509469,-0.129122,2,satellite_51.509845_-0.128892.png,449.2,171.0,False,480.647105473444
pano_1335,51.509469,-0.129122,3,satellite_51.509311_-0.129750.png,-188.7,-466.9,False,503.590408963475
pano_1335,51.509469,-0.129122,4,satellite_51.509845_-0.129750.png,449.2,-466.9,False,647.9014199706619
pano_1336,51.50866,-0.128038,1,satellite_51.508776_-0.128034.png,138.6,3.0,True,138.63246373054184
pano_1336,51.50866,-0.128038,2,satellite_51.508242_-0.128034.png,-499.3,3.0,False,499.30901253632504
pano_1336,51.50866,-0.128038,3,satellite_51.508776_-0.128892.png,138.6,-635.0,False,649.9499673051765
pano_1336,51.50866,-0.128038,4,satellite_51.508776_-0.127175.png,138.6,641.7,False,656.4974105051748
pano_1337,51.508546,-0.129372,1,satellite_51.508776_-0.129750.png,274.8,-281.0,True,393.0344005300299
pano_1337,51.508546,-0.129372,2,satellite_51.508776_-0.128892.png,274.8,356.9,False,450.43606649556824
pano_1337,51.508546,-0.129372,3,satellite_51.508242_-0.129750.png,-363.2,-281.0,False,459.2115416668009
pano_1337,51.508546,-0.129372,4,satellite_51.508242_-0.128892.png,-363.2,356.9,False,509.207079683698
pano_1338,51.50821,-0.129622,1,satellite_51.508242_-0.129750.png,38.2,-95.2,True,102.57816531796618
pano_1338,51.50821,-0.129622,2,satellite_51.508242_-0.128892.png,38.2,542.8,False,544.1425180961326
pano_1338,51.50821,-0.129622,3,satellite_51.507708_-0.129750.png,-599.7,-95.2,False,607.2092967008987
pano_1338,51.50821,-0.129622,4,satellite_51.508776_-0.129750.png,676.1,-95.2,False,682.7695438433088
pano_1339,51.508263,-0.129463,1,satellite_51.508242_-0.129750.png,-25.1,-213.4,True,214.87105435586247
pano_1339,51.508263,-0.129463,2,satellite_51.508242_-0.128892.png,-25.1,424.5,False,425.24141378750966
pano_1339,51.508263,-0.129463,3,satellite_51.508776_-0.129750.png,612.8,-213.4,False,648.8939820956887
pano_1339,51.508263,-0.129463,4,satellite_51.507708_-0.129750.png,-663.0,-213.4,False,696.4973510358816
pano_134,51.508278,-0.125392,1,satellite_51.508242_-0.125459.png,-43.0,-49.8,True,65.7954405715168
pano_134,51.508278,-0.125392,2,satellite_51.508242_-0.124600.png,-43.0,588.9,False,590.4677891299406
pano_134,51.508278,-0.125392,3,satellite_51.508776_-0.125459.png,594.9,-49.8,False,596.9807785850395
pano_134,51.508278,-0.125392,4,satellite_51.507708_-0.125459.png,-680.9,-49.8,False,682.7187195324294
pano_1340,51.507373,-0.127615,1,satellite_51.507174_-0.128034.png,-237.7,-311.5,True,391.8335616049243
pano_1340,51.507373,-0.127615,2,satellite_51.507174_-0.127175.png,-237.7,327.1,False,404.3460151899608
pano_1340,51.507373,-0.127615,3,satellite_51.507708_-0.128034.png,400.2,-311.5,False,507.14129194929495
pano_1340,51.507373,-0.127615,4,satellite_51.507708_-0.127175.png,400.2,327.1,False,516.8698578946155
pano_1341,51.507356,-0.127596,1,satellite_51.507174_-0.127175.png,-217.4,313.0,True,381.0928495786821
pano_1341,51.507356,-0.127596,2,satellite_51.507174_-0.128034.png,-217.4,-325.7,False,391.59066638519363
pano_1341,51.507356,-0.127596,3,satellite_51.507708_-0.127175.png,420.5,313.0,False,524.2034433309266
pano_1341,51.507356,-0.127596,4,satellite_51.507708_-0.128034.png,420.5,-325.7,False,531.8841415195607
pano_1342,51.507346,-0.12759,1,satellite_51.507174_-0.127175.png,-205.5,308.6,True,370.76166198785984
pano_1342,51.507346,-0.12759,2,satellite_51.507174_-0.128034.png,-205.5,-330.1,False,388.8396327536585
pano_1342,51.507346,-0.12759,3,satellite_51.507708_-0.127175.png,432.4,308.6,False,531.2285007414417
pano_1342,51.507346,-0.12759,4,satellite_51.507708_-0.128034.png,432.4,-330.1,False,543.9997886029001
pano_1343,51.508161,-0.128491,1,satellite_51.508242_-0.128892.png,96.8,-298.1,True,313.42279751160413
pano_1343,51.508161,-0.128491,2,satellite_51.508242_-0.128034.png,96.8,339.8,False,353.31894939275475
pano_1343,51.508161,-0.128491,3,satellite_51.507708_-0.128892.png,-541.1,-298.1,False,617.7805597459344
pano_1343,51.508161,-0.128491,4,satellite_51.507708_-0.128034.png,-541.1,339.8,False,638.9469852812516
pano_1344,51.507917,-0.127332,1,satellite_51.507708_-0.127175.png,-249.7,116.7,True,275.62470861662604
pano_1344,51.507917,-0.127332,2,satellite_51.508242_-0.127175.png,388.2,116.7,False,405.3617273497832
pano_1344,51.507917,-0.127332,3,satellite_51.507708_-0.128034.png,-249.7,-521.9,False,578.5582943835478
pano_1344,51.507917,-0.127332,4,satellite_51.508242_-0.128034.png,388.2,-521.9,False,650.4451168238562
pano_1345,51.507885,-0.127486,1,satellite_51.507708_-0.127175.png,-211.4,231.2,True,313.27847037420236
pano_1345,51.507885,-0.127486,2,satellite_51.507708_-0.128034.png,-211.4,-407.4,False,458.98226545259894
pano_1345,51.507885,-0.127486,3,satellite_51.508242_-0.127175.png,426.5,231.2,False,485.1347132498354
pano_1345,51.507885,-0.127486,4,satellite_51.508242_-0.128034.png,426.5,-407.4,False,589.8109951501413
pano_1346,51.507559,-0.127578,1,satellite_51.507708_-0.127175.png,178.0,299.6,True,348.48839292005124
pano_1346,51.507559,-0.127578,2,satellite_51.507708_-0.128034.png,178.0,-339.0,False,382.890323722081
pano_1346,51.507559,-0.127578,3,satellite_51.507174_-0.127175.png,-459.9,299.6,False,548.8790121693487
pano_1346,51.507559,-0.127578,4,satellite_51.507174_-0.128034.png,-459.9,-339.0,False,571.3396625475953
pano_1347,51.50788,-0.127435,1,satellite_51.507708_-0.127175.png,-205.5,193.3,True,282.126106555207
pano_1347,51.50788,-0.127435,2,satellite_51.508242_-0.127175.png,432.4,193.3,False,473.6397892913981
pano_1347,51.50788,-0.127435,3,satellite_51.507708_-0.128034.png,-205.5,-445.4,False,490.5215693524597
pano_1347,51.50788,-0.127435,4,satellite_51.508242_-0.128034.png,432.4,-445.4,False,620.766397286451
pano_1348,51.507552,-0.127526,1,satellite_51.507708_-0.127175.png,186.4,261.0,True,320.7272361368769
pano_1348,51.507552,-0.127526,2,satellite_51.507708_-0.128034.png,186.4,-377.7,False,421.19146477581904
pano_1348,51.507552,-0.127526,3,satellite_51.507174_-0.127175.png,-451.5,261.0,False,521.5105463938385
pano_1348,51.507552,-0.127526,4,satellite_51.507174_-0.128034.png,-451.5,-377.7,False,588.6506094450256
pano_1349,51.507483,-0.127757,1,satellite_51.507708_-0.128034.png,268.8,-206.0,True,338.65829385975474
pano_1349,51.507483,-0.127757,2,satellite_51.507174_-0.128034.png,-369.1,-206.0,False,422.69470070016257
pano_1349,51.507483,-0.127757,3,satellite_51.507708_-0.127175.png,268.8,432.7,False,509.39447386087727
pano_1349,51.507483,-0.127757,4,satellite_51.507174_-0.127175.png,-369.1,432.7,False,568.7390438505167
pano_135,51.50843,-0.125655,1,satellite_51.508242_-0.125459.png,-224.6,145.7,True,267.71934931939455
pano_135,51.50843,-0.125655,2,satellite_51.508776_-0.125459.png,413.3,145.7,False,438.2298255481934
pano_135,51.50843,-0.125655,3,satellite_51.508242_-0.126317.png,-224.6,-492.2,False,541.0231048670657
pano_135,51.50843,-0.125655,4,satellite_51.508776_-0.126317.png,413.3,-492.2,False,642.7112337589876
pano_1350,51.507473,-0.127729,1,satellite_51.507708_-0.128034.png,280.7,-226.8,True,360.87495064080025
pano_1350,51.507473,-0.127729,2,satellite_51.507174_-0.128034.png,-357.2,-226.8,False,423.1194630361501
pano_1350,51.507473,-0.127729,3,satellite_51.507708_-0.127175.png,280.7,411.9,False,498.4517027757052
pano_1350,51.507473,-0.127729,4,satellite_51.507174_-0.127175.png,-357.2,411.9,False,545.2095468716592
pano_1351,51.50743,-0.12773,1,satellite_51.507174_-0.128034.png,-305.8,-226.0,True,380.2494444440386
pano_1351,51.50743,-0.12773,2,satellite_51.507708_-0.128034.png,332.1,-226.0,False,401.7043813552449
pano_1351,51.50743,-0.12773,3,satellite_51.507174_-0.127175.png,-305.8,412.7,False,513.6486445032245
pano_1351,51.50743,-0.12773,4,satellite_51.507708_-0.127175.png,332.1,412.7,False,529.7279490455454
pano_1352,51.50742,-0.127757,1,satellite_51.507174_-0.128034.png,-293.9,-206.0,True,358.9055725396305
pano_1352,51.50742,-0.127757,2,satellite_51.507708_-0.128034.png,344.0,-206.0,False,400.9638387685353
pano_1352,51.50742,-0.127757,3,satellite_51.507174_-0.127175.png,-293.9,432.7,False,523.0740865307705
pano_1352,51.50742,-0.127757,4,satellite_51.507708_-0.127175.png,344.0,432.7,False,552.7796034587383
pano_1353,51.507427,-0.127705,1,satellite_51.507174_-0.128034.png,-302.2,-244.6,True,388.7852877874882
pano_1353,51.507427,-0.127705,2,satellite_51.507708_-0.128034.png,335.7,-244.6,False,415.35966342436285
pano_1353,51.507427,-0.127705,3,satellite_51.507174_-0.127175.png,-302.2,394.1,False,496.6282815144542
pano_1353,51.507427,-0.127705,4,satellite_51.507708_-0.127175.png,335.7,394.1,False,517.6961464025012
pano_1354,51.50747,-0.127705,1,satellite_51.507708_-0.128034.png,284.3,-244.6,True,375.04086444013006
pano_1354,51.50747,-0.127705,2,satellite_51.507174_-0.128034.png,-353.6,-244.6,False,429.95595123221636
pano_1354,51.50747,-0.127705,3,satellite_51.507708_-0.127175.png,284.3,394.1,False,485.9437210212722
pano_1354,51.50747,-0.127705,4,satellite_51.507174_-0.127175.png,-353.6,394.1,False,529.4787720012956
pano_1355,51.507413,-0.128965,1,satellite_51.507174_-0.128892.png,-285.5,54.3,True,290.6178590520548
pano_1355,51.507413,-0.128965,2,satellite_51.507708_-0.128892.png,352.4,54.3,False,356.55890116501087
pano_1355,51.507413,-0.128965,3,satellite_51.507174_-0.129750.png,-285.5,-583.7,False,649.7814555679471
pano_1355,51.507413,-0.128965,4,satellite_51.507708_-0.129750.png,352.4,-583.7,False,681.8294874820244
pano_1356,51.509778,-0.125523,1,satellite_51.509845_-0.125459.png,80.0,47.6,True,93.09006391661786
pano_1356,51.509778,-0.125523,2,satellite_51.509311_-0.125459.png,-557.9,47.6,False,559.9269327331915
pano_1356,51.509778,-0.125523,3,satellite_51.509845_-0.126317.png,80.0,-590.4,False,595.7954011235736
pano_1356,51.509778,-0.125523,4,satellite_51.509845_-0.124600.png,80.0,686.3,False,690.9469516540325
pano_1357,51.509626,-0.124251,1,satellite_51.509845_-0.124600.png,261.6,-259.5,True,368.47633573948815
pano_1357,51.509626,-0.124251,2,satellite_51.509311_-0.124600.png,-376.3,-259.5,False,457.1016735913357
pano_1357,51.509626,-0.124251,3,satellite_51.509845_-0.123742.png,261.6,378.4,False,460.02295594893957
pano_1357,51.509626,-0.124251,4,satellite_51.509311_-0.123742.png,-376.3,378.4,False,533.6555537048218
pano_1358,51.50967,-0.125775,1,satellite_51.509845_-0.125459.png,209.1,235.0,True,314.55970816364896
pano_1358,51.50967,-0.125775,2,satellite_51.509845_-0.126317.png,209.1,-403.0,False,454.0174115603938
pano_1358,51.50967,-0.125775,3,satellite_51.509311_-0.125459.png,-428.9,235.0,False,489.0605381749789
pano_1358,51.50967,-0.125775,4,satellite_51.509311_-0.126317.png,-428.9,-403.0,False,588.5271531543808
pano_1359,51.506388,-0.123586,1,satellite_51.506640_-0.123742.png,301.0,-116.0,True,322.57867257461396
pano_1359,51.506388,-0.123586,2,satellite_51.506105_-0.123742.png,-338.1,-116.0,False,357.44595395667864
pano_1359,51.506388,-0.123586,3,satellite_51.506640_-0.122884.png,301.0,521.9,False,602.4787216159588
pano_1359,51.506388,-0.123586,4,satellite_51.506105_-0.122884.png,-338.1,521.9,False,621.8450128448407
pano_136,51.510609,-0.126916,1,satellite_51.510379_-0.127175.png,-274.8,-192.6,True,335.57383688243635
pano_136,51.510609,-0.126916,2,satellite_51.510913_-0.127175.png,363.2,-192.6,False,411.10704202190453
pano_136,51.510609,-0.126916,3,satellite_51.510379_-0.126317.png,-274.8,445.4,False,523.3509338866226
pano_136,51.510609,-0.126916,4,satellite_51.510913_-0.126317.png,363.2,445.4,False,574.7133198386827
pano_1360,51.509638,-0.1281,1,satellite_51.509845_-0.128034.png,247.3,49.1,True,252.12715046182552
pano_1360,51.509638,-0.1281,2,satellite_51.509311_-0.128034.png,-390.6,49.1,False,393.67393868530337
pano_1360,51.509638,-0.1281,3,satellite_51.509845_-0.128892.png,247.3,-588.9,False,638.7178563340781
pano_1360,51.509638,-0.1281,4,satellite_51.509311_-0.128892.png,-390.6,-588.9,False,706.6622743574189
pano_1361,51.50973,-0.127872,1,satellite_51.509845_-0.128034.png,137.4,-120.4,True,182.6880401120993
pano_1361,51.50973,-0.127872,2,satellite_51.509311_-0.128034.png,-500.5,-120.4,False,514.7780201212946
pano_1361,51.50973,-0.127872,3,satellite_51.509845_-0.127175.png,137.4,518.2,False,536.1063327363332
pano_1361,51.50973,-0.127872,4,satellite_51.509311_-0.127175.png,-500.5,518.2,False,720.4384012530148
pano_1362,51.509672,-0.128053,1,satellite_51.509845_-0.128034.png,206.7,14.1,True,207.18035621168335
pano_1362,51.509672,-0.128053,2,satellite_51.509311_-0.128034.png,-431.3,14.1,False,431.5304160774765
pano_1362,51.509672,-0.128053,3,satellite_51.509845_-0.128892.png,206.7,-623.8,False,657.1539621732489
pano_1362,51.509672,-0.128053,4,satellite_51.509845_-0.127175.png,206.7,652.8,False,684.7428203347589
pano_1363,51.509587,-0.128108,1,satellite_51.509845_-0.128034.png,308.2,55.0,True,313.06906586247067
pano_1363,51.509587,-0.128108,2,satellite_51.509311_-0.128034.png,-329.7,55.0,False,334.2560246278292
pano_1363,51.509587,-0.128108,3,satellite_51.509845_-0.128892.png,308.2,-582.9,False,659.3630638730076
pano_1363,51.509587,-0.128108,4,satellite_51.509311_-0.128892.png,-329.7,-582.9,False,669.6823874046562
pano_1364,51.505347,-0.131088,1,satellite_51.505571_-0.131467.png,267.6,-281.8,True,388.61420457826813
pano_1364,51.505347,-0.131088,2,satellite_51.505571_-0.130608.png,267.6,356.9,False,446.08000403515064
pano_1364,51.505347,-0.131088,3,satellite_51.505037_-0.131467.png,-370.3,-281.8,False,465.3314195280607
pano_1364,51.505347,-0.131088,4,satellite_51.505037_-0.130608.png,-370.3,356.9,False,514.2953431638284
pano_1365,51.505393,-0.1311,1,satellite_51.505571_-0.131467.png,212.6,-272.9,True,345.9381013996579
pano_1365,51.505393,-0.1311,2,satellite_51.505571_-0.130608.png,212.6,365.8,False,423.0938430183072
pano_1365,51.505393,-0.1311,3,satellite_51.505037_-0.131467.png,-425.2,-272.9,False,505.2419717323572
pano_1365,51.505393,-0.1311,4,satellite_51.505037_-0.130608.png,-425.2,365.8,False,560.8963184047476
pano_1366,51.505433,-0.13114,1,satellite_51.505571_-0.131467.png,164.8,-243.1,True,293.6948246054057
pano_1366,51.505433,-0.13114,2,satellite_51.505571_-0.130608.png,164.8,395.5,False,428.4615385305897
pano_1366,51.505433,-0.13114,3,satellite_51.505037_-0.131467.png,-473.0,-243.1,False,531.8144507250626
pano_1366,51.505433,-0.13114,4,satellite_51.505037_-0.130608.png,-473.0,395.5,False,616.5624461479956
pano_1367,51.505418,-0.131209,1,satellite_51.505571_-0.131467.png,182.8,-191.8,True,264.958638281525
pano_1367,51.505418,-0.131209,2,satellite_51.505571_-0.130608.png,182.8,446.9,False,482.84101938422754
pano_1367,51.505418,-0.131209,3,satellite_51.505037_-0.131467.png,-455.1,-191.8,False,493.86561937433953
pano_1367,51.505418,-0.131209,4,satellite_51.505037_-0.130608.png,-455.1,446.9,False,637.836671883955
pano_1368,51.505371,-0.131161,1,satellite_51.505571_-0.131467.png,238.9,-227.5,True,329.8931038988236
pano_1368,51.505371,-0.131161,2,satellite_51.505037_-0.131467.png,-399.0,-227.5,False,459.3008273452161
pano_1368,51.505371,-0.131161,3,satellite_51.505571_-0.130608.png,238.9,411.2,False,475.56140507825063
pano_1368,51.505371,-0.131161,4,satellite_51.505037_-0.130608.png,-399.0,411.2,False,572.9628609255577
pano_1369,51.50968,-0.128452,1,satellite_51.509845_-0.128034.png,197.1,310.8,True,368.02859943216373
pano_1369,51.50968,-0.128452,2,satellite_51.509845_-0.128892.png,197.1,-327.1,False,381.89372867330513
pano_1369,51.50968,-0.128452,3,satellite_51.509311_-0.128034.png,-440.8,310.8,False,539.3526490154655
pano_1369,51.50968,-0.128452,4,satellite_51.509311_-0.128892.png,-440.8,-327.1,False,548.9071415093814
pano_137,51.509036,-0.126802,1,satellite_51.508776_-0.127175.png,-310.6,-277.3,True,416.37441083716953
pano_137,51.509036,-0.126802,2,satellite_51.509311_-0.127175.png,328.5,-277.3,False,429.89247492832436
pano_137,51.509036,-0.126802,3,satellite_51.508776_-0.126317.png,-310.6,360.6,False,475.9251201607245
pano_137,51.509036,-0.126802,4,satellite_51.509311_-0.126317.png,328.5,360.6,False,487.79566418737267
pano_1370,51.507516,-0.122804,1,satellite_51.507708_-0.122884.png,229.4,-59.5,True,236.99073821565264
pano_1370,51.507516,-0.122804,2,satellite_51.507174_-0.122884.png,-408.5,-59.5,False,412.8104892078204
pano_1370,51.507516,-0.122804,3,satellite_51.507708_-0.122025.png,229.4,579.2,False,622.9743172876391
pano_1370,51.507516,-0.122804,4,satellite_51.507174_-0.122025.png,-408.5,579.2,False,708.7629293353315
pano_1371,51.507522,-0.128984,1,satellite_51.507708_-0.128892.png,222.2,68.4,True,232.48956965851175
pano_1371,51.507522,-0.128984,2,satellite_51.507174_-0.128892.png,-415.7,68.4,False,421.28974589942254
pano_1371,51.507522,-0.128984,3,satellite_51.507708_-0.129750.png,222.2,-569.5,False,611.3125959768864
pano_1371,51.507522,-0.128984,4,satellite_51.507174_-0.129750.png,-415.7,-569.5,False,705.0792437733506
pano_1372,51.509422,-0.131853,1,satellite_51.509311_-0.131467.png,-132.6,287.0,True,316.15148267879437
pano_1372,51.509422,-0.131853,2,satellite_51.509311_-0.132325.png,-132.6,-350.9,False,375.11807474447295
pano_1372,51.509422,-0.131853,3,satellite_51.509845_-0.131467.png,505.3,287.0,False,581.1171052378342
pano_1372,51.509422,-0.131853,4,satellite_51.509845_-0.132325.png,505.3,-350.9,False,615.1901332108636
pano_1373,51.509263,-0.132255,1,satellite_51.509311_-0.132325.png,57.3,-52.0,True,77.37758073240595
pano_1373,51.509263,-0.132255,2,satellite_51.508776_-0.132325.png,-581.8,-52.0,False,584.1192001638021
pano_1373,51.509263,-0.132255,3,satellite_51.509311_-0.131467.png,57.3,585.9,False,588.6952522315769
pano_1373,51.509263,-0.132255,4,satellite_51.509311_-0.133183.png,57.3,-690.0,False,692.3751078714486
pano_1374,51.508825,-0.131889,1,satellite_51.508776_-0.131467.png,-58.5,313.8,True,319.2063439219215
pano_1374,51.508825,-0.131889,2,satellite_51.508776_-0.132325.png,-58.5,-324.2,False,329.43571451802245
pano_1374,51.508825,-0.131889,3,satellite_51.509311_-0.131467.png,580.6,313.8,False,659.9748480055888
pano_1374,51.508825,-0.131889,4,satellite_51.509311_-0.132325.png,580.6,-324.2,False,664.9827065420574
pano_1375,51.508915,-0.131968,1,satellite_51.508776_-0.132325.png,-166.1,-265.4,True,313.09163195460843
pano_1375,51.508915,-0.131968,2,satellite_51.508776_-0.131467.png,-166.1,372.5,False,407.85470452110764
pano_1375,51.508915,-0.131968,3,satellite_51.509311_-0.132325.png,473.1,-265.4,False,542.4580813297927
pano_1375,51.508915,-0.131968,4,satellite_51.509311_-0.131467.png,473.1,372.5,False,602.1460454075905
pano_1376,51.507321,-0.128025,1,satellite_51.507174_-0.128034.png,-175.6,-6.7,True,175.72777242086693
pano_1376,51.507321,-0.128025,2,satellite_51.507708_-0.128034.png,462.3,-6.7,False,462.348548175508
pano_1376,51.507321,-0.128025,3,satellite_51.507174_-0.127175.png,-175.6,632.0,False,655.9415827648069
pano_1376,51.507321,-0.128025,4,satellite_51.507174_-0.128892.png,-175.6,-644.6,False,668.0902034905167
pano_1377,51.509619,-0.12812,1,satellite_51.509845_-0.128034.png,270.0,63.9,True,277.45848338084744
pano_1377,51.509619,-0.12812,2,satellite_51.509311_-0.128034.png,-367.9,63.9,False,373.40811453421844
pano_1377,51.509619,-0.12812,3,satellite_51.509845_-0.128892.png,270.0,-574.0,False,634.3311438042437
pano_1377,51.509619,-0.12812,4,satellite_51.509311_-0.128892.png,-367.9,-574.0,False,681.7817906045892
pano_1378,51.508468,-0.125706,1,satellite_51.508242_-0.125459.png,-270.0,183.6,True,326.510275489149
pano_1378,51.508468,-0.125706,2,satellite_51.508776_-0.125459.png,367.9,183.6,False,411.1682988752902
pano_1378,51.508468,-0.125706,3,satellite_51.508242_-0.126317.png,-270.0,-454.3,False,528.477520808596
pano_1378,51.508468,-0.125706,4,satellite_51.508776_-0.126317.png,367.9,-454.3,False,584.584382275134
pano_1379,51.507089,-0.129125,1,satellite_51.507174_-0.128892.png,101.5,173.2,True,200.74981942706697
pano_1379,51.507089,-0.129125,2,satellite_51.507174_-0.129750.png,101.5,-464.7,False,475.6556948045508
pano_1379,51.507089,-0.129125,3,satellite_51.506640_-0.128892.png,-536.4,173.2,False,563.6694066560647
pano_1379,51.507089,-0.129125,4,satellite_51.506640_-0.129750.png,-536.4,-464.7,False,709.6978582467331
pano_138,51.508614,-0.1256,1,satellite_51.508776_-0.125459.png,193.5,104.8,True,220.0574697664226
pano_138,51.508614,-0.1256,2,satellite_51.508242_-0.125459.png,-444.4,104.8,False,456.58996922840953
pano_138,51.508614,-0.1256,3,satellite_51.508776_-0.126317.png,193.5,-533.1,False,567.1312546492214
pano_138,51.508614,-0.1256,4,satellite_51.508242_-0.126317.png,-444.4,-533.1,False,694.0367209305283
pano_1380,51.506548,-0.131051,1,satellite_51.506640_-0.131467.png,109.9,-309.3,True,328.24457345095595
pano_1380,51.506548,-0.131051,2,satellite_51.506640_-0.130608.png,109.9,329.4,False,347.2497228220636
pano_1380,51.506548,-0.131051,3,satellite_51.506105_-0.131467.png,-529.2,-309.3,False,612.9593216519348
pano_1380,51.506548,-0.131051,4,satellite_51.506105_-0.130608.png,-529.2,329.4,False,623.3434045532206
pano_1381,51.506556,-0.131074,1,satellite_51.506640_-0.131467.png,100.3,-292.2,True,308.9351550082962
pano_1381,51.506556,-0.131074,2,satellite_51.506640_-0.130608.png,100.3,346.5,False,360.72474270557046
pano_1381,51.506556,-0.131074,3,satellite_51.506105_-0.131467.png,-538.7,-292.2,False,612.8446214172072
pano_1381,51.506556,-0.131074,4,satellite_51.506105_-0.130608.png,-538.7,346.5,False,640.5153706196285
pano_1382,51.506767,-0.129659,1,satellite_51.506640_-0.129750.png,-151.7,-67.7,True,166.12098001155664
pano_1382,51.506767,-0.129659,2,satellite_51.507174_-0.129750.png,486.2,-67.7,False,490.8907515934681
pano_1382,51.506767,-0.129659,3,satellite_51.506640_-0.128892.png,-151.7,570.3,False,590.1313243677207
pano_1382,51.506767,-0.129659,4,satellite_51.506640_-0.130608.png,-151.7,-705.6,False,721.723111726374
pano_1383,51.506792,-0.129586,1,satellite_51.506640_-0.129750.png,-181.6,-121.9,True,218.71938642927836
pano_1383,51.506792,-0.129586,2,satellite_51.507174_-0.129750.png,456.3,-121.9,False,472.3021278800256
pano_1383,51.506792,-0.129586,3,satellite_51.506640_-0.128892.png,-181.6,516.0,False,547.0233633036162
pano_1383,51.506792,-0.129586,4,satellite_51.507174_-0.128892.png,456.3,516.0,False,688.8146993205066
pano_1384,51.506785,-0.129057,1,satellite_51.506640_-0.128892.png,-173.2,122.7,True,212.25816827627622
pano_1384,51.506785,-0.129057,2,satellite_51.507174_-0.128892.png,464.7,122.7,False,480.62602925767555
pano_1384,51.506785,-0.129057,3,satellite_51.506640_-0.129750.png,-173.2,-515.3,False,543.6288531709846
pano_1384,51.506785,-0.129057,4,satellite_51.507174_-0.129750.png,464.7,-515.3,False,693.8877286708563
pano_1385,51.506774,-0.12893,1,satellite_51.506640_-0.128892.png,-160.1,28.3,True,162.58197932120274
pano_1385,51.506774,-0.12893,2,satellite_51.507174_-0.128892.png,477.8,28.3,False,478.63736795198093
pano_1385,51.506774,-0.12893,3,satellite_51.506640_-0.129750.png,-160.1,-609.7,False,630.3698120944563
pano_1385,51.506774,-0.12893,4,satellite_51.506640_-0.128034.png,-160.1,666.2,False,685.1674612822767
pano_1386,51.506623,-0.128666,1,satellite_51.506640_-0.128892.png,20.3,-168.0,True,169.22201393435785
pano_1386,51.506623,-0.128666,2,satellite_51.506640_-0.128034.png,20.3,469.9,False,470.338282515893
pano_1386,51.506623,-0.128666,3,satellite_51.506105_-0.128892.png,-618.8,-168.0,False,641.1999999999999
pano_1386,51.506623,-0.128666,4,satellite_51.507174_-0.128892.png,658.2,-168.0,False,679.3020241394839
pano_1387,51.506729,-0.128258,1,satellite_51.506640_-0.128034.png,-106.3,166.5,True,197.53971752536248
pano_1387,51.506729,-0.128258,2,satellite_51.506640_-0.128892.png,-106.3,-471.4,False,483.2366397532372
pano_1387,51.506729,-0.128258,3,satellite_51.507174_-0.128034.png,531.6,166.5,False,557.0644576707439
pano_1387,51.506729,-0.128258,4,satellite_51.507174_-0.128892.png,531.6,-471.4,False,710.504412371943
pano_1388,51.507187,-0.129519,1,satellite_51.507174_-0.129750.png,-15.5,-171.8,True,172.49779708738313
pano_1388,51.507187,-0.129519,2,satellite_51.507174_-0.128892.png,-15.5,466.2,False,466.4575972154382
pano_1388,51.507187,-0.129519,3,satellite_51.507708_-0.129750.png,622.4,-171.8,False,645.6756151505181
pano_1388,51.507187,-0.129519,4,satellite_51.506640_-0.129750.png,-653.4,-171.8,False,675.6084664952031
pano_1389,51.50722,-0.129641,1,satellite_51.507174_-0.129750.png,-54.9,-81.0,True,97.85198005150433
pano_1389,51.50722,-0.129641,2,satellite_51.507174_-0.128892.png,-54.9,556.9,False,559.599517512301
pano_1389,51.50722,-0.129641,3,satellite_51.507708_-0.129750.png,582.9,-81.0,False,588.5009855556743
pano_1389,51.50722,-0.129641,4,satellite_51.506640_-0.129750.png,-692.8,-81.0,False,697.5190606714629
pano_139,51.50951,-0.124284,1,satellite_51.509311_-0.124600.png,-237.7,-235.0,True,334.25482793820646
pano_139,51.50951,-0.124284,2,satellite_51.509845_-0.124600.png,400.2,-235.0,False,464.0959383575771
pano_139,51.50951,-0.124284,3,satellite_51.509311_-0.123742.png,-237.7,403.0,False,467.87849918541883
pano_139,51.50951,-0.124284,4,satellite_51.509845_-0.123742.png,400.2,403.0,False,567.9516176577015
pano_1390,51.507191,-0.130099,1,satellite_51.507174_-0.129750.png,-20.3,259.5,True,260.29279667328484
pano_1390,51.507191,-0.130099,2,satellite_51.507174_-0.130608.png,-20.3,-378.4,False,378.9441251688697
pano_1390,51.507191,-0.130099,3,satellite_51.507708_-0.129750.png,617.6,259.5,False,669.9029855135742
pano_1390,51.507191,-0.130099,4,satellite_51.506640_-0.129750.png,-658.2,259.5,False,707.5079434183054
pano_1391,51.507315,-0.130239,1,satellite_51.507174_-0.130608.png,-168.4,-274.4,True,321.95328853732804
pano_1391,51.507315,-0.130239,2,satellite_51.507174_-0.129750.png,-168.4,363.6,False,400.7037808656165
pano_1391,51.507315,-0.130239,3,satellite_51.507708_-0.130608.png,469.5,-274.4,False,543.8065924572816
pano_1391,51.507315,-0.130239,4,satellite_51.507708_-0.129750.png,469.5,363.6,False,593.8309607960838
pano_1392,51.507566,-0.13002,1,satellite_51.507708_-0.129750.png,169.6,200.7,True,262.76348680895524
pano_1392,51.507566,-0.13002,2,satellite_51.507708_-0.130608.png,169.6,-437.2,False,468.9434933976587
pano_1392,51.507566,-0.13002,3,satellite_51.507174_-0.129750.png,-468.3,200.7,False,509.49522078229546
pano_1392,51.507566,-0.13002,4,satellite_51.507174_-0.130608.png,-468.3,-437.2,False,640.6627271817832
pano_1393,51.507253,-0.130981,1,satellite_51.507174_-0.130608.png,-94.4,277.3,True,292.92772146043126
pano_1393,51.507253,-0.130981,2,satellite_51.507174_-0.131467.png,-94.4,-361.3,False,373.42877500267707
pano_1393,51.507253,-0.130981,3,satellite_51.507708_-0.130608.png,543.5,277.3,False,610.1537019473044
pano_1393,51.507253,-0.130981,4,satellite_51.507708_-0.131467.png,543.5,-361.3,False,652.6330822138884
pano_1394,51.507244,-0.131057,1,satellite_51.507174_-0.131467.png,-83.6,-304.8,True,316.0569568922665
pano_1394,51.507244,-0.131057,2,satellite_51.507174_-0.130608.png,-83.6,333.8,False,344.1095755715031
pano_1394,51.507244,-0.131057,3,satellite_51.507708_-0.131467.png,554.3,-304.8,False,632.575315673952
pano_1394,51.507244,-0.131057,4,satellite_51.507708_-0.130608.png,554.3,333.8,False,647.0478575808747
pano_1395,51.506997,-0.125223,1,satellite_51.507174_-0.125459.png,211.4,-175.5,True,274.7548179741349
pano_1395,51.506997,-0.125223,2,satellite_51.506640_-0.125459.png,-426.5,-175.5,False,461.1968126516054
pano_1395,51.506997,-0.125223,3,satellite_51.507174_-0.124600.png,211.4,463.2,False,509.1602891035396
pano_1395,51.506997,-0.125223,4,satellite_51.506640_-0.124600.png,-426.5,463.2,False,629.647909549456
pano_1396,51.506976,-0.125105,1,satellite_51.507174_-0.125459.png,236.5,-263.2,True,353.8452910524598
pano_1396,51.506976,-0.125105,2,satellite_51.507174_-0.124600.png,236.5,375.5,False,443.77077416161603
pano_1396,51.506976,-0.125105,3,satellite_51.506640_-0.125459.png,-401.4,-263.2,False,479.99604165034526
pano_1396,51.506976,-0.125105,4,satellite_51.506640_-0.124600.png,-401.4,375.5,False,549.6564472468234
pano_1397,51.507621,-0.127158,1,satellite_51.507708_-0.127175.png,103.9,-12.6,True,104.66121535697931
pano_1397,51.507621,-0.127158,2,satellite_51.507174_-0.127175.png,-534.0,-12.6,False,534.1486310007731
pano_1397,51.507621,-0.127158,3,satellite_51.507708_-0.126317.png,103.9,625.3,False,633.8732523146879
pano_1397,51.507621,-0.127158,4,satellite_51.507708_-0.128034.png,103.9,-651.3,False,659.5353667545054
pano_1398,51.507682,-0.127189,1,satellite_51.507708_-0.127175.png,31.1,10.4,True,32.79283458318296
pano_1398,51.507682,-0.127189,2,satellite_51.507174_-0.127175.png,-606.8,10.4,False,606.8891167256173
pano_1398,51.507682,-0.127189,3,satellite_51.507708_-0.128034.png,31.1,-628.3,False,629.0692330737531
pano_1398,51.507682,-0.127189,4,satellite_51.507708_-0.126317.png,31.1,648.3,False,649.04552999
pano_1399,51.507756,-0.127196,1,satellite_51.507708_-0.127175.png,-57.3,15.6,True,59.38560431619771
pano_1399,51.507756,-0.127196,2,satellite_51.508242_-0.127175.png,580.6,15.6,False,580.8095384891677
pano_1399,51.507756,-0.127196,3,satellite_51.507708_-0.128034.png,-57.3,-623.1,False,625.729094736692
pano_1399,51.507756,-0.127196,4,satellite_51.507708_-0.126317.png,-57.3,653.5,False,656.0072713011648
pano_14,51.507639,-0.131129,1,satellite_51.507708_-0.131467.png,82.4,-251.3,True,264.46445885978704
pano_14,51.507639,-0.131129,2,satellite_51.507708_-0.130608.png,82.4,387.4,False,396.0663075799303
pano_14,51.507639,-0.131129,3,satellite_51.507174_-0.131467.png,-555.5,-251.3,False,609.6982368352396
pano_14,51.507639,-0.131129,4,satellite_51.507174_-0.130608.png,-555.5,387.4,False,677.2436858325074
pano_140,51.505184,-0.12948,1,satellite_51.505037_-0.129750.png,-175.6,-200.7,True,266.6755519353058
pano_140,51.505184,-0.12948,2,satellite_51.505037_-0.128892.png,-175.6,437.2,False,471.1466862878269
pano_140,51.505184,-0.12948,3,satellite_51.505571_-0.129750.png,462.3,-200.7,False,503.9858926597053
pano_140,51.505184,-0.12948,4,satellite_51.505571_-0.128892.png,462.3,437.2,False,636.2901303650717
pano_1400,51.507827,-0.127171,1,satellite_51.507708_-0.127175.png,-142.2,-3.0,True,142.23164204915867
pano_1400,51.507827,-0.127171,2,satellite_51.508242_-0.127175.png,495.7,-3.0,False,495.7090779882894
pano_1400,51.507827,-0.127171,3,satellite_51.507708_-0.126317.png,-142.2,635.0,False,650.7271624882428
pano_1400,51.507827,-0.127171,4,satellite_51.507708_-0.128034.png,-142.2,-641.7,False,657.2668636102082
pano_1401,51.507881,-0.127174,1,satellite_51.507708_-0.127175.png,-206.7,-0.7,True,206.7011852892963
pano_1401,51.507881,-0.127174,2,satellite_51.508242_-0.127175.png,431.2,-0.7,False,431.2005681814438
pano_1401,51.507881,-0.127174,3,satellite_51.507708_-0.126317.png,-206.7,637.2,False,669.8871024284615
pano_1401,51.507881,-0.127174,4,satellite_51.507708_-0.128034.png,-206.7,-639.4,False,671.9800964314345
pano_1402,51.507926,-0.127201,1,satellite_51.507708_-0.127175.png,-260.4,19.3,True,261.1142470260862
pano_1402,51.507926,-0.127201,2,satellite_51.508242_-0.127175.png,377.5,19.3,False,377.99304226400784
pano_1402,51.507926,-0.127201,3,satellite_51.507708_-0.128034.png,-260.4,-619.3,False,671.8189116123481
pano_1402,51.507926,-0.127201,4,satellite_51.507708_-0.126317.png,-260.4,657.3,False,707.0017326711442
pano_1403,51.508385,-0.129239,1,satellite_51.508242_-0.128892.png,-170.8,258.0,True,309.4133804475818
pano_1403,51.508385,-0.129239,2,satellite_51.508242_-0.129750.png,-170.8,-379.9,False,416.5292906867415
pano_1403,51.508385,-0.129239,3,satellite_51.508776_-0.128892.png,467.1,258.0,False,533.6163509488816
pano_1403,51.508385,-0.129239,4,satellite_51.508776_-0.129750.png,467.1,-379.9,False,602.0850604358159
pano_1404,51.508398,-0.129267,1,satellite_51.508242_-0.128892.png,-186.4,278.8,True,335.37203222689874
pano_1404,51.508398,-0.129267,2,satellite_51.508242_-0.129750.png,-186.4,-359.1,False,404.5958106555232
pano_1404,51.508398,-0.129267,3,satellite_51.508776_-0.128892.png,451.6,278.8,False,530.7278021735813
pano_1404,51.508398,-0.129267,4,satellite_51.508776_-0.129750.png,451.6,-359.1,False,576.9708571496484
pano_1405,51.508413,-0.129271,1,satellite_51.508242_-0.128892.png,-204.3,281.8,True,348.06569782154634
pano_1405,51.508413,-0.129271,2,satellite_51.508242_-0.129750.png,-204.3,-356.1,False,410.54317677925184
pano_1405,51.508413,-0.129271,3,satellite_51.508776_-0.128892.png,433.6,281.8,False,517.1268703132723
pano_1405,51.508413,-0.129271,4,satellite_51.508776_-0.129750.png,433.6,-356.1,False,561.0848153354358
pano_1406,51.508432,-0.129265,1,satellite_51.508242_-0.128892.png,-227.0,277.3,True,358.36334913046005
pano_1406,51.508432,-0.129265,2,satellite_51.508242_-0.129750.png,-227.0,-360.6,False,426.1001760149836
pano_1406,51.508432,-0.129265,3,satellite_51.508776_-0.128892.png,410.9,277.3,False,495.71574516046996
pano_1406,51.508432,-0.129265,4,satellite_51.508776_-0.129750.png,410.9,-360.6,False,546.6911102258751
pano_1407,51.508457,-0.129251,1,satellite_51.508242_-0.128892.png,-256.8,266.9,True,370.380682541625
pano_1407,51.508457,-0.129251,2,satellite_51.508242_-0.129750.png,-256.8,-371.0,False,451.206427259187
pano_1407,51.508457,-0.129251,3,satellite_51.508776_-0.128892.png,381.1,266.9,False,465.2663968093978
pano_1407,51.508457,-0.129251,4,satellite_51.508776_-0.129750.png,381.1,-371.0,False,531.8629616733995
pano_1408,51.508475,-0.129315,1,satellite_51.508242_-0.128892.png,-278.3,314.5,True,419.95373554714337
pano_1408,51.508475,-0.129315,2,satellite_51.508242_-0.129750.png,-278.3,-323.4,False,426.6596418692539
pano_1408,51.508475,-0.129315,3,satellite_51.508776_-0.128892.png,359.6,314.5,False,477.72629192875706
pano_1408,51.508475,-0.129315,4,satellite_51.508776_-0.129750.png,359.6,-323.4,False,483.63180209742205
pano_1409,51.507986,-0.127292,1,satellite_51.508242_-0.127175.png,305.8,87.0,True,317.9349619025879
pano_1409,51.507986,-0.127292,2,satellite_51.507708_-0.127175.png,-332.1,87.0,False,343.30658310029537
pano_1409,51.507986,-0.127292,3,satellite_51.508242_-0.128034.png,305.8,-551.7,False,630.7824743919255
pano_1409,51.507986,-0.127292,4,satellite_51.507708_-0.128034.png,-332.1,-551.7,False,643.9435534268513
pano_141,51.507562,-0.127076,1,satellite_51.507708_-0.127175.png,174.4,-73.6,True,189.2942682703309
pano_141,51.507562,-0.127076,2,satellite_51.507174_-0.127175.png,-463.5,-73.6,False,469.3071595447911
pano_141,51.507562,-0.127076,3,satellite_51.507708_-0.126317.png,174.4,564.3,False,590.6351242518514
pano_141,51.507562,-0.127076,4,satellite_51.507174_-0.126317.png,-463.5,564.3,False,730.2511485783504
pano_1410,51.506761,-0.129163,1,satellite_51.506640_-0.128892.png,-144.5,201.5,True,247.956649436953
pano_1410,51.506761,-0.129163,2,satellite_51.506640_-0.129750.png,-144.5,-436.4,False,459.70121818415925
pano_1410,51.506761,-0.129163,3,satellite_51.507174_-0.128892.png,493.3,201.5,False,532.8669064597651
pano_1410,51.506761,-0.129163,4,satellite_51.507174_-0.129750.png,493.3,-436.4,False,658.6272466274075
pano_1411,51.506768,-0.129247,1,satellite_51.506640_-0.128892.png,-152.9,263.9,True,304.99445896606056
pano_1411,51.506768,-0.129247,2,satellite_51.506640_-0.129750.png,-152.9,-374.0,False,404.0475343322862
pano_1411,51.506768,-0.129247,3,satellite_51.507174_-0.128892.png,485.0,263.9,False,552.1487209076917
pano_1411,51.506768,-0.129247,4,satellite_51.507174_-0.129750.png,485.0,-374.0,False,612.4548962984948
pano_1412,51.505381,-0.12675,1,satellite_51.505571_-0.127175.png,227.0,-316.0,True,389.08225351460067
pano_1412,51.505381,-0.12675,2,satellite_51.505571_-0.126317.png,227.0,321.9,False,393.8890833724641
pano_1412,51.505381,-0.12675,3,satellite_51.505037_-0.127175.png,-410.9,-316.0,False,518.3578011373996
pano_1412,51.505381,-0.12675,4,satellite_51.505037_-0.126317.png,-410.9,321.9,False,521.9754975092221
pano_1413,51.50559,-0.126839,1,satellite_51.505571_-0.127175.png,-22.7,-249.8,True,250.82928457419004
pano_1413,51.50559,-0.126839,2,satellite_51.505571_-0.126317.png,-22.7,388.1,False,388.7632955925752
pano_1413,51.50559,-0.126839,3,satellite_51.506105_-0.127175.png,615.2,-249.8,False,663.9812346745954
pano_1413,51.50559,-0.126839,4,satellite_51.505037_-0.127175.png,-660.6,-249.8,False,706.2523628279059
pano_1414,51.505488,-0.126794,1,satellite_51.505571_-0.127175.png,99.1,-283.3,True,300.1328039385232
pano_1414,51.505488,-0.126794,2,satellite_51.505571_-0.126317.png,99.1,354.7,False,368.2837221491061
pano_1414,51.505488,-0.126794,3,satellite_51.505037_-0.127175.png,-538.7,-283.3,False,608.6514437672846
pano_1414,51.505488,-0.126794,4,satellite_51.505037_-0.126317.png,-538.7,354.7,False,644.988201442476
pano_1415,51.504332,-0.130969,1,satellite_51.504503_-0.130608.png,204.3,268.4,True,337.3085382850544
pano_1415,51.504332,-0.130969,2,satellite_51.504503_-0.131467.png,204.3,-370.3,False,422.9191175626848
pano_1415,51.504332,-0.130969,3,satellite_51.503968_-0.130608.png,-434.8,268.4,False,510.9692750058461
pano_1415,51.504332,-0.130969,4,satellite_51.503968_-0.131467.png,-434.8,-370.3,False,571.115688805692
pano_1416,51.504308,-0.130973,1,satellite_51.504503_-0.130608.png,232.9,271.4,True,357.63161213740597
pano_1416,51.504308,-0.130973,2,satellite_51.504503_-0.131467.png,232.9,-367.3,False,434.915738965607
pano_1416,51.504308,-0.130973,3,satellite_51.503968_-0.130608.png,-406.1,271.4,False,488.4415727597314
pano_1416,51.504308,-0.130973,4,satellite_51.503968_-0.131467.png,-406.1,-367.3,False,547.5641514927726
pano_1417,51.504284,-0.130977,1,satellite_51.504503_-0.130608.png,261.6,274.4,True,379.1172905579486
pano_1417,51.504284,-0.130977,2,satellite_51.504503_-0.131467.png,261.6,-364.3,False,448.49643253876616
pano_1417,51.504284,-0.130977,3,satellite_51.503968_-0.130608.png,-377.5,274.4,False,466.69220049193024
pano_1417,51.504284,-0.130977,4,satellite_51.503968_-0.131467.png,-377.5,-364.3,False,524.6148491989147
pano_1418,51.504256,-0.130985,1,satellite_51.504503_-0.130608.png,295.0,280.3,True,406.9313086996379
pano_1418,51.504256,-0.130985,2,satellite_51.503968_-0.130608.png,-344.0,280.3,False,443.7387632380115
pano_1418,51.504256,-0.130985,3,satellite_51.504503_-0.131467.png,295.0,-358.4,False,464.193451052468
pano_1418,51.504256,-0.130985,4,satellite_51.503968_-0.131467.png,-344.0,-358.4,False,496.77616690014423
pano_1419,51.505327,-0.131087,1,satellite_51.505571_-0.131467.png,291.5,-282.5,True,405.92918101560525
pano_1419,51.505327,-0.131087,2,satellite_51.505037_-0.131467.png,-346.4,-282.5,False,446.9890490828606
pano_1419,51.505327,-0.131087,3,satellite_51.505571_-0.130608.png,291.5,356.1,False,460.1950238757477
pano_1419,51.505327,-0.131087,4,satellite_51.505037_-0.130608.png,-346.4,356.1,False,496.7898650334968
pano_142,51.508683,-0.123881,1,satellite_51.508776_-0.123742.png,111.1,103.3,True,151.70398808205405
pano_142,51.508683,-0.123881,2,satellite_51.508242_-0.123742.png,-526.8,103.3,False,536.8324971534416
pano_142,51.508683,-0.123881,3,satellite_51.508776_-0.124600.png,111.1,-534.6,False,546.0223163937533
pano_142,51.508683,-0.123881,4,satellite_51.508776_-0.122884.png,111.1,741.3,False,749.5791485893934
pano_1420,51.505008,-0.124695,1,satellite_51.505037_-0.124600.png,34.6,70.6,True,78.62264304893343
pano_1420,51.505008,-0.124695,2,satellite_51.505037_-0.125459.png,34.6,-568.0,False,569.0528622193196
pano_1420,51.505008,-0.124695,3,satellite_51.504503_-0.124600.png,-603.2,70.6,False,607.3175446173115
pano_1420,51.505008,-0.124695,4,satellite_51.505571_-0.124600.png,672.5,70.6,False,676.1956891314821
pano_1421,51.506201,-0.1242,1,satellite_51.506105_-0.124600.png,-114.7,-297.4,True,318.752019601445
pano_1421,51.506201,-0.1242,2,satellite_51.506105_-0.123742.png,-114.7,340.5,False,359.29979126072425
pano_1421,51.506201,-0.1242,3,satellite_51.506640_-0.124600.png,524.4,-297.4,False,602.8616093267177
pano_1421,51.506201,-0.1242,4,satellite_51.506640_-0.123742.png,524.4,340.5,False,625.2484386226006
pano_1422,51.506248,-0.12413,1,satellite_51.506105_-0.123742.png,-170.8,288.5,True,335.2683850290689
pano_1422,51.506248,-0.12413,2,satellite_51.506105_-0.124600.png,-170.8,-349.5,False,389.0024292983271
pano_1422,51.506248,-0.12413,3,satellite_51.506640_-0.123742.png,468.3,288.5,False,550.033762600079
pano_1422,51.506248,-0.12413,4,satellite_51.506640_-0.124600.png,468.3,-349.5,False,584.3416295284806
pano_1423,51.504168,-0.132708,1,satellite_51.503968_-0.132325.png,-238.9,284.8,True,371.73142186261305
pano_1423,51.504168,-0.132708,2,satellite_51.503968_-0.133183.png,-238.9,-353.2,False,426.4076101572297
pano_1423,51.504168,-0.132708,3,satellite_51.504503_-0.132325.png,400.2,284.8,False,491.1935260159686
pano_1423,51.504168,-0.132708,4,satellite_51.504503_-0.133183.png,400.2,-353.2,False,533.7698755081632
pano_1424,51.5042,-0.132715,1,satellite_51.503968_-0.132325.png,-277.1,290.0,True,401.10398901033136
pano_1424,51.5042,-0.132715,2,satellite_51.503968_-0.133183.png,-277.1,-348.0,False,444.8465016160069
pano_1424,51.5042,-0.132715,3,satellite_51.504503_-0.132325.png,361.9,290.0,False,463.75813739491406
pano_1424,51.5042,-0.132715,4,satellite_51.504503_-0.133183.png,361.9,-348.0,False,502.07131963496977
pano_1425,51.504709,-0.132113,1,satellite_51.504503_-0.132325.png,-246.1,-157.6,True,292.2378654452568
pano_1425,51.504709,-0.132113,2,satellite_51.505037_-0.132325.png,391.8,-157.6,False,422.3091284829159
pano_1425,51.504709,-0.132113,3,satellite_51.504503_-0.131467.png,-246.1,480.3,False,539.6788860053726
pano_1425,51.504709,-0.132113,4,satellite_51.505037_-0.131467.png,391.8,480.3,False,619.834921571865
pano_1426,51.504821,-0.131961,1,satellite_51.505037_-0.132325.png,258.0,-270.6,True,373.8828158661481
pano_1426,51.504821,-0.131961,2,satellite_51.505037_-0.131467.png,258.0,367.3,False,448.85776143451056
pano_1426,51.504821,-0.131961,3,satellite_51.504503_-0.132325.png,-379.9,-270.6,False,466.42080785488116
pano_1426,51.504821,-0.131961,4,satellite_51.504503_-0.131467.png,-379.9,367.3,False,528.4253021951163
pano_1427,51.505012,-0.131674,1,satellite_51.505037_-0.131467.png,29.9,153.9,True,156.77761319780322
pano_1427,51.505012,-0.131674,2,satellite_51.505037_-0.132325.png,29.9,-484.0,False,484.92268455909544
pano_1427,51.505012,-0.131674,3,satellite_51.504503_-0.131467.png,-608.0,153.9,False,627.1755814761924
pano_1427,51.505012,-0.131674,4,satellite_51.505571_-0.131467.png,667.7,153.9,False,685.2069030592147
pano_1428,51.505297,-0.131178,1,satellite_51.505037_-0.131467.png,-310.6,-214.9,True,377.6961344784985
pano_1428,51.505297,-0.131178,2,satellite_51.505571_-0.131467.png,327.3,-214.9,False,391.54476117041844
pano_1428,51.505297,-0.131178,3,satellite_51.505037_-0.130608.png,-310.6,423.8,False,525.4320127285737
pano_1428,51.505297,-0.131178,4,satellite_51.505571_-0.130608.png,327.3,423.8,False,535.4733700194623
pano_1429,51.505257,-0.13117,1,satellite_51.505037_-0.131467.png,-262.8,-220.8,True,343.2440531167292
pano_1429,51.505257,-0.13117,2,satellite_51.505571_-0.131467.png,375.1,-220.8,False,435.26158801346116
pano_1429,51.505257,-0.13117,3,satellite_51.505037_-0.130608.png,-262.8,417.9,False,493.6641064529606
pano_1429,51.505257,-0.13117,4,satellite_51.505571_-0.130608.png,375.1,417.9,False,561.5517963643247
pano_143,51.508859,-0.124152,1,satellite_51.508776_-0.123742.png,-99.2,304.8,True,320.53655017797894
pano_143,51.508859,-0.124152,2,satellite_51.508776_-0.124600.png,-99.2,-333.1,False,347.55754919149723
pano_143,51.508859,-0.124152,3,satellite_51.509311_-0.123742.png,540.0,304.8,False,620.0830912063318
pano_143,51.508859,-0.124152,4,satellite_51.509311_-0.124600.png,540.0,-333.1,False,634.4727023284769
pano_1430,51.505186,-0.131316,1,satellite_51.505037_-0.131467.png,-178.0,-112.3,True,210.46446255840914
pano_1430,51.505186,-0.131316,2,satellite_51.505571_-0.131467.png,459.9,-112.3,False,473.41239949963284
pano_1430,51.505186,-0.131316,3,satellite_51.505037_-0.130608.png,-178.0,526.4,False,555.6806276990408
pano_1430,51.505186,-0.131316,4,satellite_51.505571_-0.130608.png,459.9,526.4,False,699.0028397653331
pano_1431,51.504991,-0.131632,1,satellite_51.505037_-0.131467.png,54.9,122.7,True,134.4220963978765
pano_1431,51.504991,-0.131632,2,satellite_51.505037_-0.132325.png,54.9,-515.3,False,518.2162675949106
pano_1431,51.504991,-0.131632,3,satellite_51.504503_-0.131467.png,-582.9,122.7,False,595.6741558939752
pano_1431,51.504991,-0.131632,4,satellite_51.505571_-0.131467.png,692.8,122.7,False,703.5816441607896
pano_1432,51.504797,-0.131909,1,satellite_51.505037_-0.132325.png,286.7,-309.3,True,421.7385208870539
pano_1432,51.504797,-0.131909,2,satellite_51.505037_-0.131467.png,286.7,328.6,False,436.09041493708617
pano_1432,51.504797,-0.131909,3,satellite_51.504503_-0.132325.png,-351.2,-309.3,False,467.98283088164675
pano_1432,51.504797,-0.131909,4,satellite_51.504503_-0.131467.png,-351.2,328.6,False,480.9567548127378
pano_1433,51.504181,-0.132678,1,satellite_51.503968_-0.132325.png,-254.4,262.5,True,365.5483688925448
pano_1433,51.504181,-0.132678,2,satellite_51.503968_-0.133183.png,-254.4,-375.5,False,453.56323704639027
pano_1433,51.504181,-0.132678,3,satellite_51.504503_-0.132325.png,384.6,262.5,False,465.6430070343589
pano_1433,51.504181,-0.132678,4,satellite_51.504503_-0.133183.png,384.6,-375.5,False,537.5103812950965
pano_1434,51.504694,-0.132088,1,satellite_51.504503_-0.132325.png,-228.1,-176.2,True,288.2291622997229
pano_1434,51.504694,-0.132088,2,satellite_51.505037_-0.132325.png,409.7,-176.2,False,445.9826566134607
pano_1434,51.504694,-0.132088,3,satellite_51.504503_-0.131467.png,-228.1,461.7,False,514.9723293537236
pano_1434,51.504694,-0.132088,4,satellite_51.505037_-0.131467.png,409.7,461.7,False,617.2689689268366
pano_1435,51.504688,-0.132063,1,satellite_51.504503_-0.132325.png,-221.0,-194.8,True,294.5980991113147
pano_1435,51.504688,-0.132063,2,satellite_51.505037_-0.132325.png,416.9,-194.8,False,460.1658939991098
pano_1435,51.504688,-0.132063,3,satellite_51.504503_-0.131467.png,-221.0,443.1,False,495.15513730547116
pano_1435,51.504688,-0.132063,4,satellite_51.505037_-0.131467.png,416.9,443.1,False,608.3939677544478
pano_1436,51.504995,-0.131662,1,satellite_51.505037_-0.131467.png,50.2,145.0,True,153.44393112795305
pano_1436,51.504995,-0.131662,2,satellite_51.505037_-0.132325.png,50.2,-492.9,False,495.4497451810829
pano_1436,51.504995,-0.131662,3,satellite_51.504503_-0.131467.png,-587.7,145.0,False,605.3232937860562
pano_1436,51.504995,-0.131662,4,satellite_51.505571_-0.131467.png,688.0,145.0,False,703.1137887995086
pano_1437,51.505302,-0.131153,1,satellite_51.505037_-0.131467.png,-316.5,-233.5,True,393.31221694730004
pano_1437,51.505302,-0.131153,2,satellite_51.505571_-0.131467.png,321.3,-233.5,False,397.1850198585037
pano_1437,51.505302,-0.131153,3,satellite_51.505037_-0.130608.png,-316.5,405.2,False,514.1588178763445
pano_1437,51.505302,-0.131153,4,satellite_51.505571_-0.130608.png,321.3,405.2,False,517.1273827597993
pano_1438,51.505205,-0.131352,1,satellite_51.505037_-0.131467.png,-200.7,-85.5,True,218.15301969030818
pano_1438,51.505205,-0.131352,2,satellite_51.505571_-0.131467.png,437.2,-85.5,False,445.48186270599166
pano_1438,51.505205,-0.131352,3,satellite_51.505037_-0.130608.png,-200.7,553.2,False,588.4817159436647
pano_1438,51.505205,-0.131352,4,satellite_51.505571_-0.130608.png,437.2,553.2,False,705.105722569318
pano_1439,51.505097,-0.131099,1,satellite_51.505037_-0.131467.png,-71.7,-273.6,True,282.8389117501339
pano_1439,51.505097,-0.131099,2,satellite_51.505037_-0.130608.png,-71.7,365.1,False,372.07378300546793
pano_1439,51.505097,-0.131099,3,satellite_51.505571_-0.131467.png,566.2,-273.6,False,628.8397252082601
pano_1439,51.505097,-0.131099,4,satellite_51.505571_-0.130608.png,566.2,365.1,False,673.7065013787533
pano_144,51.508266,-0.125677,1,satellite_51.508242_-0.125459.png,-28.7,162.1,True,164.6210800596327
pano_144,51.508266,-0.125677,2,satellite_51.508242_-0.126317.png,-28.7,-475.8,False,476.66479836463697
pano_144,51.508266,-0.125677,3,satellite_51.508776_-0.125459.png,609.2,162.1,False,630.3975333073569
pano_144,51.508266,-0.125677,4,satellite_51.507708_-0.125459.png,-666.6,162.1,False,686.0262167002074
pano_1440,51.505265,-0.131126,1,satellite_51.505037_-0.131467.png,-272.3,-253.5,True,372.03432637325284
pano_1440,51.505265,-0.131126,2,satellite_51.505571_-0.131467.png,365.5,-253.5,False,444.8061375475838
pano_1440,51.505265,-0.131126,3,satellite_51.505037_-0.130608.png,-272.3,385.1,False,471.6453116484887
pano_1440,51.505265,-0.131126,4,satellite_51.505571_-0.130608.png,365.5,385.1,False,530.9352691242126
pano_1441,51.505346,-0.131157,1,satellite_51.505571_-0.131467.png,268.8,-230.5,True,354.0955944374344
pano_1441,51.505346,-0.131157,2,satellite_51.505037_-0.131467.png,-369.1,-230.5,False,435.1609587267682
pano_1441,51.505346,-0.131157,3,satellite_51.505571_-0.130608.png,268.8,408.2,False,488.7542122580633
pano_1441,51.505346,-0.131157,4,satellite_51.505037_-0.130608.png,-369.1,408.2,False,550.329037940031
pano_1442,51.505451,-0.131237,1,satellite_51.505571_-0.131467.png,143.3,-171.0,True,223.1051097577104
pano_1442,51.505451,-0.131237,2,satellite_51.505571_-0.130608.png,143.3,467.7,False,489.16068934451386
pano_1442,51.505451,-0.131237,3,satellite_51.505037_-0.131467.png,-494.5,-171.0,False,523.231545302842
pano_1442,51.505451,-0.131237,4,satellite_51.505037_-0.130608.png,-494.5,467.7,False,680.64200575633
pano_1443,51.505457,-0.131195,1,satellite_51.505571_-0.131467.png,136.2,-202.2,True,243.7935191919588
pano_1443,51.505457,-0.131195,2,satellite_51.505571_-0.130608.png,136.2,436.4,False,457.16014699446407
pano_1443,51.505457,-0.131195,3,satellite_51.505037_-0.131467.png,-501.7,-202.2,False,540.9137916526071
pano_1443,51.505457,-0.131195,4,satellite_51.505037_-0.130608.png,-501.7,436.4,False,664.9419899510032
pano_1444,51.505294,-0.131121,1,satellite_51.505037_-0.131467.png,-307.0,-257.3,True,400.56496352027597
pano_1444,51.505294,-0.131121,2,satellite_51.505571_-0.131467.png,330.9,-257.3,False,419.16357189049717
pano_1444,51.505294,-0.131121,3,satellite_51.505037_-0.130608.png,-307.0,381.4,False,489.6069443951954
pano_1444,51.505294,-0.131121,4,satellite_51.505571_-0.130608.png,330.9,381.4,False,504.93640193592694
pano_1445,51.505341,-0.131133,1,satellite_51.505571_-0.131467.png,274.7,-248.3,True,370.28769895852605
pano_1445,51.505341,-0.131133,2,satellite_51.505037_-0.131467.png,-363.1,-248.3,False,439.8800972992527
pano_1445,51.505341,-0.131133,3,satellite_51.505571_-0.130608.png,274.7,390.3,False,477.2778855132511
pano_1445,51.505341,-0.131133,4,satellite_51.505037_-0.130608.png,-363.1,390.3,False,533.0813258781441
pano_1446,51.509546,-0.125749,1,satellite_51.509311_-0.125459.png,-280.7,215.6,True,353.9432864174711
pano_1446,51.509546,-0.125749,2,satellite_51.509845_-0.125459.png,357.2,215.6,False,417.22320165590025
pano_1446,51.509546,-0.125749,3,satellite_51.509311_-0.126317.png,-280.7,-422.3,False,507.0796584364236
pano_1446,51.509546,-0.125749,4,satellite_51.509845_-0.126317.png,357.2,-422.3,False,553.1086059717386
pano_1447,51.509544,-0.124387,1,satellite_51.509311_-0.124600.png,-278.3,-158.4,True,320.22093935281623
pano_1447,51.509544,-0.124387,2,satellite_51.509845_-0.124600.png,359.6,-158.4,False,392.94111518139715
pano_1447,51.509544,-0.124387,3,satellite_51.509311_-0.123742.png,-278.3,479.6,False,554.4971145100757
pano_1447,51.509544,-0.124387,4,satellite_51.509845_-0.123742.png,359.6,479.6,False,599.4400053383158
pano_1448,51.509556,-0.124346,1,satellite_51.509311_-0.124600.png,-292.7,-188.9,True,348.36259845167075
pano_1448,51.509556,-0.124346,2,satellite_51.509845_-0.124600.png,345.2,-188.9,False,393.5050825592981
pano_1448,51.509556,-0.124346,3,satellite_51.509311_-0.123742.png,-292.7,449.1,False,536.0635223553269
pano_1448,51.509556,-0.124346,4,satellite_51.509845_-0.123742.png,345.2,449.1,False,566.439626085605
pano_1449,51.509543,-0.125793,1,satellite_51.509311_-0.125459.png,-277.2,248.3,True,372.14611377790845
pano_1449,51.509543,-0.125793,2,satellite_51.509845_-0.125459.png,360.8,248.3,False,437.98348142367195
pano_1449,51.509543,-0.125793,3,satellite_51.509311_-0.126317.png,-277.2,-389.6,False,478.1506038896113
pano_1449,51.509543,-0.125793,4,satellite_51.509845_-0.126317.png,360.8,-389.6,False,531.00357814237
pano_145,51.508198,-0.125554,1,satellite_51.508242_-0.125459.png,52.6,70.6,True,88.04044525103221
pano_145,51.508198,-0.125554,2,satellite_51.508242_-0.126317.png,52.6,-567.3,False,569.7333148061467
pano_145,51.508198,-0.125554,3,satellite_51.507708_-0.125459.png,-585.3,70.6,False,589.5425769187498
pano_145,51.508198,-0.125554,4,satellite_51.508776_-0.125459.png,690.5,70.6,False,694.0998559285256
pano_1450,51.509543,-0.126042,1,satellite_51.509311_-0.126317.png,-277.2,-204.5,True,344.47073896051023
pano_1450,51.509543,-0.126042,2,satellite_51.509845_-0.126317.png,360.8,-204.5,False,414.72507761166315
pano_1450,51.509543,-0.126042,3,satellite_51.509311_-0.125459.png,-277.2,433.5,False,514.5503765424722
pano_1450,51.509543,-0.126042,4,satellite_51.509845_-0.125459.png,360.8,433.5,False,564.0025620509183
pano_1451,51.509544,-0.125897,1,satellite_51.509311_-0.126317.png,-278.3,-312.3,True,418.3087137509808
pano_1451,51.509544,-0.125897,2,satellite_51.509311_-0.125459.png,-278.3,325.7,False,428.40562554663074
pano_1451,51.509544,-0.125897,3,satellite_51.509845_-0.126317.png,359.6,-312.3,False,476.2808520190582
pano_1451,51.509544,-0.125897,4,satellite_51.509845_-0.125459.png,359.6,325.7,False,485.172804266686
pano_1452,51.509514,-0.126873,1,satellite_51.509311_-0.127175.png,-242.5,-224.5,True,330.46406763822296
pano_1452,51.509514,-0.126873,2,satellite_51.509845_-0.127175.png,395.4,-224.5,False,454.68825584129615
pano_1452,51.509514,-0.126873,3,satellite_51.509311_-0.126317.png,-242.5,413.4,False,479.2763399125811
pano_1452,51.509514,-0.126873,4,satellite_51.509845_-0.126317.png,395.4,413.4,False,572.0495782709746
pano_1453,51.509627,-0.125861,1,satellite_51.509845_-0.125459.png,260.4,298.9,True,396.4206982487165
pano_1453,51.509627,-0.125861,2,satellite_51.509845_-0.126317.png,260.4,-339.0,False,427.4683146152472
pano_1453,51.509627,-0.125861,3,satellite_51.509311_-0.125459.png,-377.5,298.9,False,481.50541014613736
pano_1453,51.509627,-0.125861,4,satellite_51.509311_-0.126317.png,-377.5,-339.0,False,507.37289048588315
pano_1454,51.50839,-0.124984,1,satellite_51.508242_-0.124600.png,-176.8,285.5,True,335.81019936863146
pano_1454,51.50839,-0.124984,2,satellite_51.508242_-0.125459.png,-176.8,-353.2,False,394.97908805403864
pano_1454,51.50839,-0.124984,3,satellite_51.508776_-0.124600.png,461.1,285.5,False,542.3315037871209
pano_1454,51.50839,-0.124984,4,satellite_51.508776_-0.125459.png,461.1,-353.2,False,580.8299665134367
pano_1455,51.508461,-0.123589,1,satellite_51.508242_-0.123742.png,-261.6,-113.8,True,285.2805636562015
pano_1455,51.508461,-0.123589,2,satellite_51.508776_-0.123742.png,376.3,-113.8,False,393.1311867557699
pano_1455,51.508461,-0.123589,3,satellite_51.508242_-0.122884.png,-261.6,524.2,False,585.8499807971322
pano_1455,51.508461,-0.123589,4,satellite_51.508776_-0.122884.png,376.3,524.2,False,645.280814839555
pano_1456,51.505223,-0.12677,1,satellite_51.505037_-0.127175.png,-222.2,-301.1,True,374.21123713752905
pano_1456,51.505223,-0.12677,2,satellite_51.505037_-0.126317.png,-222.2,336.8,False,403.4935935055227
pano_1456,51.505223,-0.12677,3,satellite_51.505571_-0.127175.png,415.7,-301.1,False,513.2910480419466
pano_1456,51.505223,-0.12677,4,satellite_51.505571_-0.126317.png,415.7,336.8,False,535.014700732606
pano_1457,51.505252,-0.126788,1,satellite_51.505037_-0.127175.png,-256.8,-287.7,True,385.63911886633076
pano_1457,51.505252,-0.126788,2,satellite_51.505037_-0.126317.png,-256.8,350.2,False,434.26521850132093
pano_1457,51.505252,-0.126788,3,satellite_51.505571_-0.127175.png,381.0,-287.7,False,477.42254869245545
pano_1457,51.505252,-0.126788,4,satellite_51.505571_-0.126317.png,381.0,350.2,False,517.4949661590922
pano_1458,51.505231,-0.126773,1,satellite_51.505037_-0.127175.png,-231.7,-298.9,True,378.1879162532827
pano_1458,51.505231,-0.126773,2,satellite_51.505037_-0.126317.png,-231.7,339.0,False,410.61647555839744
pano_1458,51.505231,-0.126773,3,satellite_51.505571_-0.127175.png,406.1,-298.9,False,504.2404386798028
pano_1458,51.505231,-0.126773,4,satellite_51.505571_-0.126317.png,406.1,339.0,False,528.9973629423874
pano_1459,51.50496,-0.126666,1,satellite_51.505037_-0.126317.png,92.0,259.5,True,275.32571619810597
pano_1459,51.50496,-0.126666,2,satellite_51.505037_-0.127175.png,92.0,-378.4,False,389.423368584886
pano_1459,51.50496,-0.126666,3,satellite_51.504503_-0.126317.png,-545.9,259.5,False,604.439459334018
pano_1459,51.50496,-0.126666,4,satellite_51.504503_-0.127175.png,-545.9,-378.4,False,664.2238854482727
pano_146,51.508105,-0.126056,1,satellite_51.508242_-0.126317.png,163.7,-194.1,True,253.91435563984953
pano_146,51.508105,-0.126056,2,satellite_51.508242_-0.125459.png,163.7,443.9,False,473.1224999933949
pano_146,51.508105,-0.126056,3,satellite_51.507708_-0.126317.png,-474.2,-194.1,False,512.3870119353144
pano_146,51.508105,-0.126056,4,satellite_51.507708_-0.125459.png,-474.2,443.9,False,649.5481891284126
pano_1460,51.504887,-0.126641,1,satellite_51.505037_-0.126317.png,179.2,240.9,True,300.24231880266314
pano_1460,51.504887,-0.126641,2,satellite_51.505037_-0.127175.png,179.2,-397.0,False,435.57047650179413
pano_1460,51.504887,-0.126641,3,satellite_51.504503_-0.126317.png,-458.7,240.9,False,518.1105094475502
pano_1460,51.504887,-0.126641,4,satellite_51.504503_-0.127175.png,-458.7,-397.0,False,606.6421432772372
pano_1461,51.507304,-0.12629,1,satellite_51.507174_-0.126317.png,-155.3,-20.1,True,156.59533837250711
pano_1461,51.507304,-0.12629,2,satellite_51.507708_-0.126317.png,482.6,-20.1,False,483.01839509484523
pano_1461,51.507304,-0.12629,3,satellite_51.507174_-0.125459.png,-155.3,617.9,False,637.1173361320504
pano_1461,51.507304,-0.12629,4,satellite_51.507174_-0.127175.png,-155.3,-658.0,False,676.0784643811693
pano_1462,51.507456,-0.126987,1,satellite_51.507708_-0.127175.png,301.0,-139.8,True,331.8810630331294
pano_1462,51.507456,-0.126987,2,satellite_51.507174_-0.127175.png,-336.9,-139.8,False,364.75423232637064
pano_1462,51.507456,-0.126987,3,satellite_51.507708_-0.126317.png,301.0,498.2,False,582.0689306259183
pano_1462,51.507456,-0.126987,4,satellite_51.507174_-0.126317.png,-336.9,498.2,False,601.4190302941868
pano_1463,51.507545,-0.127019,1,satellite_51.507708_-0.127175.png,194.7,-116.0,True,226.63647102794377
pano_1463,51.507545,-0.127019,2,satellite_51.507174_-0.127175.png,-443.2,-116.0,False,458.1290647841501
pano_1463,51.507545,-0.127019,3,satellite_51.507708_-0.126317.png,194.7,521.9,False,557.0347385935638
pano_1463,51.507545,-0.127019,4,satellite_51.507174_-0.126317.png,-443.2,521.9,False,684.6939827397346
pano_1464,51.507616,-0.126988,1,satellite_51.507708_-0.127175.png,109.9,-139.0,True,177.19765799806723
pano_1464,51.507616,-0.126988,2,satellite_51.507708_-0.126317.png,109.9,498.9,False,510.86125317937353
pano_1464,51.507616,-0.126988,3,satellite_51.507174_-0.127175.png,-528.0,-139.0,False,545.9899266470032
pano_1464,51.507616,-0.126988,4,satellite_51.507174_-0.126317.png,-528.0,498.9,False,726.4194449489909
pano_1465,51.507743,-0.126842,1,satellite_51.507708_-0.127175.png,-41.8,-247.6,True,251.10356429170812
pano_1465,51.507743,-0.126842,2,satellite_51.507708_-0.126317.png,-41.8,390.3,False,392.53194774438424
pano_1465,51.507743,-0.126842,3,satellite_51.508242_-0.127175.png,596.1,-247.6,False,645.4773195085944
pano_1465,51.507743,-0.126842,4,satellite_51.508242_-0.126317.png,596.1,390.3,False,712.5091578358836
pano_1466,51.50777,-0.126795,1,satellite_51.507708_-0.127175.png,-74.1,-282.5,True,292.05660410269786
pano_1466,51.50777,-0.126795,2,satellite_51.507708_-0.126317.png,-74.1,355.4,False,363.0426558959704
pano_1466,51.50777,-0.126795,3,satellite_51.508242_-0.127175.png,563.8,-282.5,False,630.6161193626436
pano_1466,51.50777,-0.126795,4,satellite_51.508242_-0.126317.png,563.8,355.4,False,666.4680037331124
pano_1467,51.507964,-0.12646,1,satellite_51.507708_-0.126317.png,-305.8,106.3,True,323.74886872389226
pano_1467,51.507964,-0.12646,2,satellite_51.508242_-0.126317.png,332.1,106.3,False,348.6977200957873
pano_1467,51.507964,-0.12646,3,satellite_51.507708_-0.127175.png,-305.8,-531.6,False,613.2798708583219
pano_1467,51.507964,-0.12646,4,satellite_51.508242_-0.127175.png,332.1,-531.6,False,626.8085592906339
pano_1468,51.508006,-0.126378,1,satellite_51.508242_-0.126317.png,281.9,45.4,True,285.5324324835972
pano_1468,51.508006,-0.126378,2,satellite_51.507708_-0.126317.png,-356.0,45.4,False,358.8832122014068
pano_1468,51.508006,-0.126378,3,satellite_51.508242_-0.127175.png,281.9,-592.6,False,656.2334721728236
pano_1468,51.508006,-0.126378,4,satellite_51.507708_-0.127175.png,-356.0,-592.6,False,691.3108996681594
pano_1469,51.508229,-0.126305,1,satellite_51.508242_-0.126317.png,15.5,-8.9,True,17.87344398821895
pano_1469,51.508229,-0.126305,2,satellite_51.507708_-0.126317.png,-622.4,-8.9,False,622.4636294595854
pano_1469,51.508229,-0.126305,3,satellite_51.508242_-0.125459.png,15.5,629.0,False,629.1909487588009
pano_1469,51.508229,-0.126305,4,satellite_51.508242_-0.127175.png,15.5,-646.9,False,647.0856666624597
pano_147,51.507859,-0.125596,1,satellite_51.507708_-0.125459.png,-180.4,101.9,True,207.19017833864618
pano_147,51.507859,-0.125596,2,satellite_51.508242_-0.125459.png,457.5,101.9,False,468.7108490316818
pano_147,51.507859,-0.125596,3,satellite_51.507708_-0.126317.png,-180.4,-536.1,False,565.6389042489917
pano_147,51.507859,-0.125596,4,satellite_51.508242_-0.126317.png,457.5,-536.1,False,704.776177236433
pano_1470,51.508032,-0.126729,1,satellite_51.508242_-0.126317.png,250.9,306.3,True,395.942546337218
pano_1470,51.508032,-0.126729,2,satellite_51.508242_-0.127175.png,250.9,-331.6,False,415.8237246718855
pano_1470,51.508032,-0.126729,3,satellite_51.507708_-0.126317.png,-387.0,306.3,False,493.5470494289273
pano_1470,51.508032,-0.126729,4,satellite_51.507708_-0.127175.png,-387.0,-331.6,False,509.634731940436
pano_1471,51.50792,-0.12693,1,satellite_51.507708_-0.127175.png,-253.3,-182.2,True,312.0220024293159
pano_1471,51.50792,-0.12693,2,satellite_51.508242_-0.127175.png,384.7,-182.2,False,425.66527929818284
pano_1471,51.50792,-0.12693,3,satellite_51.507708_-0.126317.png,-253.3,455.8,False,521.4542453561961
pano_1471,51.50792,-0.12693,4,satellite_51.508242_-0.126317.png,384.7,455.8,False,596.4459154022265
pano_1472,51.508041,-0.12695,1,satellite_51.508242_-0.127175.png,240.1,-167.3,True,292.63851421164645
pano_1472,51.508041,-0.12695,2,satellite_51.507708_-0.127175.png,-397.8,-167.3,False,431.54852566078824
pano_1472,51.508041,-0.12695,3,satellite_51.508242_-0.126317.png,240.1,470.6,False,528.3108649270806
pano_1472,51.508041,-0.12695,4,satellite_51.507708_-0.126317.png,-397.8,470.6,False,616.2054852076537
pano_1473,51.507928,-0.126904,1,satellite_51.507708_-0.127175.png,-262.8,-201.5,True,331.15870817479646
pano_1473,51.507928,-0.126904,2,satellite_51.508242_-0.127175.png,375.1,-201.5,False,425.79603098197146
pano_1473,51.507928,-0.126904,3,satellite_51.507708_-0.126317.png,-262.8,436.4,False,509.42006242392927
pano_1473,51.507928,-0.126904,4,satellite_51.508242_-0.126317.png,375.1,436.4,False,575.4519701938642
pano_1474,51.508522,-0.12702,1,satellite_51.508776_-0.127175.png,303.4,-115.2,True,324.5344357691491
pano_1474,51.508522,-0.12702,2,satellite_51.508242_-0.127175.png,-334.5,-115.2,False,353.78141556616566
pano_1474,51.508522,-0.12702,3,satellite_51.508776_-0.126317.png,303.4,522.7,False,604.3731049608347
pano_1474,51.508522,-0.12702,4,satellite_51.508242_-0.126317.png,-334.5,522.7,False,620.5687230275146
pano_1475,51.508522,-0.1263,1,satellite_51.508776_-0.126317.png,303.4,-12.6,True,303.6615220932675
pano_1475,51.508522,-0.1263,2,satellite_51.508242_-0.126317.png,-334.5,-12.6,False,334.73722529769526
pano_1475,51.508522,-0.1263,3,satellite_51.508776_-0.125459.png,303.4,625.3,False,695.0191723974239
pano_1475,51.508522,-0.1263,4,satellite_51.508242_-0.125459.png,-334.5,625.3,False,709.1476150985773
pano_1476,51.508378,-0.127378,1,satellite_51.508242_-0.127175.png,-162.5,150.9,True,221.75901334556843
pano_1476,51.508378,-0.127378,2,satellite_51.508776_-0.127175.png,475.4,150.9,False,498.7744680714922
pano_1476,51.508378,-0.127378,3,satellite_51.508242_-0.128034.png,-162.5,-487.7,False,514.0598603275693
pano_1476,51.508378,-0.127378,4,satellite_51.508776_-0.128034.png,475.4,-487.7,False,681.0700771579969
pano_1477,51.508612,-0.127407,1,satellite_51.508776_-0.127175.png,195.9,172.5,True,261.0231024258198
pano_1477,51.508612,-0.127407,2,satellite_51.508242_-0.127175.png,-442.0,172.5,False,474.46838672349924
pano_1477,51.508612,-0.127407,3,satellite_51.508776_-0.128034.png,195.9,-466.2,False,505.6869090652832
pano_1477,51.508612,-0.127407,4,satellite_51.508242_-0.128034.png,-442.0,-466.2,False,642.4223221526474
pano_1478,51.508419,-0.127397,1,satellite_51.508242_-0.127175.png,-211.4,165.1,True,268.2311875975648
pano_1478,51.508419,-0.127397,2,satellite_51.508776_-0.127175.png,426.5,165.1,False,457.3404202560714
pano_1478,51.508419,-0.127397,3,satellite_51.508242_-0.128034.png,-211.4,-473.6,False,518.6394894336528
pano_1478,51.508419,-0.127397,4,satellite_51.508776_-0.128034.png,426.5,-473.6,False,637.3375949996987
pano_1479,51.507408,-0.126847,1,satellite_51.507174_-0.127175.png,-279.5,-243.9,True,370.95479508964434
pano_1479,51.507408,-0.126847,2,satellite_51.507708_-0.127175.png,358.4,-243.9,False,433.517900437802
pano_1479,51.507408,-0.126847,3,satellite_51.507174_-0.126317.png,-279.5,394.1,False,483.1511771692169
pano_1479,51.507408,-0.126847,4,satellite_51.507708_-0.126317.png,358.4,394.1,False,532.6963206180421
pano_148,51.507981,-0.125319,1,satellite_51.508242_-0.125459.png,311.8,-104.1,True,328.71880080092774
pano_148,51.507981,-0.125319,2,satellite_51.507708_-0.125459.png,-326.1,-104.1,False,342.3127517344337
pano_148,51.507981,-0.125319,3,satellite_51.508242_-0.124600.png,311.8,534.6,False,618.8831876856892
pano_148,51.507981,-0.125319,4,satellite_51.507708_-0.124600.png,-326.1,534.6,False,626.2095256381845
pano_1480,51.507694,-0.126913,1,satellite_51.507708_-0.127175.png,16.7,-194.8,True,195.51452631454268
pano_1480,51.507694,-0.126913,2,satellite_51.507708_-0.126317.png,16.7,443.1,False,443.4145915506165
pano_1480,51.507694,-0.126913,3,satellite_51.507174_-0.127175.png,-621.2,-194.8,False,651.027249813708
pano_1480,51.507694,-0.126913,4,satellite_51.508242_-0.127175.png,654.6,-194.8,False,682.9701311184846
pano_1481,51.508018,-0.126746,1,satellite_51.508242_-0.126317.png,267.6,319.0,True,416.3781454399354
pano_1481,51.508018,-0.126746,2,satellite_51.508242_-0.127175.png,267.6,-319.0,True,416.3781454399354
pano_1481,51.508018,-0.126746,3,satellite_51.507708_-0.126317.png,-370.3,319.0,False,488.75667770374247
pano_1481,51.508018,-0.126746,4,satellite_51.507708_-0.127175.png,-370.3,-319.0,False,488.75667770374247
pano_1482,51.508028,-0.126765,1,satellite_51.508242_-0.127175.png,255.6,-304.8,True,397.78687761161757
pano_1482,51.508028,-0.126765,2,satellite_51.508242_-0.126317.png,255.6,333.1,False,419.865418914204
pano_1482,51.508028,-0.126765,3,satellite_51.507708_-0.127175.png,-382.3,-304.8,False,488.93387078417874
pano_1482,51.508028,-0.126765,4,satellite_51.507708_-0.126317.png,-382.3,333.1,False,507.05906953726804
pano_1483,51.508065,-0.126962,1,satellite_51.508242_-0.127175.png,211.4,-158.4,True,264.16002725620694
pano_1483,51.508065,-0.126962,2,satellite_51.507708_-0.127175.png,-426.5,-158.4,False,454.9646249984717
pano_1483,51.508065,-0.126962,3,satellite_51.508242_-0.126317.png,211.4,479.6,False,524.1241455991128
pano_1483,51.508065,-0.126962,4,satellite_51.507708_-0.126317.png,-426.5,479.6,False,641.8087020288834
pano_1484,51.508459,-0.127411,1,satellite_51.508242_-0.127175.png,-259.2,175.5,True,313.02538235740565
pano_1484,51.508459,-0.127411,2,satellite_51.508776_-0.127175.png,378.7,175.5,False,417.3894344613912
pano_1484,51.508459,-0.127411,3,satellite_51.508242_-0.128034.png,-259.2,-463.2,False,530.7908062504474
pano_1484,51.508459,-0.127411,4,satellite_51.508776_-0.128034.png,378.7,-463.2,False,598.3042119189869
pano_1485,51.507641,-0.129174,1,satellite_51.507708_-0.128892.png,80.0,209.7,True,224.441729631546
pano_1485,51.507641,-0.129174,2,satellite_51.507708_-0.129750.png,80.0,-428.3,False,435.70734444119716
pano_1485,51.507641,-0.129174,3,satellite_51.507174_-0.128892.png,-557.9,209.7,False,596.0088086597378
pano_1485,51.507641,-0.129174,4,satellite_51.507174_-0.129750.png,-557.9,-428.3,False,703.3443680019055
pano_1486,51.507613,-0.128833,1,satellite_51.507708_-0.128892.png,113.5,-43.9,True,121.69412475547043
pano_1486,51.507613,-0.128833,2,satellite_51.507174_-0.128892.png,-524.4,-43.9,False,526.2343299329682
pano_1486,51.507613,-0.128833,3,satellite_51.507708_-0.128034.png,113.5,594.1,False,604.844657742796
pano_1486,51.507613,-0.128833,4,satellite_51.507708_-0.129750.png,113.5,-681.8,False,691.1826748407399
pano_1487,51.507872,-0.128969,1,satellite_51.507708_-0.128892.png,-195.9,57.3,True,204.10805961548897
pano_1487,51.507872,-0.128969,2,satellite_51.508242_-0.128892.png,442.0,57.3,False,445.6986538009735
pano_1487,51.507872,-0.128969,3,satellite_51.507708_-0.129750.png,-195.9,-580.7,False,612.8534082470294
pano_1487,51.507872,-0.128969,4,satellite_51.507708_-0.128034.png,-195.9,695.2,False,722.2740823260932
pano_1488,51.508232,-0.129131,1,satellite_51.508242_-0.128892.png,11.9,177.7,True,178.0980067266335
pano_1488,51.508232,-0.129131,2,satellite_51.508242_-0.129750.png,11.9,-460.2,False,460.3538313080494
pano_1488,51.508232,-0.129131,3,satellite_51.507708_-0.128892.png,-626.0,177.7,False,650.7328868283821
pano_1488,51.508232,-0.129131,4,satellite_51.508776_-0.128892.png,649.9,177.7,False,673.7561131448085
pano_1489,51.507634,-0.129094,1,satellite_51.507708_-0.128892.png,88.4,150.2,True,174.2831030249347
pano_1489,51.507634,-0.129094,2,satellite_51.507708_-0.129750.png,88.4,-487.7,False,495.6469005249604
pano_1489,51.507634,-0.129094,3,satellite_51.507174_-0.128892.png,-549.5,150.2,False,569.6580465507355
pano_1489,51.507634,-0.129094,4,satellite_51.507174_-0.129750.png,-549.5,-487.7,False,734.7118754995049
pano_149,51.507049,-0.124046,1,satellite_51.507174_-0.123742.png,149.3,226.0,True,270.862492789238
pano_149,51.507049,-0.124046,2,satellite_51.507174_-0.124600.png,149.3,-411.9,False,438.12338444780596
pano_149,51.507049,-0.124046,3,satellite_51.506640_-0.123742.png,-488.6,226.0,False,538.3362889495747
pano_149,51.507049,-0.124046,4,satellite_51.506640_-0.124600.png,-488.6,-411.9,False,639.055216706663
pano_1490,51.507727,-0.128886,1,satellite_51.507708_-0.128892.png,-22.7,-4.5,True,23.14173718630475
pano_1490,51.507727,-0.128886,2,satellite_51.508242_-0.128892.png,615.2,-4.5,False,615.2164578422785
pano_1490,51.507727,-0.128886,3,satellite_51.507708_-0.128034.png,-22.7,633.5,False,633.9065704029261
pano_1490,51.507727,-0.128886,4,satellite_51.507708_-0.129750.png,-22.7,-642.4,False,642.8009411940837
pano_1491,51.50741,-0.128913,1,satellite_51.507174_-0.128892.png,-281.9,15.6,True,282.33131246817095
pano_1491,51.50741,-0.128913,2,satellite_51.507708_-0.128892.png,356.0,15.6,False,356.34163382911066
pano_1491,51.50741,-0.128913,3,satellite_51.507174_-0.129750.png,-281.9,-622.3,False,683.1726721700744
pano_1491,51.50741,-0.128913,4,satellite_51.507174_-0.128034.png,-281.9,653.5,False,711.7091119270569
pano_1492,51.507347,-0.12897,1,satellite_51.507174_-0.128892.png,-206.7,58.0,True,214.68323176252028
pano_1492,51.507347,-0.12897,2,satellite_51.507708_-0.128892.png,431.2,58.0,False,435.08325640042733
pano_1492,51.507347,-0.12897,3,satellite_51.507174_-0.129750.png,-206.7,-579.9,False,615.6369871929398
pano_1492,51.507347,-0.12897,4,satellite_51.507708_-0.129750.png,431.2,-579.9,False,722.6461443888011
pano_1493,51.507183,-0.12902,1,satellite_51.507174_-0.128892.png,-10.8,95.2,True,95.81064659003195
pano_1493,51.507183,-0.12902,2,satellite_51.507174_-0.129750.png,-10.8,-542.8,False,542.9074322571022
pano_1493,51.507183,-0.12902,3,satellite_51.507708_-0.128892.png,627.1,95.2,False,634.2849911514539
pano_1493,51.507183,-0.12902,4,satellite_51.506640_-0.128892.png,-648.6,95.2,False,655.549387918256
pano_1494,51.507147,-0.128994,1,satellite_51.507174_-0.128892.png,32.3,75.8,True,82.39496343830731
pano_1494,51.507147,-0.128994,2,satellite_51.507174_-0.129750.png,32.3,-562.1,False,563.0272639934944
pano_1494,51.507147,-0.128994,3,satellite_51.506640_-0.128892.png,-605.6,75.8,False,610.3253230859752
pano_1494,51.507147,-0.128994,4,satellite_51.507708_-0.128892.png,670.1,75.8,False,674.3735240947705
pano_1495,51.507132,-0.128998,1,satellite_51.507174_-0.128892.png,50.2,78.8,True,93.43168627398309
pano_1495,51.507132,-0.128998,2,satellite_51.507174_-0.129750.png,50.2,-559.1,False,561.349133783958
pano_1495,51.507132,-0.128998,3,satellite_51.506640_-0.128892.png,-587.7,78.8,False,592.9592987718466
pano_1495,51.507132,-0.128998,4,satellite_51.507708_-0.128892.png,688.1,78.8,False,692.5973216812205
pano_1496,51.507112,-0.129007,1,satellite_51.507174_-0.128892.png,74.1,85.5,True,113.14176947529148
pano_1496,51.507112,-0.129007,2,satellite_51.507174_-0.129750.png,74.1,-552.4,False,557.347799852121
pano_1496,51.507112,-0.129007,3,satellite_51.506640_-0.128892.png,-563.8,85.5,False,570.2461661423073
pano_1496,51.507112,-0.129007,4,satellite_51.507708_-0.128892.png,712.0,85.5,False,717.1152278399894
pano_1497,51.507111,-0.129111,1,satellite_51.507174_-0.128892.png,75.3,162.8,True,179.3709285252212
pano_1497,51.507111,-0.129111,2,satellite_51.507174_-0.129750.png,75.3,-475.1,False,481.0302485291336
pano_1497,51.507111,-0.129111,3,satellite_51.506640_-0.128892.png,-562.6,162.8,False,585.6813126607336
pano_1497,51.507111,-0.129111,4,satellite_51.507708_-0.128892.png,713.2,162.8,False,731.5449951985182
pano_1498,51.507101,-0.129012,1,satellite_51.507174_-0.128892.png,87.2,89.2,True,124.74165302736692
pano_1498,51.507101,-0.129012,2,satellite_51.507174_-0.129750.png,87.2,-548.7,False,555.5857539570287
pano_1498,51.507101,-0.129012,3,satellite_51.506640_-0.128892.png,-550.7,89.2,False,557.8773431499079
pano_1498,51.507101,-0.129012,4,satellite_51.507708_-0.128892.png,725.1,89.2,False,730.5659792243272
pano_1499,51.507059,-0.128655,1,satellite_51.507174_-0.128892.png,137.4,-176.2,True,223.43947726397857
pano_1499,51.507059,-0.128655,2,satellite_51.507174_-0.128034.png,137.4,461.7,False,481.7111686477697
pano_1499,51.507059,-0.128655,3,satellite_51.506640_-0.128892.png,-500.5,-176.2,False,530.6097341738088
pano_1499,51.507059,-0.128655,4,satellite_51.506640_-0.128034.png,-500.5,461.7,False,680.9310831501232
pano_15,51.505944,-0.125549,1,satellite_51.506105_-0.125459.png,192.3,66.9,True,203.60476418787457
pano_15,51.505944,-0.125549,2,satellite_51.505571_-0.125459.png,-445.6,66.9,False,450.5940190459701
pano_15,51.505944,-0.125549,3,satellite_51.506105_-0.126317.png,192.3,-571.0,False,602.5116513396234
pano_15,51.505944,-0.125549,4,satellite_51.505571_-0.126317.png,-445.6,-571.0,False,724.2930070075232
pano_150,51.505895,-0.126977,1,satellite_51.506105_-0.127175.png,250.9,-147.2,True,290.8928496886783
pano_150,51.505895,-0.126977,2,satellite_51.505571_-0.127175.png,-387.0,-147.2,False,414.04932073365364
pano_150,51.505895,-0.126977,3,satellite_51.506105_-0.126317.png,250.9,490.7,False,551.1236703318049
pano_150,51.505895,-0.126977,4,satellite_51.505571_-0.126317.png,-387.0,490.7,False,624.9443895259801
pano_1500,51.507061,-0.128668,1,satellite_51.507174_-0.128892.png,135.0,-166.5,True,214.35309654866197
pano_1500,51.507061,-0.128668,2,satellite_51.507174_-0.128034.png,135.0,471.4,False,490.34983430200117
pano_1500,51.507061,-0.128668,3,satellite_51.506640_-0.128892.png,-502.9,-166.5,False,529.7458447217873
pano_1500,51.507061,-0.128668,4,satellite_51.506640_-0.128034.png,-502.9,471.4,False,689.2941099414676
pano_1501,51.507087,-0.12866,1,satellite_51.507174_-0.128892.png,103.9,-172.5,True,201.3739307854917
pano_1501,51.507087,-0.12866,2,satellite_51.507174_-0.128034.png,103.9,465.4,False,476.8567604637686
pano_1501,51.507087,-0.12866,3,satellite_51.506640_-0.128892.png,-534.0,-172.5,False,561.1704286578187
pano_1501,51.507087,-0.12866,4,satellite_51.506640_-0.128034.png,-534.0,465.4,False,708.3453677409065
pano_1502,51.507103,-0.128655,1,satellite_51.507174_-0.128892.png,84.8,-176.2,True,195.54406153089894
pano_1502,51.507103,-0.128655,2,satellite_51.507174_-0.128034.png,84.8,461.7,False,469.4229755774636
pano_1502,51.507103,-0.128655,3,satellite_51.506640_-0.128892.png,-553.1,-176.2,False,580.4877690356619
pano_1502,51.507103,-0.128655,4,satellite_51.506640_-0.128034.png,-553.1,461.7,False,720.4765783840583
pano_1503,51.507071,-0.128665,1,satellite_51.507174_-0.128892.png,123.0,-168.8,True,208.85985732064455
pano_1503,51.507071,-0.128665,2,satellite_51.507174_-0.128034.png,123.0,469.2,False,485.0542650054734
pano_1503,51.507071,-0.128665,3,satellite_51.506640_-0.128892.png,-514.9,-168.8,False,541.8629439258602
pano_1503,51.507071,-0.128665,4,satellite_51.506640_-0.128034.png,-514.9,469.2,False,696.613702133399
pano_1504,51.507136,-0.127352,1,satellite_51.507174_-0.127175.png,45.4,131.6,True,139.21106277878923
pano_1504,51.507136,-0.127352,2,satellite_51.507174_-0.128034.png,45.4,-507.1,False,509.12824514065215
pano_1504,51.507136,-0.127352,3,satellite_51.506640_-0.127175.png,-592.5,131.6,False,606.9388848969886
pano_1504,51.507136,-0.127352,4,satellite_51.507708_-0.127175.png,683.3,131.6,False,695.8573488869683
pano_1505,51.507226,-0.127321,1,satellite_51.507174_-0.127175.png,-62.1,108.6,True,125.10143884064642
pano_1505,51.507226,-0.127321,2,satellite_51.507174_-0.128034.png,-62.1,-530.1,False,533.7250415710322
pano_1505,51.507226,-0.127321,3,satellite_51.507708_-0.127175.png,575.8,108.6,False,585.9518751569962
pano_1505,51.507226,-0.127321,4,satellite_51.506640_-0.127175.png,-700.0,108.6,False,708.3741666661765
pano_1506,51.507279,-0.127227,1,satellite_51.507174_-0.127175.png,-125.4,38.7,True,131.2358563807925
pano_1506,51.507279,-0.127227,2,satellite_51.507708_-0.127175.png,512.5,38.7,False,513.9590839745904
pano_1506,51.507279,-0.127227,3,satellite_51.507174_-0.128034.png,-125.4,-600.0,False,612.9642403925371
pano_1506,51.507279,-0.127227,4,satellite_51.507174_-0.126317.png,-125.4,676.6,False,688.1226053545981
pano_1507,51.507269,-0.126975,1,satellite_51.507174_-0.127175.png,-113.5,-148.7,True,187.06667260631968
pano_1507,51.507269,-0.126975,2,satellite_51.507174_-0.126317.png,-113.5,489.2,False,502.1940760303729
pano_1507,51.507269,-0.126975,3,satellite_51.507708_-0.127175.png,524.4,-148.7,False,545.0752700315801
pano_1507,51.507269,-0.126975,4,satellite_51.507708_-0.126317.png,524.4,489.2,False,717.1554922051423
pano_1508,51.507157,-0.126345,1,satellite_51.507174_-0.126317.png,20.3,20.8,True,29.064239195272254
pano_1508,51.507157,-0.126345,2,satellite_51.507174_-0.127175.png,20.3,-617.1,False,617.4338021197091
pano_1508,51.507157,-0.126345,3,satellite_51.506640_-0.126317.png,-617.6,20.8,False,617.9501598025524
pano_1508,51.507157,-0.126345,4,satellite_51.507708_-0.126317.png,658.2,20.8,False,658.5285718934298
pano_1509,51.507219,-0.129009,1,satellite_51.507174_-0.128892.png,-53.8,87.0,True,102.29095756712809
pano_1509,51.507219,-0.129009,2,satellite_51.507174_-0.129750.png,-53.8,-550.9,False,553.5207764844965
pano_1509,51.507219,-0.129009,3,satellite_51.507708_-0.128892.png,584.1,87.0,False,590.5436563032407
pano_1509,51.507219,-0.129009,4,satellite_51.506640_-0.128892.png,-691.7,87.0,False,697.1498332496394
pano_151,51.506447,-0.131702,1,satellite_51.506640_-0.131467.png,230.5,174.7,True,289.2236850605427
pano_151,51.506447,-0.131702,2,satellite_51.506105_-0.131467.png,-408.5,174.7,False,444.2885773908665
pano_151,51.506447,-0.131702,3,satellite_51.506640_-0.132325.png,230.5,-463.2,False,517.3823441131326
pano_151,51.506447,-0.131702,4,satellite_51.506105_-0.132325.png,-408.5,-463.2,False,617.5973526497664
pano_1510,51.507222,-0.129033,1,satellite_51.507174_-0.128892.png,-57.3,104.8,True,119.4417431219086
pano_1510,51.507222,-0.129033,2,satellite_51.507174_-0.129750.png,-57.3,-533.1,False,536.1705885257043
pano_1510,51.507222,-0.129033,3,satellite_51.507708_-0.128892.png,580.6,104.8,False,589.9825421145952
pano_1510,51.507222,-0.129033,4,satellite_51.506640_-0.128892.png,-695.2,104.8,False,703.0548200531734
pano_1511,51.507228,-0.129065,1,satellite_51.507174_-0.128892.png,-64.5,128.6,True,143.86872488487552
pano_1511,51.507228,-0.129065,2,satellite_51.507174_-0.129750.png,-64.5,-509.3,False,513.368035623567
pano_1511,51.507228,-0.129065,3,satellite_51.507708_-0.128892.png,573.4,128.6,False,587.644041916533
pano_1511,51.507228,-0.129065,4,satellite_51.506640_-0.128892.png,-702.4,128.6,False,714.0754301892763
pano_1512,51.507233,-0.129107,1,satellite_51.507174_-0.128892.png,-70.5,159.9,True,174.7519956967588
pano_1512,51.507233,-0.129107,2,satellite_51.507174_-0.129750.png,-70.5,-478.1,False,483.2699659610558
pano_1512,51.507233,-0.129107,3,satellite_51.507708_-0.128892.png,567.4,159.9,False,589.5004410515737
pano_1512,51.507233,-0.129107,4,satellite_51.506640_-0.128892.png,-708.4,159.9,False,726.2221216680197
pano_1513,51.507451,-0.129128,1,satellite_51.507708_-0.128892.png,307.0,175.5,True,353.62303375204505
pano_1513,51.507451,-0.129128,2,satellite_51.507174_-0.128892.png,-330.9,175.5,False,374.5598216573689
pano_1513,51.507451,-0.129128,3,satellite_51.507708_-0.129750.png,307.0,-462.5,False,555.1173299402568
pano_1513,51.507451,-0.129128,4,satellite_51.507174_-0.129750.png,-330.9,-462.5,False,568.6836203021852
pano_1514,51.507436,-0.129059,1,satellite_51.507174_-0.128892.png,-313.0,124.2,True,336.74120626974064
pano_1514,51.507436,-0.129059,2,satellite_51.507708_-0.128892.png,324.9,124.2,False,347.8299153321922
pano_1514,51.507436,-0.129059,3,satellite_51.507174_-0.129750.png,-313.0,-513.8,False,601.6306508149331
pano_1514,51.507436,-0.129059,4,satellite_51.507708_-0.129750.png,324.9,-513.8,False,607.9066128937898
pano_1515,51.507238,-0.129135,1,satellite_51.507174_-0.128892.png,-76.5,180.7,True,196.2262469701747
pano_1515,51.507238,-0.129135,2,satellite_51.507174_-0.129750.png,-76.5,-457.3,False,463.6545481282374
pano_1515,51.507238,-0.129135,3,satellite_51.507708_-0.128892.png,561.4,180.7,False,589.7647412316202
pano_1515,51.507238,-0.129135,4,satellite_51.507708_-0.129750.png,561.4,-457.3,False,724.0809692292706
pano_1516,51.507418,-0.129035,1,satellite_51.507174_-0.128892.png,-291.5,106.3,True,310.27719864662953
pano_1516,51.507418,-0.129035,2,satellite_51.507708_-0.128892.png,346.4,106.3,False,362.3432764658398
pano_1516,51.507418,-0.129035,3,satellite_51.507174_-0.129750.png,-291.5,-531.6,False,606.2761829397556
pano_1516,51.507418,-0.129035,4,satellite_51.507708_-0.129750.png,346.4,-531.6,False,634.5010007872328
pano_1517,51.507416,-0.129051,1,satellite_51.507174_-0.128892.png,-289.1,118.2,True,312.3300337783736
pano_1517,51.507416,-0.129051,2,satellite_51.507708_-0.128892.png,348.8,118.2,False,368.2834234662212
pano_1517,51.507416,-0.129051,3,satellite_51.507174_-0.129750.png,-289.1,-519.7,False,594.6989994947024
pano_1517,51.507416,-0.129051,4,satellite_51.507708_-0.129750.png,348.8,-519.7,False,625.8989774716044
pano_1518,51.505563,-0.126576,1,satellite_51.505571_-0.126317.png,9.6,192.6,True,192.83910391826652
pano_1518,51.505563,-0.126576,2,satellite_51.505571_-0.127175.png,9.6,-445.4,False,445.5034455534547
pano_1518,51.505563,-0.126576,3,satellite_51.505037_-0.126317.png,-628.3,192.6,False,657.1572490660054
pano_1518,51.505563,-0.126576,4,satellite_51.506105_-0.126317.png,647.4,192.6,False,675.4417221344859
pano_1519,51.504976,-0.126302,1,satellite_51.505037_-0.126317.png,72.9,-11.2,True,73.75533878981237
pano_1519,51.504976,-0.126302,2,satellite_51.504503_-0.126317.png,-565.0,-11.2,False,565.1109979464211
pano_1519,51.504976,-0.126302,3,satellite_51.505037_-0.125459.png,72.9,626.8,False,631.0250787409324
pano_1519,51.504976,-0.126302,4,satellite_51.505037_-0.127175.png,72.9,-649.1,False,653.1808478514967
pano_152,51.510319,-0.121919,1,satellite_51.510379_-0.122025.png,71.7,-78.8,True,106.53792751879492
pano_152,51.510319,-0.121919,2,satellite_51.510379_-0.121167.png,71.7,559.1,False,563.678720549215
pano_152,51.510319,-0.121919,3,satellite_51.509845_-0.122025.png,-566.3,-78.8,False,571.7561805525148
pano_152,51.510319,-0.121919,4,satellite_51.510913_-0.122025.png,709.6,-78.8,False,713.961903745571
pano_1520,51.50495,-0.126282,1,satellite_51.505037_-0.126317.png,103.9,-26.0,True,107.10373476214544
pano_1520,51.50495,-0.126282,2,satellite_51.504503_-0.126317.png,-533.9,-26.0,False,534.5327024607568
pano_1520,51.50495,-0.126282,3,satellite_51.505037_-0.125459.png,103.9,611.9,False,620.6583762425188
pano_1520,51.50495,-0.126282,4,satellite_51.505037_-0.127175.png,103.9,-664.0,False,672.0797646113145
pano_1521,51.504935,-0.126222,1,satellite_51.505037_-0.126317.png,121.8,-70.6,True,140.78210113505196
pano_1521,51.504935,-0.126222,2,satellite_51.504503_-0.126317.png,-516.0,-70.6,False,520.8074116216089
pano_1521,51.504935,-0.126222,3,satellite_51.505037_-0.125459.png,121.8,567.3,False,580.2279982903272
pano_1521,51.504935,-0.126222,4,satellite_51.505037_-0.127175.png,121.8,-708.6,False,718.991794111727
pano_1522,51.505009,-0.126317,1,satellite_51.505037_-0.126317.png,33.4,0.0,True,33.4
pano_1522,51.505009,-0.126317,2,satellite_51.504503_-0.126317.png,-604.4,0.0,False,604.4
pano_1522,51.505009,-0.126317,3,satellite_51.505037_-0.127175.png,33.4,-637.9,False,638.7738019048684
pano_1522,51.505009,-0.126317,4,satellite_51.505037_-0.125459.png,33.4,637.9,False,638.7738019048684
pano_1523,51.505049,-0.124885,1,satellite_51.505037_-0.124600.png,-14.3,211.9,True,212.3819672194417
pano_1523,51.505049,-0.124885,2,satellite_51.505037_-0.125459.png,-14.3,-426.8,False,427.0394946606227
pano_1523,51.505049,-0.124885,3,satellite_51.505571_-0.124600.png,623.5,211.9,False,658.5240010812058
pano_1523,51.505049,-0.124885,4,satellite_51.504503_-0.124600.png,-652.2,211.9,False,685.7597611408823
pano_1524,51.50507,-0.124859,1,satellite_51.505037_-0.124600.png,-39.4,192.6,True,196.58870771232003
pano_1524,51.50507,-0.124859,2,satellite_51.505037_-0.125459.png,-39.4,-446.1,False,447.83654384161196
pano_1524,51.50507,-0.124859,3,satellite_51.505571_-0.124600.png,598.4,192.6,False,628.6313068882268
pano_1524,51.50507,-0.124859,4,satellite_51.504503_-0.124600.png,-677.3,192.6,False,704.1520077369657
pano_1525,51.505195,-0.124781,1,satellite_51.505037_-0.124600.png,-188.7,134.6,True,231.7862161561813
pano_1525,51.505195,-0.124781,2,satellite_51.505571_-0.124600.png,449.1,134.6,False,468.836826625213
pano_1525,51.505195,-0.124781,3,satellite_51.505037_-0.125459.png,-188.7,-504.1,False,538.260624604847
pano_1525,51.505195,-0.124781,4,satellite_51.505571_-0.125459.png,449.1,-504.1,False,675.1352605219195
pano_1526,51.506057,-0.124392,1,satellite_51.506105_-0.124600.png,57.3,-154.7,True,164.97084590920906
pano_1526,51.506057,-0.124392,2,satellite_51.506105_-0.123742.png,57.3,483.3,False,486.6848877867485
pano_1526,51.506057,-0.124392,3,satellite_51.505571_-0.124600.png,-580.5,-154.7,False,600.7598022504502
pano_1526,51.506057,-0.124392,4,satellite_51.506640_-0.124600.png,696.4,-154.7,False,713.3758125981003
pano_1527,51.506126,-0.124373,1,satellite_51.506105_-0.124600.png,-25.1,-168.8,True,170.65594041814074
pano_1527,51.506126,-0.124373,2,satellite_51.506105_-0.123742.png,-25.1,469.2,False,469.8708865209676
pano_1527,51.506126,-0.124373,3,satellite_51.506640_-0.124600.png,614.0,-168.8,False,636.7805273404645
pano_1527,51.506126,-0.124373,4,satellite_51.505571_-0.124600.png,-663.0,-168.8,False,684.1508897896721
pano_1528,51.506149,-0.124404,1,satellite_51.506105_-0.124600.png,-52.6,-145.7,True,154.90400253059957
pano_1528,51.506149,-0.124404,2,satellite_51.506105_-0.123742.png,-52.6,492.2,False,495.0026262556594
pano_1528,51.506149,-0.124404,3,satellite_51.506640_-0.124600.png,586.5,-145.7,False,604.3266831772365
pano_1528,51.506149,-0.124404,4,satellite_51.505571_-0.124600.png,-690.4,-145.7,False,705.6065830191778
pano_1529,51.506161,-0.124455,1,satellite_51.506105_-0.124600.png,-66.9,-107.8,True,126.8717856735689
pano_1529,51.506161,-0.124455,2,satellite_51.506105_-0.123742.png,-66.9,530.1,False,534.3048006522121
pano_1529,51.506161,-0.124455,3,satellite_51.506640_-0.124600.png,572.2,-107.8,False,582.2659873288153
pano_1529,51.506161,-0.124455,4,satellite_51.505571_-0.124600.png,-704.8,-107.8,False,712.9964095281265
pano_153,51.508069,-0.123937,1,satellite_51.508242_-0.123742.png,206.7,145.0,True,252.48740562649851
pano_153,51.508069,-0.123937,2,satellite_51.507708_-0.123742.png,-431.2,145.0,False,454.92685126292554
pano_153,51.508069,-0.123937,3,satellite_51.508242_-0.124600.png,206.7,-492.9,False,534.4860147842973
pano_153,51.508069,-0.123937,4,satellite_51.507708_-0.124600.png,-431.2,-492.9,False,654.8922430446096
pano_1530,51.506136,-0.124604,1,satellite_51.506105_-0.124600.png,-37.0,3.0,True,37.12142238654117
pano_1530,51.506136,-0.124604,2,satellite_51.506640_-0.124600.png,602.0,3.0,False,602.0074750366477
pano_1530,51.506136,-0.124604,3,satellite_51.506105_-0.125459.png,-37.0,-635.7,False,636.7758553839805
pano_1530,51.506136,-0.124604,4,satellite_51.506105_-0.123742.png,-37.0,640.9,False,641.9671409036447
pano_1531,51.505206,-0.124833,1,satellite_51.505037_-0.124600.png,-201.9,173.2,True,266.0109960133227
pano_1531,51.505206,-0.124833,2,satellite_51.505571_-0.124600.png,436.0,173.2,False,469.1420254038216
pano_1531,51.505206,-0.124833,3,satellite_51.505037_-0.125459.png,-201.9,-465.4,False,507.3073723099241
pano_1531,51.505206,-0.124833,4,satellite_51.505571_-0.125459.png,436.0,-465.4,False,637.7249877494216
pano_1532,51.506072,-0.124484,1,satellite_51.506105_-0.124600.png,39.4,-86.2,True,94.77763449253204
pano_1532,51.506072,-0.124484,2,satellite_51.506105_-0.123742.png,39.4,551.7,False,553.1050985120279
pano_1532,51.506072,-0.124484,3,satellite_51.505571_-0.124600.png,-598.5,-86.2,False,604.6756899363493
pano_1532,51.506072,-0.124484,4,satellite_51.506640_-0.124600.png,678.5,-86.2,False,683.953719194508
pano_1533,51.505746,-0.12658,1,satellite_51.505571_-0.126317.png,-209.0,195.5,True,286.18394434349386
pano_1533,51.505746,-0.12658,2,satellite_51.506105_-0.126317.png,428.8,195.5,False,471.2639281761336
pano_1533,51.505746,-0.12658,3,satellite_51.505571_-0.127175.png,-209.0,-442.4,False,489.28392575272693
pano_1533,51.505746,-0.12658,4,satellite_51.506105_-0.127175.png,428.8,-442.4,False,616.1064843028354
pano_1534,51.506028,-0.125507,1,satellite_51.506105_-0.125459.png,92.0,35.7,True,98.68378792891971
pano_1534,51.506028,-0.125507,2,satellite_51.505571_-0.125459.png,-545.9,35.7,False,547.06608375954
pano_1534,51.506028,-0.125507,3,satellite_51.506105_-0.126317.png,92.0,-602.2,False,609.1870320353185
pano_1534,51.506028,-0.125507,4,satellite_51.506105_-0.124600.png,92.0,674.4,False,680.6462811181738
pano_1535,51.506004,-0.125588,1,satellite_51.506105_-0.125459.png,120.6,95.9,True,154.08169910797324
pano_1535,51.506004,-0.125588,2,satellite_51.505571_-0.125459.png,-517.2,95.9,False,526.015826758093
pano_1535,51.506004,-0.125588,3,satellite_51.506105_-0.126317.png,120.6,-542.0,False,555.2552205967991
pano_1535,51.506004,-0.125588,4,satellite_51.506105_-0.124600.png,120.6,734.6,False,744.4336908012694
pano_1536,51.506045,-0.125478,1,satellite_51.506105_-0.125459.png,71.7,14.1,True,73.07325091988176
pano_1536,51.506045,-0.125478,2,satellite_51.505571_-0.125459.png,-566.2,14.1,False,566.3755379604596
pano_1536,51.506045,-0.125478,3,satellite_51.506105_-0.126317.png,71.7,-623.8,False,627.90710300171
pano_1536,51.506045,-0.125478,4,satellite_51.506105_-0.124600.png,71.7,652.8,False,656.725764684164
pano_1537,51.506516,-0.123666,1,satellite_51.506640_-0.123742.png,148.1,-56.5,True,158.51138760354095
pano_1537,51.506516,-0.123666,2,satellite_51.506105_-0.123742.png,-491.0,-56.5,False,494.24007324376277
pano_1537,51.506516,-0.123666,3,satellite_51.506640_-0.122884.png,148.1,581.4,False,599.9663073873398
pano_1537,51.506516,-0.123666,4,satellite_51.506640_-0.124600.png,148.1,-694.4,False,710.0175842892907
pano_1538,51.506542,-0.123596,1,satellite_51.506640_-0.123742.png,117.1,-108.6,True,159.7071382249397
pano_1538,51.506542,-0.123596,2,satellite_51.506105_-0.123742.png,-522.0,-108.6,False,533.1772313218186
pano_1538,51.506542,-0.123596,3,satellite_51.506640_-0.122884.png,117.1,529.4,False,542.1962467594183
pano_1538,51.506542,-0.123596,4,satellite_51.506105_-0.122884.png,-522.0,529.4,False,743.4704836104793
pano_1539,51.506581,-0.12355,1,satellite_51.506640_-0.123742.png,70.5,-142.8,True,159.25479584615343
pano_1539,51.506581,-0.12355,2,satellite_51.506640_-0.122884.png,70.5,495.2,False,500.19325265341195
pano_1539,51.506581,-0.12355,3,satellite_51.506105_-0.123742.png,-568.6,-142.8,False,586.2574519782244
pano_1539,51.506581,-0.12355,4,satellite_51.507174_-0.123742.png,708.4,-142.8,False,722.6495692934438
pano_154,51.508364,-0.125172,1,satellite_51.508242_-0.125459.png,-145.7,-213.4,True,258.39514314321
pano_154,51.508364,-0.125172,2,satellite_51.508242_-0.124600.png,-145.7,425.3,False,449.56487852144323
pano_154,51.508364,-0.125172,3,satellite_51.508776_-0.125459.png,492.2,-213.4,False,536.4703160474025
pano_154,51.508364,-0.125172,4,satellite_51.508776_-0.124600.png,492.2,425.3,False,650.4928362403386
pano_1540,51.506637,-0.123588,1,satellite_51.506640_-0.123742.png,3.6,-114.5,True,114.55657990704856
pano_1540,51.506637,-0.123588,2,satellite_51.506640_-0.122884.png,3.6,523.4,False,523.4123804420373
pano_1540,51.506637,-0.123588,3,satellite_51.506105_-0.123742.png,-635.5,-114.5,False,645.7325297675501
pano_1540,51.506637,-0.123588,4,satellite_51.507174_-0.123742.png,641.5,-114.5,False,651.6383199290846
pano_1541,51.506881,-0.124868,1,satellite_51.506640_-0.124600.png,-287.9,199.3,True,350.15268098359604
pano_1541,51.506881,-0.124868,2,satellite_51.507174_-0.124600.png,350.0,199.3,False,402.7660487181113
pano_1541,51.506881,-0.124868,3,satellite_51.506640_-0.125459.png,-287.9,-439.4,False,525.3177800151067
pano_1541,51.506881,-0.124868,4,satellite_51.507174_-0.125459.png,350.0,-439.4,False,561.758275417461
pano_1542,51.506878,-0.124902,1,satellite_51.506640_-0.124600.png,-284.3,224.5,True,362.2523153825245
pano_1542,51.506878,-0.124902,2,satellite_51.507174_-0.124600.png,353.6,224.5,False,418.8474782065663
pano_1542,51.506878,-0.124902,3,satellite_51.506640_-0.125459.png,-284.3,-414.1,False,502.30000995421057
pano_1542,51.506878,-0.124902,4,satellite_51.507174_-0.125459.png,353.6,-414.1,False,544.5289432160608
pano_1543,51.506892,-0.124923,1,satellite_51.506640_-0.124600.png,-301.0,240.2,True,385.09354707655126
pano_1543,51.506892,-0.124923,2,satellite_51.507174_-0.124600.png,336.9,240.2,False,413.7603775133622
pano_1543,51.506892,-0.124923,3,satellite_51.506640_-0.125459.png,-301.0,-398.5,False,499.4028934637844
pano_1543,51.506892,-0.124923,4,satellite_51.507174_-0.125459.png,336.9,-398.5,False,521.8274235798651
pano_1544,51.506877,-0.124909,1,satellite_51.506640_-0.124600.png,-283.1,229.7,True,364.5650833527534
pano_1544,51.506877,-0.124909,2,satellite_51.507174_-0.124600.png,354.8,229.7,False,422.6643230744701
pano_1544,51.506877,-0.124909,3,satellite_51.506640_-0.125459.png,-283.1,-408.9,False,497.3377323308578
pano_1544,51.506877,-0.124909,4,satellite_51.507174_-0.125459.png,354.8,-408.9,False,541.3707140213626
pano_1545,51.506845,-0.124947,1,satellite_51.506640_-0.124600.png,-244.9,258.0,True,355.72462664257586
pano_1545,51.506845,-0.124947,2,satellite_51.506640_-0.125459.png,-244.9,-380.7,False,452.66820078286923
pano_1545,51.506845,-0.124947,3,satellite_51.507174_-0.124600.png,393.0,258.0,False,470.120197396368
pano_1545,51.506845,-0.124947,4,satellite_51.507174_-0.125459.png,393.0,-380.7,False,547.157646387218
pano_1546,51.506618,-0.125053,1,satellite_51.506640_-0.125459.png,26.3,-301.9,True,303.0433962322888
pano_1546,51.506618,-0.125053,2,satellite_51.506640_-0.124600.png,26.3,336.8,False,337.8252950860844
pano_1546,51.506618,-0.125053,3,satellite_51.506105_-0.125459.png,-612.8,-301.9,False,683.1306244050254
pano_1546,51.506618,-0.125053,4,satellite_51.506105_-0.124600.png,-612.8,336.8,False,699.2553753815554
pano_1547,51.506552,-0.125107,1,satellite_51.506640_-0.125459.png,105.1,-261.7,True,282.01577970035646
pano_1547,51.506552,-0.125107,2,satellite_51.506640_-0.124600.png,105.1,377.0,False,391.3757912799411
pano_1547,51.506552,-0.125107,3,satellite_51.506105_-0.125459.png,-534.0,-261.7,False,594.6788124693867
pano_1547,51.506552,-0.125107,4,satellite_51.506105_-0.124600.png,-534.0,377.0,False,653.670406244615
pano_1548,51.506487,-0.125173,1,satellite_51.506640_-0.125459.png,182.8,-212.6,True,280.38295240616895
pano_1548,51.506487,-0.125173,2,satellite_51.506640_-0.124600.png,182.8,426.0,False,463.56427817509837
pano_1548,51.506487,-0.125173,3,satellite_51.506105_-0.125459.png,-456.3,-212.6,False,503.3969109956874
pano_1548,51.506487,-0.125173,4,satellite_51.506105_-0.124600.png,-456.3,426.0,False,624.2480997167713
pano_1549,51.506432,-0.125286,1,satellite_51.506640_-0.125459.png,248.5,-128.6,True,279.8038777429648
pano_1549,51.506432,-0.125286,2,satellite_51.506105_-0.125459.png,-390.6,-128.6,False,411.22538832129516
pano_1549,51.506432,-0.125286,3,satellite_51.506640_-0.124600.png,248.5,510.1,False,567.4101338538113
pano_1549,51.506432,-0.125286,4,satellite_51.506105_-0.124600.png,-390.6,510.1,False,642.4720772142554
pano_155,51.508937,-0.130599,1,satellite_51.508776_-0.130608.png,-192.3,-6.7,True,192.41668326836944
pano_155,51.508937,-0.130599,2,satellite_51.509311_-0.130608.png,446.8,-6.7,False,446.850232180761
pano_155,51.508937,-0.130599,3,satellite_51.508776_-0.129750.png,-192.3,631.2,False,659.8429585893905
pano_155,51.508937,-0.130599,4,satellite_51.508776_-0.131467.png,-192.3,-645.4,False,673.4392697192524
pano_1550,51.506387,-0.125414,1,satellite_51.506640_-0.125459.png,302.2,-33.5,True,304.05113056852787
pano_1550,51.506387,-0.125414,2,satellite_51.506105_-0.125459.png,-336.9,-33.5,False,338.56145675489995
pano_1550,51.506387,-0.125414,3,satellite_51.506640_-0.124600.png,302.2,605.2,False,676.4553791640658
pano_1550,51.506387,-0.125414,4,satellite_51.506105_-0.124600.png,-336.9,605.2,False,692.6533404236206
pano_1551,51.506319,-0.125679,1,satellite_51.506105_-0.125459.png,-255.6,163.6,True,303.47375504316676
pano_1551,51.506319,-0.125679,2,satellite_51.506640_-0.125459.png,383.4,163.6,False,416.845918775751
pano_1551,51.506319,-0.125679,3,satellite_51.506105_-0.126317.png,-255.6,-474.4,False,538.8754215957525
pano_1551,51.506319,-0.125679,4,satellite_51.506640_-0.126317.png,383.4,-474.4,False,609.9597691651475
pano_1552,51.506292,-0.125781,1,satellite_51.506105_-0.125459.png,-223.4,239.4,True,327.44452965349717
pano_1552,51.506292,-0.125781,2,satellite_51.506105_-0.126317.png,-223.4,-398.5,False,456.8476879661317
pano_1552,51.506292,-0.125781,3,satellite_51.506640_-0.125459.png,415.7,239.4,False,479.70704601871336
pano_1552,51.506292,-0.125781,4,satellite_51.506640_-0.126317.png,415.7,-398.5,False,575.8547907241895
pano_1553,51.506296,-0.125766,1,satellite_51.506105_-0.125459.png,-228.2,228.3,True,322.7942533565305
pano_1553,51.506296,-0.125766,2,satellite_51.506105_-0.126317.png,-228.2,-409.7,False,468.96623545837497
pano_1553,51.506296,-0.125766,3,satellite_51.506640_-0.125459.png,410.9,228.3,False,470.0635063478125
pano_1553,51.506296,-0.125766,4,satellite_51.506640_-0.126317.png,410.9,-409.7,False,580.25244506163
pano_1554,51.506259,-0.125891,1,satellite_51.506105_-0.126317.png,-184.0,-316.7,True,366.27160687118516
pano_1554,51.506259,-0.125891,2,satellite_51.506105_-0.125459.png,-184.0,321.2,False,370.1694747004404
pano_1554,51.506259,-0.125891,3,satellite_51.506640_-0.126317.png,455.1,-316.7,False,554.4500879249638
pano_1554,51.506259,-0.125891,4,satellite_51.506640_-0.125459.png,455.1,321.2,False,557.0327189672075
pano_1555,51.505996,-0.126795,1,satellite_51.506105_-0.127175.png,130.2,-282.5,True,311.05994599112245
pano_1555,51.505996,-0.126795,2,satellite_51.506105_-0.126317.png,130.2,355.4,False,378.4986129432973
pano_1555,51.505996,-0.126795,3,satellite_51.505571_-0.127175.png,-507.7,-282.5,False,581.0039070436618
pano_1555,51.505996,-0.126795,4,satellite_51.505571_-0.126317.png,-507.7,355.4,False,619.7325632883914
pano_1556,51.506053,-0.125505,1,satellite_51.506105_-0.125459.png,62.1,34.2,True,70.89464013590873
pano_1556,51.506053,-0.125505,2,satellite_51.505571_-0.125459.png,-575.8,34.2,False,576.8147709620481
pano_1556,51.506053,-0.125505,3,satellite_51.506105_-0.126317.png,62.1,-603.7,False,606.8855740582404
pano_1556,51.506053,-0.125505,4,satellite_51.506105_-0.124600.png,62.1,672.9,False,675.7594394457246
pano_1557,51.506323,-0.125662,1,satellite_51.506105_-0.125459.png,-260.4,150.9,True,300.9634030908077
pano_1557,51.506323,-0.125662,2,satellite_51.506640_-0.125459.png,378.7,150.9,False,407.6573315911294
pano_1557,51.506323,-0.125662,3,satellite_51.506105_-0.126317.png,-260.4,-487.0,False,552.2473721078263
pano_1557,51.506323,-0.125662,4,satellite_51.506640_-0.126317.png,378.7,-487.0,False,616.9138432552799
pano_1558,51.506285,-0.125805,1,satellite_51.506105_-0.125459.png,-215.0,257.3,True,335.30328062815016
pano_1558,51.506285,-0.125805,2,satellite_51.506105_-0.126317.png,-215.0,-380.7,False,437.21561042579435
pano_1558,51.506285,-0.125805,3,satellite_51.506640_-0.125459.png,424.1,257.3,False,496.04848553342043
pano_1558,51.506285,-0.125805,4,satellite_51.506640_-0.126317.png,424.1,-380.7,False,569.9063958230333
pano_1559,51.505993,-0.125628,1,satellite_51.506105_-0.125459.png,133.8,125.7,True,183.5835776969171
pano_1559,51.505993,-0.125628,2,satellite_51.505571_-0.125459.png,-504.1,125.7,False,519.5356580640063
pano_1559,51.505993,-0.125628,3,satellite_51.506105_-0.126317.png,133.8,-512.3,False,529.4844001479174
pano_1559,51.505993,-0.125628,4,satellite_51.505571_-0.126317.png,-504.1,-512.3,False,718.72672136216
pano_156,51.508851,-0.130539,1,satellite_51.508776_-0.130608.png,-89.6,-51.3,True,103.24654957915058
pano_156,51.508851,-0.130539,2,satellite_51.509311_-0.130608.png,549.5,-51.3,False,551.8894273312363
pano_156,51.508851,-0.130539,3,satellite_51.508776_-0.129750.png,-89.6,586.6,False,593.4035052137795
pano_156,51.508851,-0.130539,4,satellite_51.508776_-0.131467.png,-89.6,-690.0,False,695.7931876642657
pano_1560,51.506178,-0.126493,1,satellite_51.506105_-0.126317.png,-87.2,130.9,True,157.28525042101055
pano_1560,51.506178,-0.126493,2,satellite_51.506105_-0.127175.png,-87.2,-507.1,False,514.5427581843903
pano_1560,51.506178,-0.126493,3,satellite_51.506640_-0.126317.png,551.9,130.9,False,567.2110894543582
pano_1560,51.506178,-0.126493,4,satellite_51.505571_-0.126317.png,-725.1,130.9,False,736.8207516078792
pano_1561,51.506444,-0.125585,1,satellite_51.506640_-0.125459.png,234.1,93.7,True,252.15570586445193
pano_1561,51.506444,-0.125585,2,satellite_51.506105_-0.125459.png,-404.9,93.7,False,415.6004090469594
pano_1561,51.506444,-0.125585,3,satellite_51.506640_-0.126317.png,234.1,-544.3,False,592.5076370815822
pano_1561,51.506444,-0.125585,4,satellite_51.506105_-0.126317.png,-404.9,-544.3,False,678.3852150511536
pano_1562,51.506469,-0.125494,1,satellite_51.506640_-0.125459.png,204.3,26.0,True,205.947784644555
pano_1562,51.506469,-0.125494,2,satellite_51.506105_-0.125459.png,-434.8,26.0,False,435.5766752249252
pano_1562,51.506469,-0.125494,3,satellite_51.506640_-0.126317.png,204.3,-611.9,False,645.1047201811501
pano_1562,51.506469,-0.125494,4,satellite_51.506640_-0.124600.png,204.3,664.7,False,695.3880787013825
pano_1563,51.506499,-0.1254,1,satellite_51.506640_-0.125459.png,168.4,-43.9,True,174.02807244809674
pano_1563,51.506499,-0.1254,2,satellite_51.506105_-0.125459.png,-470.6,-43.9,False,472.6431740753272
pano_1563,51.506499,-0.1254,3,satellite_51.506640_-0.124600.png,168.4,594.8,False,618.1792620268008
pano_1563,51.506499,-0.1254,4,satellite_51.506640_-0.126317.png,168.4,-681.8,False,702.2889718627225
pano_1564,51.506545,-0.125297,1,satellite_51.506640_-0.125459.png,113.5,-120.4,True,165.4642257407927
pano_1564,51.506545,-0.125297,2,satellite_51.506640_-0.124600.png,113.5,518.2,False,530.4842033463391
pano_1564,51.506545,-0.125297,3,satellite_51.506105_-0.125459.png,-525.6,-120.4,False,539.2137980430397
pano_1564,51.506545,-0.125297,4,satellite_51.506105_-0.124600.png,-525.6,518.2,False,738.0966061431254
pano_1565,51.506601,-0.125225,1,satellite_51.506640_-0.125459.png,46.6,-174.0,True,180.13206266514575
pano_1565,51.506601,-0.125225,2,satellite_51.506640_-0.124600.png,46.6,464.7,False,467.03067351085195
pano_1565,51.506601,-0.125225,3,satellite_51.506105_-0.125459.png,-592.5,-174.0,False,617.521052272714
pano_1565,51.506601,-0.125225,4,satellite_51.507174_-0.125459.png,684.5,-174.0,False,706.269247525333
pano_1566,51.506659,-0.125181,1,satellite_51.506640_-0.125459.png,-22.7,-206.7,True,207.9427325010422
pano_1566,51.506659,-0.125181,2,satellite_51.506640_-0.124600.png,-22.7,432.0,False,432.595989348029
pano_1566,51.506659,-0.125181,3,satellite_51.507174_-0.125459.png,615.2,-206.7,False,648.9960939790008
pano_1566,51.506659,-0.125181,4,satellite_51.506105_-0.125459.png,-661.8,-206.7,False,693.3282988599268
pano_1567,51.506884,-0.125076,1,satellite_51.506640_-0.125459.png,-291.5,-284.8,True,407.53317656357746
pano_1567,51.506884,-0.125076,2,satellite_51.507174_-0.125459.png,346.4,-284.8,False,448.4462063614765
pano_1567,51.506884,-0.125076,3,satellite_51.506640_-0.124600.png,-291.5,353.9,False,458.49477641517353
pano_1567,51.506884,-0.125076,4,satellite_51.507174_-0.124600.png,346.4,353.9,False,495.2152764202655
pano_1568,51.506906,-0.125089,1,satellite_51.506640_-0.125459.png,-317.8,-275.1,True,420.32945411902796
pano_1568,51.506906,-0.125089,2,satellite_51.507174_-0.125459.png,320.1,-275.1,False,422.0711077531842
pano_1568,51.506906,-0.125089,3,satellite_51.506640_-0.124600.png,-317.8,363.6,False,482.9097224119639
pano_1568,51.506906,-0.125089,4,satellite_51.507174_-0.124600.png,320.1,363.6,False,484.4264340433953
pano_1569,51.506914,-0.125067,1,satellite_51.507174_-0.125459.png,310.6,-291.5,True,425.9631556836812
pano_1569,51.506914,-0.125067,2,satellite_51.506640_-0.125459.png,-327.3,-291.5,False,438.28933365985534
pano_1569,51.506914,-0.125067,3,satellite_51.507174_-0.124600.png,310.6,347.2,False,465.85426905846856
pano_1569,51.506914,-0.125067,4,satellite_51.506640_-0.124600.png,-327.3,347.2,False,477.15105574650045
pano_157,51.508812,-0.130603,1,satellite_51.508776_-0.130608.png,-43.0,-3.7,True,43.158892478839164
pano_157,51.508812,-0.130603,2,satellite_51.509311_-0.130608.png,596.1,-3.7,False,596.1114828620566
pano_157,51.508812,-0.130603,3,satellite_51.508776_-0.129750.png,-43.0,634.2,False,635.6560705287097
pano_157,51.508812,-0.130603,4,satellite_51.508776_-0.131467.png,-43.0,-642.4,False,643.8375260886864
pano_1570,51.506895,-0.124941,1,satellite_51.506640_-0.124600.png,-304.6,253.5,True,396.2870298155114
pano_1570,51.506895,-0.124941,2,satellite_51.507174_-0.124600.png,333.3,253.5,False,418.7494955220842
pano_1570,51.506895,-0.124941,3,satellite_51.506640_-0.125459.png,-304.6,-385.1,False,491.00220977099485
pano_1570,51.506895,-0.124941,4,satellite_51.507174_-0.125459.png,333.3,-385.1,False,509.3043294534222
pano_1571,51.506927,-0.125118,1,satellite_51.507174_-0.125459.png,295.1,-253.5,True,389.03246651147253
pano_1571,51.506927,-0.125118,2,satellite_51.506640_-0.125459.png,-342.8,-253.5,False,426.349727336608
pano_1571,51.506927,-0.125118,3,satellite_51.507174_-0.124600.png,295.1,385.1,False,485.1659716014717
pano_1571,51.506927,-0.125118,4,satellite_51.506640_-0.124600.png,-342.8,385.1,False,515.5713820607191
pano_1572,51.507031,-0.12569,1,satellite_51.507174_-0.125459.png,170.8,171.8,True,242.25581520368092
pano_1572,51.507031,-0.12569,2,satellite_51.507174_-0.126317.png,170.8,-466.2,False,496.5028499414681
pano_1572,51.507031,-0.12569,3,satellite_51.506640_-0.125459.png,-467.1,171.8,False,497.69232463440704
pano_1572,51.507031,-0.12569,4,satellite_51.506640_-0.126317.png,-467.1,-466.2,False,659.9430657261277
pano_1573,51.507031,-0.124693,1,satellite_51.507174_-0.124600.png,170.8,69.1,True,184.2483378486764
pano_1573,51.507031,-0.124693,2,satellite_51.506640_-0.124600.png,-467.1,69.1,False,472.1834601084625
pano_1573,51.507031,-0.124693,3,satellite_51.507174_-0.125459.png,170.8,-569.5,False,594.5610902169768
pano_1573,51.507031,-0.124693,4,satellite_51.507174_-0.123742.png,170.8,707.1,False,727.4359421969745
pano_1574,51.506876,-0.123812,1,satellite_51.506640_-0.123742.png,-281.9,52.0,True,286.65590871286776
pano_1574,51.506876,-0.123812,2,satellite_51.507174_-0.123742.png,356.0,52.0,False,359.7777091483017
pano_1574,51.506876,-0.123812,3,satellite_51.506640_-0.124600.png,-281.9,-585.9,False,650.1895262152414
pano_1574,51.506876,-0.123812,4,satellite_51.507174_-0.124600.png,356.0,-585.9,False,685.5762612576372
pano_1575,51.50686,-0.123774,1,satellite_51.506640_-0.123742.png,-262.8,23.8,True,263.8755009469428
pano_1575,51.50686,-0.123774,2,satellite_51.507174_-0.123742.png,375.1,23.8,False,375.85429357664657
pano_1575,51.50686,-0.123774,3,satellite_51.506640_-0.124600.png,-262.8,-614.1,False,667.9690486841438
pano_1575,51.50686,-0.123774,4,satellite_51.506640_-0.122884.png,-262.8,661.7,False,711.97663585261
pano_1576,51.507039,-0.1241,1,satellite_51.507174_-0.123742.png,161.3,266.2,True,311.2557308709351
pano_1576,51.507039,-0.1241,2,satellite_51.507174_-0.124600.png,161.3,-371.8,False,405.281297372578
pano_1576,51.507039,-0.1241,3,satellite_51.506640_-0.123742.png,-476.6,266.2,False,545.9029217727269
pano_1576,51.507039,-0.1241,4,satellite_51.506640_-0.124600.png,-476.6,-371.8,False,604.4690231930831
pano_1577,51.506845,-0.123669,1,satellite_51.506640_-0.123742.png,-244.9,-54.3,True,250.84756327299655
pano_1577,51.506845,-0.123669,2,satellite_51.507174_-0.123742.png,393.0,-54.3,False,396.7335251777949
pano_1577,51.506845,-0.123669,3,satellite_51.506640_-0.122884.png,-244.9,583.7,False,632.9942337810038
pano_1577,51.506845,-0.123669,4,satellite_51.507174_-0.122884.png,393.0,583.7,False,703.6722887822143
pano_1578,51.506855,-0.123734,1,satellite_51.506640_-0.123742.png,-256.8,-5.9,True,256.8677675380857
pano_1578,51.506855,-0.123734,2,satellite_51.507174_-0.123742.png,381.1,-5.9,False,381.1456676915009
pano_1578,51.506855,-0.123734,3,satellite_51.506640_-0.122884.png,-256.8,632.0,False,682.1805039723724
pano_1578,51.506855,-0.123734,4,satellite_51.506640_-0.124600.png,-256.8,-643.9,False,693.2196260926258
pano_1579,51.505599,-0.12655,1,satellite_51.505571_-0.126317.png,-33.4,173.2,True,176.39104285648972
pano_1579,51.505599,-0.12655,2,satellite_51.505571_-0.127175.png,-33.4,-464.7,False,465.8987550959972
pano_1579,51.505599,-0.12655,3,satellite_51.506105_-0.126317.png,604.4,173.2,False,628.7269677689991
pano_1579,51.505599,-0.12655,4,satellite_51.505037_-0.126317.png,-671.3,173.2,False,693.2834413138684
pano_158,51.508668,-0.130511,1,satellite_51.508776_-0.130608.png,129.0,-72.1,True,147.781629440198
pano_158,51.508668,-0.130511,2,satellite_51.508242_-0.130608.png,-508.9,-72.1,False,513.9821203115921
pano_158,51.508668,-0.130511,3,satellite_51.508776_-0.129750.png,129.0,565.8,False,580.3194292801163
pano_158,51.508668,-0.130511,4,satellite_51.508776_-0.131467.png,129.0,-710.8,False,722.4109910570297
pano_1580,51.505625,-0.126512,1,satellite_51.505571_-0.126317.png,-64.5,145.0,True,158.6986137305553
pano_1580,51.505625,-0.126512,2,satellite_51.505571_-0.127175.png,-64.5,-492.9,False,497.10226312097996
pano_1580,51.505625,-0.126512,3,satellite_51.506105_-0.126317.png,573.4,145.0,False,591.449541381173
pano_1580,51.505625,-0.126512,4,satellite_51.505037_-0.126317.png,-702.4,145.0,False,717.2104014862026
pano_1581,51.505643,-0.126459,1,satellite_51.505571_-0.126317.png,-86.0,105.6,True,136.18869262901381
pano_1581,51.505643,-0.126459,2,satellite_51.505571_-0.127175.png,-86.0,-532.4,False,539.3011774509675
pano_1581,51.505643,-0.126459,3,satellite_51.506105_-0.126317.png,551.9,105.6,False,561.9118881105827
pano_1581,51.505643,-0.126459,4,satellite_51.505037_-0.126317.png,-723.9,105.6,False,731.5617335536352
pano_1582,51.505738,-0.126637,1,satellite_51.505571_-0.126317.png,-199.5,237.9,True,310.4781151707798
pano_1582,51.505738,-0.126637,2,satellite_51.505571_-0.127175.png,-199.5,-400.0,False,446.99021242080903
pano_1582,51.505738,-0.126637,3,satellite_51.506105_-0.126317.png,438.4,237.9,False,498.7895047011314
pano_1582,51.505738,-0.126637,4,satellite_51.506105_-0.127175.png,438.4,-400.0,False,593.4598217234255
pano_1583,51.505714,-0.126622,1,satellite_51.505571_-0.126317.png,-170.8,226.8,True,283.9205522677075
pano_1583,51.505714,-0.126622,2,satellite_51.505571_-0.127175.png,-170.8,-411.2,False,445.26181062381715
pano_1583,51.505714,-0.126622,3,satellite_51.506105_-0.126317.png,467.1,226.8,False,519.2500842561318
pano_1583,51.505714,-0.126622,4,satellite_51.506105_-0.127175.png,467.1,-411.2,False,622.3084845958634
pano_1584,51.505611,-0.126556,1,satellite_51.505571_-0.126317.png,-47.8,177.7,True,184.01665685475322
pano_1584,51.505611,-0.126556,2,satellite_51.505571_-0.127175.png,-47.8,-460.2,False,462.6757828112468
pano_1584,51.505611,-0.126556,3,satellite_51.506105_-0.126317.png,590.1,177.7,False,616.2753443064229
pano_1584,51.505611,-0.126556,4,satellite_51.505037_-0.126317.png,-685.7,177.7,False,708.3514523172802
pano_1585,51.505656,-0.126585,1,satellite_51.505571_-0.126317.png,-101.5,199.3,True,223.65764015566293
pano_1585,51.505656,-0.126585,2,satellite_51.505571_-0.127175.png,-101.5,-438.7,False,450.28872959469015
pano_1585,51.505656,-0.126585,3,satellite_51.506105_-0.126317.png,536.3,199.3,False,572.1347568536629
pano_1585,51.505656,-0.126585,4,satellite_51.506105_-0.127175.png,536.3,-438.7,False,692.8747217210338
pano_1586,51.506108,-0.126865,1,satellite_51.506105_-0.127175.png,-3.6,-230.5,True,230.52811108409318
pano_1586,51.506108,-0.126865,2,satellite_51.506105_-0.126317.png,-3.6,407.4,False,407.4159054332562
pano_1586,51.506108,-0.126865,3,satellite_51.506640_-0.127175.png,635.5,-230.5,False,676.0107247669965
pano_1586,51.506108,-0.126865,4,satellite_51.505571_-0.127175.png,-641.5,-230.5,False,681.6542378655032
pano_1587,51.506082,-0.126979,1,satellite_51.506105_-0.127175.png,27.5,-145.7,True,148.2725193688972
pano_1587,51.506082,-0.126979,2,satellite_51.506105_-0.126317.png,27.5,492.2,False,492.96763585452544
pano_1587,51.506082,-0.126979,3,satellite_51.505571_-0.127175.png,-610.4,-145.7,False,627.5481256445596
pano_1587,51.506082,-0.126979,4,satellite_51.506640_-0.127175.png,666.5,-145.7,False,682.2395034003821
pano_1588,51.506075,-0.127004,1,satellite_51.506105_-0.127175.png,35.8,-127.1,True,132.04563605057155
pano_1588,51.506075,-0.127004,2,satellite_51.506105_-0.126317.png,35.8,510.8,False,512.0530050688112
pano_1588,51.506075,-0.127004,3,satellite_51.505571_-0.127175.png,-602.0,-127.1,False,615.2710053301715
pano_1588,51.506075,-0.127004,4,satellite_51.506640_-0.127175.png,674.9,-127.1,False,686.7637293858784
pano_1589,51.506054,-0.127104,1,satellite_51.506105_-0.127175.png,60.9,-52.8,True,80.60179898736752
pano_1589,51.506054,-0.127104,2,satellite_51.505571_-0.127175.png,-577.0,-52.8,False,579.4107696617315
pano_1589,51.506054,-0.127104,3,satellite_51.506105_-0.126317.png,60.9,585.1,False,588.2608435039681
pano_1589,51.506054,-0.127104,4,satellite_51.506105_-0.128034.png,60.9,-691.5,False,694.1765337433987
pano_159,51.50807,-0.124053,1,satellite_51.508242_-0.123742.png,205.5,231.2,True,309.32780347068706
pano_159,51.50807,-0.124053,2,satellite_51.508242_-0.124600.png,205.5,-406.7,False,455.6699902341606
pano_159,51.50807,-0.124053,3,satellite_51.507708_-0.123742.png,-432.4,231.2,False,490.3296850079546
pano_159,51.50807,-0.124053,4,satellite_51.507708_-0.124600.png,-432.4,-406.7,False,593.6115312222295
pano_1590,51.506062,-0.127067,1,satellite_51.506105_-0.127175.png,51.4,-80.3,True,95.34175370738677
pano_1590,51.506062,-0.127067,2,satellite_51.506105_-0.126317.png,51.4,557.6,False,559.9640345593635
pano_1590,51.506062,-0.127067,3,satellite_51.505571_-0.127175.png,-586.5,-80.3,False,591.9715702633024
pano_1590,51.506062,-0.127067,4,satellite_51.506640_-0.127175.png,690.4,-80.3,False,695.0541345823359
pano_1591,51.506918,-0.123698,1,satellite_51.507174_-0.123742.png,305.8,-32.7,True,307.54337905407755
pano_1591,51.506918,-0.123698,2,satellite_51.506640_-0.123742.png,-332.1,-32.7,False,333.70600833667953
pano_1591,51.506918,-0.123698,3,satellite_51.507174_-0.122884.png,305.8,605.2,False,678.0712941866807
pano_1591,51.506918,-0.123698,4,satellite_51.506640_-0.122884.png,-332.1,605.2,False,690.3314059203739
pano_1592,51.506845,-0.123637,1,satellite_51.506640_-0.123742.png,-244.9,-78.1,True,257.0517846660474
pano_1592,51.506845,-0.123637,2,satellite_51.507174_-0.123742.png,393.0,-78.1,False,400.6851756678802
pano_1592,51.506845,-0.123637,3,satellite_51.506640_-0.122884.png,-244.9,559.9,False,611.1170264360173
pano_1592,51.506845,-0.123637,4,satellite_51.507174_-0.122884.png,393.0,559.9,False,684.0592152730638
pano_1593,51.506431,-0.12707,1,satellite_51.506640_-0.127175.png,249.7,-78.1,True,261.6289357085718
pano_1593,51.506431,-0.12707,2,satellite_51.506105_-0.127175.png,-389.4,-78.1,False,397.1548438581607
pano_1593,51.506431,-0.12707,3,satellite_51.506640_-0.126317.png,249.7,559.9,False,613.0563595624793
pano_1593,51.506431,-0.12707,4,satellite_51.506105_-0.126317.png,-389.4,559.9,False,681.997338704485
pano_1594,51.506661,-0.127191,1,satellite_51.506640_-0.127175.png,-25.1,11.9,True,27.77804888756588
pano_1594,51.506661,-0.127191,2,satellite_51.507174_-0.127175.png,612.8,11.9,False,612.9155325165124
pano_1594,51.506661,-0.127191,3,satellite_51.506640_-0.128034.png,-25.1,-626.8,False,627.302359313274
pano_1594,51.506661,-0.127191,4,satellite_51.506640_-0.126317.png,-25.1,649.8,False,650.2845915443484
pano_1595,51.506984,-0.127314,1,satellite_51.507174_-0.127175.png,227.0,103.3,True,249.39905773679257
pano_1595,51.506984,-0.127314,2,satellite_51.506640_-0.127175.png,-410.9,103.3,False,423.6858506015984
pano_1595,51.506984,-0.127314,3,satellite_51.507174_-0.128034.png,227.0,-535.3,False,581.4422499268521
pano_1595,51.506984,-0.127314,4,satellite_51.506640_-0.128034.png,-410.9,-535.3,False,674.8221247113938
pano_1596,51.506075,-0.126843,1,satellite_51.506105_-0.127175.png,35.8,-246.8,True,249.38299861859068
pano_1596,51.506075,-0.126843,2,satellite_51.506105_-0.126317.png,35.8,391.1,False,392.73508883215413
pano_1596,51.506075,-0.126843,3,satellite_51.505571_-0.127175.png,-602.0,-246.8,False,650.6260369828432
pano_1596,51.506075,-0.126843,4,satellite_51.505571_-0.126317.png,-602.0,391.1,False,717.8880205157348
pano_1597,51.506152,-0.126565,1,satellite_51.506105_-0.126317.png,-56.1,184.4,True,192.74483131850775
pano_1597,51.506152,-0.126565,2,satellite_51.506105_-0.127175.png,-56.1,-453.5,False,456.956737558382
pano_1597,51.506152,-0.126565,3,satellite_51.506640_-0.126317.png,582.9,184.4,False,611.3720389419195
pano_1597,51.506152,-0.126565,4,satellite_51.505571_-0.126317.png,-694.0,184.4,False,718.0803297681953
pano_1598,51.506796,-0.128065,1,satellite_51.506640_-0.128034.png,-186.3,23.0,True,187.7143841052145
pano_1598,51.506796,-0.128065,2,satellite_51.507174_-0.128034.png,451.5,23.0,False,452.08544546357604
pano_1598,51.506796,-0.128065,3,satellite_51.506640_-0.128892.png,-186.3,-614.9,False,642.5026848192932
pano_1598,51.506796,-0.128065,4,satellite_51.506640_-0.127175.png,-186.3,661.7,False,687.4260542051051
pano_1599,51.506523,-0.12795,1,satellite_51.506640_-0.128034.png,139.8,-62.5,True,153.13487519177335
pano_1599,51.506523,-0.12795,2,satellite_51.506105_-0.128034.png,-499.3,-62.5,False,503.1965222455338
pano_1599,51.506523,-0.12795,3,satellite_51.506640_-0.127175.png,139.8,576.2,False,592.9169250409369
pano_1599,51.506523,-0.12795,4,satellite_51.506640_-0.128892.png,139.8,-700.4,False,714.2157937206373
pano_16,51.506257,-0.124327,1,satellite_51.506105_-0.124600.png,-181.6,-203.0,True,272.37393414201733
pano_16,51.506257,-0.124327,2,satellite_51.506105_-0.123742.png,-181.6,435.0,False,471.3847260996054
pano_16,51.506257,-0.124327,3,satellite_51.506640_-0.124600.png,457.5,-203.0,False,500.5149847906654
pano_16,51.506257,-0.124327,4,satellite_51.506640_-0.123742.png,457.5,435.0,False,631.293315345569
pano_1600,51.506489,-0.127967,1,satellite_51.506640_-0.128034.png,180.4,-49.8,True,187.1475353831837
pano_1600,51.506489,-0.127967,2,satellite_51.506105_-0.128034.png,-458.7,-49.8,False,461.3954161020675
pano_1600,51.506489,-0.127967,3,satellite_51.506640_-0.127175.png,180.4,588.9,False,615.9118199872446
pano_1600,51.506489,-0.127967,4,satellite_51.506640_-0.128892.png,180.4,-687.8,False,711.0646946656823
pano_1601,51.506459,-0.128008,1,satellite_51.506640_-0.128034.png,216.2,-19.3,True,217.05973832104377
pano_1601,51.506459,-0.128008,2,satellite_51.506105_-0.128034.png,-422.9,-19.3,False,423.34017054846095
pano_1601,51.506459,-0.128008,3,satellite_51.506640_-0.127175.png,216.2,619.3,False,655.9534510923773
pano_1601,51.506459,-0.128008,4,satellite_51.506640_-0.128892.png,216.2,-657.3,False,691.9434442206964
pano_1602,51.506314,-0.12909,1,satellite_51.506105_-0.128892.png,-249.7,147.2,True,289.8584654620251
pano_1602,51.506314,-0.12909,2,satellite_51.506640_-0.128892.png,389.4,147.2,False,416.29340614523306
pano_1602,51.506314,-0.12909,3,satellite_51.506105_-0.129750.png,-249.7,-490.7,False,550.5784049524646
pano_1602,51.506314,-0.12909,4,satellite_51.506640_-0.129750.png,389.4,-490.7,False,626.4334362085089
pano_1603,51.506432,-0.128205,1,satellite_51.506640_-0.128034.png,248.5,127.1,True,279.11764544721996
pano_1603,51.506432,-0.128205,2,satellite_51.506105_-0.128034.png,-390.6,127.1,False,410.75877349120617
pano_1603,51.506432,-0.128205,3,satellite_51.506640_-0.128892.png,248.5,-510.8,False,568.0395144706044
pano_1603,51.506432,-0.128205,4,satellite_51.506105_-0.128892.png,-390.6,-510.8,False,643.0279931698153
pano_1604,51.506481,-0.12795,1,satellite_51.506640_-0.128034.png,189.9,-62.5,True,199.92063425269538
pano_1604,51.506481,-0.12795,2,satellite_51.506105_-0.128034.png,-449.1,-62.5,False,453.42811999257395
pano_1604,51.506481,-0.12795,3,satellite_51.506640_-0.127175.png,189.9,576.2,False,606.6864511425981
pano_1604,51.506481,-0.12795,4,satellite_51.506640_-0.128892.png,189.9,-700.4,False,725.6873775945121
pano_1605,51.506382,-0.127922,1,satellite_51.506640_-0.128034.png,308.2,-83.3,True,319.25871953636596
pano_1605,51.506382,-0.127922,2,satellite_51.506105_-0.128034.png,-330.9,-83.3,False,341.22382683511415
pano_1605,51.506382,-0.127922,3,satellite_51.506640_-0.127175.png,308.2,555.4,False,635.1821785913078
pano_1605,51.506382,-0.127922,4,satellite_51.506105_-0.127175.png,-330.9,555.4,False,646.501330238384
pano_1606,51.506425,-0.127933,1,satellite_51.506640_-0.128034.png,256.8,-75.1,True,267.55606889024216
pano_1606,51.506425,-0.127933,2,satellite_51.506105_-0.128034.png,-382.3,-75.1,False,389.60659645339683
pano_1606,51.506425,-0.127933,3,satellite_51.506640_-0.127175.png,256.8,563.6,False,619.3473984768161
pano_1606,51.506425,-0.127933,4,satellite_51.506105_-0.127175.png,-382.3,563.6,False,681.0273489368838
pano_1607,51.506195,-0.12939,1,satellite_51.506105_-0.129750.png,-107.5,-267.7,True,288.47797142936236
pano_1607,51.506195,-0.12939,2,satellite_51.506105_-0.128892.png,-107.5,370.3,False,385.58830376452033
pano_1607,51.506195,-0.12939,3,satellite_51.506640_-0.129750.png,531.6,-267.7,False,595.1990003351821
pano_1607,51.506195,-0.12939,4,satellite_51.506640_-0.128892.png,531.6,370.3,False,647.8585107876565
pano_1608,51.506187,-0.129354,1,satellite_51.506105_-0.129750.png,-98.0,-294.4,True,310.28270979866085
pano_1608,51.506187,-0.129354,2,satellite_51.506105_-0.128892.png,-98.0,343.5,False,357.206172958979
pano_1608,51.506187,-0.129354,3,satellite_51.506640_-0.129750.png,541.1,-294.4,False,616.0037094044159
pano_1608,51.506187,-0.129354,4,satellite_51.506640_-0.128892.png,541.1,343.5,False,640.9223509911321
pano_1609,51.505803,-0.130505,1,satellite_51.505571_-0.130608.png,-277.1,-76.6,True,287.4925564253795
pano_1609,51.505803,-0.130505,2,satellite_51.506105_-0.130608.png,360.7,-76.6,False,368.7438813051682
pano_1609,51.505803,-0.130505,3,satellite_51.505571_-0.129750.png,-277.1,561.4,False,626.0625927173736
pano_1609,51.505803,-0.130505,4,satellite_51.506105_-0.129750.png,360.7,561.4,False,667.2888804708198
pano_161,51.504125,-0.132834,1,satellite_51.503968_-0.133183.png,-187.5,-259.5,True,320.15074574331385
pano_161,51.504125,-0.132834,2,satellite_51.503968_-0.132325.png,-187.5,378.4,False,422.30653558759894
pano_161,51.504125,-0.132834,3,satellite_51.504503_-0.133183.png,451.5,-259.5,False,520.7614617077573
pano_161,51.504125,-0.132834,4,satellite_51.504503_-0.132325.png,451.5,378.4,False,589.1
pano_1610,51.505872,-0.130523,1,satellite_51.506105_-0.130608.png,278.3,-63.2,True,285.3859316784904
pano_1610,51.505872,-0.130523,2,satellite_51.505571_-0.130608.png,-359.6,-63.2,False,365.1114898219447
pano_1610,51.505872,-0.130523,3,satellite_51.506105_-0.129750.png,278.3,574.7,False,638.5381586091783
pano_1610,51.505872,-0.130523,4,satellite_51.505571_-0.129750.png,-359.6,574.7,False,677.932334381537
pano_1611,51.506025,-0.130685,1,satellite_51.506105_-0.130608.png,95.6,57.3,True,111.45694235892172
pano_1611,51.506025,-0.130685,2,satellite_51.505571_-0.130608.png,-542.3,57.3,False,545.3187874995689
pano_1611,51.506025,-0.130685,3,satellite_51.506105_-0.131467.png,95.6,-581.4,False,589.2073658738492
pano_1611,51.506025,-0.130685,4,satellite_51.506105_-0.129750.png,95.6,695.2,False,701.7424028801453
pano_1612,51.505705,-0.130726,1,satellite_51.505571_-0.130608.png,-160.1,87.7,True,182.54670635210047
pano_1612,51.505705,-0.130726,2,satellite_51.506105_-0.130608.png,477.8,87.7,False,485.78197784602924
pano_1612,51.505705,-0.130726,3,satellite_51.505571_-0.131467.png,-160.1,-550.9,False,573.6922694267372
pano_1612,51.505705,-0.130726,4,satellite_51.506105_-0.131467.png,477.8,-550.9,False,729.2349758479772
pano_1613,51.505321,-0.129917,1,satellite_51.505571_-0.129750.png,298.6,124.2,True,323.4000618429131
pano_1613,51.505321,-0.129917,2,satellite_51.505037_-0.129750.png,-339.2,124.2,False,361.2233104327571
pano_1613,51.505321,-0.129917,3,satellite_51.505571_-0.130608.png,298.6,-513.8,False,594.2662702863086
pano_1613,51.505321,-0.129917,4,satellite_51.505037_-0.130608.png,-339.2,-513.8,False,615.6679949453276
pano_1614,51.506328,-0.131901,1,satellite_51.506105_-0.132325.png,-266.4,-315.2,True,412.69843711843635
pano_1614,51.506328,-0.131901,2,satellite_51.506105_-0.131467.png,-266.4,322.7,False,418.4545972982015
pano_1614,51.506328,-0.131901,3,satellite_51.506640_-0.132325.png,372.7,-315.2,False,488.1150786443705
pano_1614,51.506328,-0.131901,4,satellite_51.506640_-0.131467.png,372.7,322.7,False,492.9914603722868
pano_1615,51.507113,-0.130004,1,satellite_51.507174_-0.129750.png,72.9,188.9,True,202.4786902367753
pano_1615,51.507113,-0.130004,2,satellite_51.507174_-0.130608.png,72.9,-449.1,False,454.97826321704645
pano_1615,51.507113,-0.130004,3,satellite_51.506640_-0.129750.png,-565.0,188.9,False,595.7417309539428
pano_1615,51.507113,-0.130004,4,satellite_51.506640_-0.130608.png,-565.0,-449.1,False,721.7449757358897
pano_1616,51.506562,-0.131593,1,satellite_51.506640_-0.131467.png,93.2,93.7,True,132.15873032077752
pano_1616,51.506562,-0.131593,2,satellite_51.506640_-0.132325.png,93.2,-544.3,False,552.2216312315192
pano_1616,51.506562,-0.131593,3,satellite_51.506105_-0.131467.png,-545.9,93.7,False,553.8831104122962
pano_1616,51.506562,-0.131593,4,satellite_51.507174_-0.131467.png,731.1,93.7,False,737.0799820914959
pano_1617,51.506504,-0.13154,1,satellite_51.506640_-0.131467.png,162.5,54.3,True,171.33225032083132
pano_1617,51.506504,-0.13154,2,satellite_51.506105_-0.131467.png,-476.6,54.3,False,479.68328092607106
pano_1617,51.506504,-0.13154,3,satellite_51.506640_-0.132325.png,162.5,-583.7,False,605.8976316177511
pano_1617,51.506504,-0.13154,4,satellite_51.506640_-0.130608.png,162.5,693.0,False,711.7971972408995
pano_1618,51.506462,-0.131504,1,satellite_51.506640_-0.131467.png,212.6,27.5,True,214.37119675926613
pano_1618,51.506462,-0.131504,2,satellite_51.506105_-0.131467.png,-426.5,27.5,False,427.38565722307527
pano_1618,51.506462,-0.131504,3,satellite_51.506640_-0.132325.png,212.6,-610.4,False,646.3643863951664
pano_1618,51.506462,-0.131504,4,satellite_51.506640_-0.130608.png,212.6,666.2,False,699.3005076503234
pano_1619,51.507173,-0.125505,1,satellite_51.507174_-0.125459.png,1.2,34.2,True,34.22104615583808
pano_1619,51.507173,-0.125505,2,satellite_51.507174_-0.126317.png,1.2,-603.7,False,603.7011926441756
pano_1619,51.507173,-0.125505,3,satellite_51.506640_-0.125459.png,-636.7,34.2,False,637.6178557725623
pano_1619,51.507173,-0.125505,4,satellite_51.507708_-0.125459.png,639.1,34.2,False,640.0144139001872
pano_162,51.50746,-0.128844,1,satellite_51.507708_-0.128892.png,296.3,-35.7,True,298.44292586690676
pano_162,51.50746,-0.128844,2,satellite_51.507174_-0.128892.png,-341.6,-35.7,False,343.4604052871306
pano_162,51.50746,-0.128844,3,satellite_51.507708_-0.128034.png,296.3,602.2,False,671.1471746196955
pano_162,51.50746,-0.128844,4,satellite_51.507174_-0.128034.png,-341.6,602.2,False,692.3405231531664
pano_1620,51.507132,-0.125278,1,satellite_51.507174_-0.125459.png,50.2,-134.6,True,143.6565348322171
pano_1620,51.507132,-0.125278,2,satellite_51.507174_-0.124600.png,50.2,504.1,False,506.5933773747936
pano_1620,51.507132,-0.125278,3,satellite_51.506640_-0.125459.png,-587.7,-134.6,False,602.9166194425229
pano_1620,51.507132,-0.125278,4,satellite_51.507708_-0.125459.png,688.1,-134.6,False,701.141048577246
pano_1621,51.507122,-0.125218,1,satellite_51.507174_-0.125459.png,62.1,-179.2,True,189.65508166142027
pano_1621,51.507122,-0.125218,2,satellite_51.507174_-0.124600.png,62.1,459.5,False,463.6773231461724
pano_1621,51.507122,-0.125218,3,satellite_51.506640_-0.125459.png,-575.8,-179.2,False,603.0408609704652
pano_1621,51.507122,-0.125218,4,satellite_51.507708_-0.125459.png,700.0,-179.2,False,722.5736225465195
pano_1622,51.507142,-0.125252,1,satellite_51.507174_-0.125459.png,38.2,-153.9,True,158.57001608122513
pano_1622,51.507142,-0.125252,2,satellite_51.507174_-0.124600.png,38.2,484.8,False,486.30266295795667
pano_1622,51.507142,-0.125252,3,satellite_51.506640_-0.125459.png,-599.7,-153.9,False,619.1326998309813
pano_1622,51.507142,-0.125252,4,satellite_51.507708_-0.125459.png,676.1,-153.9,False,693.3948514374764
pano_1623,51.507157,-0.125267,1,satellite_51.507174_-0.125459.png,20.3,-142.8,True,144.23567519861376
pano_1623,51.507157,-0.125267,2,satellite_51.507174_-0.124600.png,20.3,495.9,False,496.3153231565594
pano_1623,51.507157,-0.125267,3,satellite_51.506640_-0.125459.png,-617.6,-142.8,False,633.8939974475228
pano_1623,51.507157,-0.125267,4,satellite_51.507708_-0.125459.png,658.2,-142.8,False,673.5124943161783
pano_1624,51.507191,-0.125264,1,satellite_51.507174_-0.125459.png,-20.3,-145.0,True,146.4141045118263
pano_1624,51.507191,-0.125264,2,satellite_51.507174_-0.124600.png,-20.3,493.7,False,494.1171723387075
pano_1624,51.507191,-0.125264,3,satellite_51.507708_-0.125459.png,617.6,-145.0,False,634.393221905783
pano_1624,51.507191,-0.125264,4,satellite_51.506640_-0.125459.png,-658.2,-145.0,False,673.9823736567597
pano_1625,51.507147,-0.125367,1,satellite_51.507174_-0.125459.png,32.3,-68.4,True,75.64291110209867
pano_1625,51.507147,-0.125367,2,satellite_51.507174_-0.124600.png,32.3,570.3,False,571.213952910816
pano_1625,51.507147,-0.125367,3,satellite_51.506640_-0.125459.png,-605.6,-68.4,False,609.4505066041048
pano_1625,51.507147,-0.125367,4,satellite_51.507708_-0.125459.png,670.1,-68.4,False,673.5818955405497
pano_1626,51.5072,-0.125419,1,satellite_51.507174_-0.125459.png,-31.1,-29.7,True,43.00348823060752
pano_1626,51.5072,-0.125419,2,satellite_51.507708_-0.125459.png,606.8,-29.7,False,607.5264027184332
pano_1626,51.5072,-0.125419,3,satellite_51.507174_-0.124600.png,-31.1,608.9,False,609.6937099888763
pano_1626,51.5072,-0.125419,4,satellite_51.507174_-0.126317.png,-31.1,-667.7,False,668.4238924514892
pano_1627,51.507238,-0.125412,1,satellite_51.507174_-0.125459.png,-76.5,-34.9,True,84.08483811008973
pano_1627,51.507238,-0.125412,2,satellite_51.507708_-0.125459.png,561.4,-34.9,False,562.4837508764142
pano_1627,51.507238,-0.125412,3,satellite_51.507174_-0.124600.png,-76.5,603.7,False,608.5276821969564
pano_1627,51.507238,-0.125412,4,satellite_51.507174_-0.126317.png,-76.5,-672.9,False,677.2345679304918
pano_1628,51.507264,-0.125422,1,satellite_51.507174_-0.125459.png,-107.5,-27.5,True,110.96170510586073
pano_1628,51.507264,-0.125422,2,satellite_51.507708_-0.125459.png,530.4,-27.5,False,531.1124268928378
pano_1628,51.507264,-0.125422,3,satellite_51.507174_-0.124600.png,-107.5,611.2,False,620.5817351485621
pano_1628,51.507264,-0.125422,4,satellite_51.507174_-0.126317.png,-107.5,-665.4,False,674.0277516541881
pano_1629,51.507216,-0.125415,1,satellite_51.507174_-0.125459.png,-50.2,-32.7,True,59.91101735073442
pano_1629,51.507216,-0.125415,2,satellite_51.507708_-0.125459.png,587.7,-32.7,False,588.6090213375938
pano_1629,51.507216,-0.125415,3,satellite_51.507174_-0.124600.png,-50.2,606.0,False,608.0756860786328
pano_1629,51.507216,-0.125415,4,satellite_51.507174_-0.126317.png,-50.2,-670.6,False,672.4763192856683
pano_163,51.509715,-0.13003,1,satellite_51.509845_-0.129750.png,155.3,208.2,True,259.7408901193649
pano_163,51.509715,-0.13003,2,satellite_51.509845_-0.130608.png,155.3,-429.8,False,456.99685994544865
pano_163,51.509715,-0.13003,3,satellite_51.509311_-0.129750.png,-482.6,208.2,False,525.594901040716
pano_163,51.509715,-0.13003,4,satellite_51.509311_-0.130608.png,-482.6,-429.8,False,646.2436073184787
pano_1630,51.507308,-0.125451,1,satellite_51.507174_-0.125459.png,-160.1,-5.9,True,160.20867641922518
pano_1630,51.507308,-0.125451,2,satellite_51.507708_-0.125459.png,477.8,-5.9,False,477.8364259869689
pano_1630,51.507308,-0.125451,3,satellite_51.507174_-0.124600.png,-160.1,632.7,False,652.6417853616178
pano_1630,51.507308,-0.125451,4,satellite_51.507174_-0.126317.png,-160.1,-643.9,False,663.5052524283436
pano_1631,51.507709,-0.126128,1,satellite_51.507708_-0.126317.png,-1.2,-140.5,True,140.5051244617078
pano_1631,51.507709,-0.126128,2,satellite_51.507708_-0.125459.png,-1.2,497.4,False,497.4014475250348
pano_1631,51.507709,-0.126128,3,satellite_51.508242_-0.126317.png,636.7,-140.5,False,652.0177451572926
pano_1631,51.507709,-0.126128,4,satellite_51.507174_-0.126317.png,-639.1,-140.5,False,654.3615667198067
pano_1632,51.507182,-0.125454,1,satellite_51.507174_-0.125459.png,-9.6,-3.7,True,10.288342918079666
pano_1632,51.507182,-0.125454,2,satellite_51.507708_-0.125459.png,628.3,-3.7,False,628.3108943827092
pano_1632,51.507182,-0.125454,3,satellite_51.507174_-0.124600.png,-9.6,635.0,False,635.0725627831831
pano_1632,51.507182,-0.125454,4,satellite_51.507174_-0.126317.png,-9.6,-641.7,False,641.7718052392144
pano_1633,51.507173,-0.12527,1,satellite_51.507174_-0.125459.png,1.2,-140.5,True,140.5051244617078
pano_1633,51.507173,-0.12527,2,satellite_51.507174_-0.124600.png,1.2,498.2,False,498.20144520063366
pano_1633,51.507173,-0.12527,3,satellite_51.506640_-0.125459.png,-636.7,-140.5,False,652.0177451572926
pano_1633,51.507173,-0.12527,4,satellite_51.507708_-0.125459.png,639.1,-140.5,False,654.3615667198067
pano_1634,51.507215,-0.125267,1,satellite_51.507174_-0.125459.png,-49.0,-142.8,True,150.9729777145566
pano_1634,51.507215,-0.125267,2,satellite_51.507174_-0.124600.png,-49.0,495.9,False,498.31497067617784
pano_1634,51.507215,-0.125267,3,satellite_51.507708_-0.125459.png,588.9,-142.8,False,605.9662119293451
pano_1634,51.507215,-0.125267,4,satellite_51.506640_-0.125459.png,-686.9,-142.8,False,701.5863809966667
pano_1635,51.507278,-0.12531,1,satellite_51.507174_-0.125459.png,-124.2,-110.8,True,166.44001922614646
pano_1635,51.507278,-0.12531,2,satellite_51.507708_-0.125459.png,513.7,-110.8,False,525.5133965942258
pano_1635,51.507278,-0.12531,3,satellite_51.507174_-0.124600.png,-124.2,527.9,False,542.3136085329226
pano_1635,51.507278,-0.12531,4,satellite_51.507708_-0.124600.png,513.7,527.9,False,736.59086336989
pano_1636,51.507324,-0.125383,1,satellite_51.507174_-0.125459.png,-179.2,-56.5,True,187.8959552518361
pano_1636,51.507324,-0.125383,2,satellite_51.507708_-0.125459.png,458.7,-56.5,False,462.16657170331996
pano_1636,51.507324,-0.125383,3,satellite_51.507174_-0.124600.png,-179.2,582.2,False,609.1547258291608
pano_1636,51.507324,-0.125383,4,satellite_51.507174_-0.126317.png,-179.2,-694.4,False,717.149914592479
pano_1637,51.507742,-0.12607,1,satellite_51.507708_-0.126317.png,-40.6,-183.6,True,188.03542219486198
pano_1637,51.507742,-0.12607,2,satellite_51.507708_-0.125459.png,-40.6,454.3,False,456.11056773549984
pano_1637,51.507742,-0.12607,3,satellite_51.508242_-0.126317.png,597.3,-183.6,False,624.8809886690425
pano_1637,51.507742,-0.12607,4,satellite_51.507174_-0.126317.png,-678.5,-183.6,False,702.9019917456487
pano_1638,51.507435,-0.125567,1,satellite_51.507174_-0.125459.png,-311.8,80.3,True,321.9741138663169
pano_1638,51.507435,-0.125567,2,satellite_51.507708_-0.125459.png,326.1,80.3,False,335.841182703968
pano_1638,51.507435,-0.125567,3,satellite_51.507174_-0.126317.png,-311.8,-557.6,False,638.8560088157582
pano_1638,51.507435,-0.125567,4,satellite_51.507708_-0.126317.png,326.1,-557.6,False,645.9558576249619
pano_1639,51.507414,-0.125532,1,satellite_51.507174_-0.125459.png,-286.7,54.3,True,291.7968128681326
pano_1639,51.507414,-0.125532,2,satellite_51.507708_-0.125459.png,351.2,54.3,False,355.372944946573
pano_1639,51.507414,-0.125532,3,satellite_51.507174_-0.126317.png,-286.7,-583.7,False,650.3096031891272
pano_1639,51.507414,-0.125532,4,satellite_51.507708_-0.126317.png,351.2,-583.7,False,681.2100483698108
pano_164,51.509532,-0.129505,1,satellite_51.509311_-0.129750.png,-264.0,-182.2,True,320.7691381663766
pano_164,51.509532,-0.129505,2,satellite_51.509845_-0.129750.png,373.9,-182.2,False,415.93034272579825
pano_164,51.509532,-0.129505,3,satellite_51.509311_-0.128892.png,-264.0,455.8,False,526.7348858771365
pano_164,51.509532,-0.129505,4,satellite_51.509845_-0.128892.png,373.9,455.8,False,589.5378274546936
pano_1640,51.507589,-0.125819,1,satellite_51.507708_-0.125459.png,142.2,267.7,True,303.1239515445785
pano_1640,51.507589,-0.125819,2,satellite_51.507708_-0.126317.png,142.2,-370.3,False,396.66475769848773
pano_1640,51.507589,-0.125819,3,satellite_51.507174_-0.125459.png,-495.7,267.7,False,563.3664704257789
pano_1640,51.507589,-0.125819,4,satellite_51.507174_-0.126317.png,-495.7,-370.3,False,618.741125188879
pano_1641,51.507624,-0.125875,1,satellite_51.507708_-0.125459.png,100.3,309.3,True,325.1562393680921
pano_1641,51.507624,-0.125875,2,satellite_51.507708_-0.126317.png,100.3,-328.6,False,343.5666601985705
pano_1641,51.507624,-0.125875,3,satellite_51.507174_-0.125459.png,-537.6,309.3,False,620.2259668862632
pano_1641,51.507624,-0.125875,4,satellite_51.507174_-0.126317.png,-537.6,-328.6,False,630.0727894457909
pano_1642,51.507854,-0.125493,1,satellite_51.507708_-0.125459.png,-174.4,25.3,True,176.2255656821677
pano_1642,51.507854,-0.125493,2,satellite_51.508242_-0.125459.png,463.5,25.3,False,464.189982657963
pano_1642,51.507854,-0.125493,3,satellite_51.507708_-0.126317.png,-174.4,-612.7,False,637.0374007858566
pano_1642,51.507854,-0.125493,4,satellite_51.507708_-0.124600.png,-174.4,664.0,False,686.5212014206116
pano_1643,51.507482,-0.124948,1,satellite_51.507708_-0.124600.png,270.0,258.7,True,373.93273459273394
pano_1643,51.507482,-0.124948,2,satellite_51.507174_-0.124600.png,-367.9,258.7,False,449.7511534170868
pano_1643,51.507482,-0.124948,3,satellite_51.507708_-0.125459.png,270.0,-379.9,False,466.07296639045694
pano_1643,51.507482,-0.124948,4,satellite_51.507174_-0.125459.png,-367.9,-379.9,False,528.8425285470146
pano_1644,51.507789,-0.12553,1,satellite_51.507708_-0.125459.png,-96.8,52.8,True,110.26368395804667
pano_1644,51.507789,-0.12553,2,satellite_51.508242_-0.125459.png,541.1,52.8,False,543.669982618132
pano_1644,51.507789,-0.12553,3,satellite_51.507708_-0.126317.png,-96.8,-585.1,False,593.0533281248829
pano_1644,51.507789,-0.12553,4,satellite_51.507708_-0.124600.png,-96.8,691.5,False,698.2424292464616
pano_1645,51.507818,-0.125599,1,satellite_51.507708_-0.125459.png,-131.4,104.1,True,167.63880815610685
pano_1645,51.507818,-0.125599,2,satellite_51.508242_-0.125459.png,506.5,104.1,False,517.0870913105451
pano_1645,51.507818,-0.125599,3,satellite_51.507708_-0.126317.png,-131.4,-533.8,False,549.7348451753809
pano_1645,51.507818,-0.125599,4,satellite_51.508242_-0.126317.png,506.5,-533.8,False,735.8564330085047
pano_1646,51.507689,-0.125792,1,satellite_51.507708_-0.125459.png,22.7,247.6,True,248.63839204756775
pano_1646,51.507689,-0.125792,2,satellite_51.507708_-0.126317.png,22.7,-390.3,False,390.9595631264185
pano_1646,51.507689,-0.125792,3,satellite_51.507174_-0.125459.png,-615.2,247.6,False,663.156693399079
pano_1646,51.507689,-0.125792,4,satellite_51.508242_-0.125459.png,660.6,247.6,False,705.4772285481652
pano_1647,51.507664,-0.125827,1,satellite_51.507708_-0.125459.png,52.6,273.6,True,278.61033720951565
pano_1647,51.507664,-0.125827,2,satellite_51.507708_-0.126317.png,52.6,-364.3,False,368.07777710695876
pano_1647,51.507664,-0.125827,3,satellite_51.507174_-0.125459.png,-585.3,273.6,False,646.0905896234675
pano_1647,51.507664,-0.125827,4,satellite_51.507174_-0.126317.png,-585.3,-364.3,False,689.4132142626801
pano_1648,51.507628,-0.12588,1,satellite_51.507708_-0.125459.png,95.6,313.0,True,327.27413585555456
pano_1648,51.507628,-0.12588,2,satellite_51.507708_-0.126317.png,95.6,-324.9,False,338.6729543379571
pano_1648,51.507628,-0.12588,3,satellite_51.507174_-0.125459.png,-542.3,313.0,False,626.1455821132973
pano_1648,51.507628,-0.12588,4,satellite_51.507174_-0.126317.png,-542.3,-324.9,False,632.1782185428409
pano_1649,51.508363,-0.12607,1,satellite_51.508242_-0.126317.png,-144.5,-183.6,True,233.64333930159447
pano_1649,51.508363,-0.12607,2,satellite_51.508242_-0.125459.png,-144.5,454.3,False,476.7271127175378
pano_1649,51.508363,-0.12607,3,satellite_51.508776_-0.126317.png,493.4,-183.6,False,526.4527709111236
pano_1649,51.508363,-0.12607,4,satellite_51.508776_-0.125459.png,493.4,454.3,False,670.6951990285901
pano_165,51.509782,-0.129543,1,satellite_51.509845_-0.129750.png,75.3,-153.9,True,171.33388456461262
pano_165,51.509782,-0.129543,2,satellite_51.509845_-0.128892.png,75.3,484.0,False,489.8225086702325
pano_165,51.509782,-0.129543,3,satellite_51.509311_-0.129750.png,-562.7,-153.9,False,583.3665228653424
pano_165,51.509782,-0.129543,4,satellite_51.510379_-0.129750.png,713.2,-153.9,False,729.6159606258625
pano_1650,51.508581,-0.125683,1,satellite_51.508776_-0.125459.png,232.9,166.5,True,286.29470829898344
pano_1650,51.508581,-0.125683,2,satellite_51.508242_-0.125459.png,-405.0,166.5,False,437.88954086618696
pano_1650,51.508581,-0.125683,3,satellite_51.508776_-0.126317.png,232.9,-471.4,False,525.7949885649349
pano_1650,51.508581,-0.125683,4,satellite_51.508242_-0.126317.png,-405.0,-471.4,False,621.4844809003681
pano_1651,51.508303,-0.125793,1,satellite_51.508242_-0.125459.png,-72.9,248.3,True,258.78040884116405
pano_1651,51.508303,-0.125793,2,satellite_51.508242_-0.126317.png,-72.9,-389.6,False,396.36166565398327
pano_1651,51.508303,-0.125793,3,satellite_51.508776_-0.125459.png,565.0,248.3,False,617.153052329809
pano_1651,51.508303,-0.125793,4,satellite_51.508776_-0.126317.png,565.0,-389.6,False,686.3039851261248
pano_1652,51.508624,-0.125161,1,satellite_51.508776_-0.125459.png,181.6,-221.6,True,286.5050086822218
pano_1652,51.508624,-0.125161,2,satellite_51.508776_-0.124600.png,181.6,417.1,False,454.9186410777206
pano_1652,51.508624,-0.125161,3,satellite_51.508242_-0.125459.png,-456.3,-221.6,False,507.26349168849123
pano_1652,51.508624,-0.125161,4,satellite_51.508242_-0.124600.png,-456.3,417.1,False,618.2087835027904
pano_1653,51.508608,-0.125188,1,satellite_51.508776_-0.125459.png,200.7,-201.5,True,284.39890998384647
pano_1653,51.508608,-0.125188,2,satellite_51.508776_-0.124600.png,200.7,437.2,False,481.0658270964588
pano_1653,51.508608,-0.125188,3,satellite_51.508242_-0.125459.png,-437.2,-201.5,False,481.4001350228311
pano_1653,51.508608,-0.125188,4,satellite_51.508242_-0.124600.png,-437.2,437.2,False,618.2941694695171
pano_1654,51.508385,-0.125577,1,satellite_51.508242_-0.125459.png,-170.8,87.7,True,191.9998177082468
pano_1654,51.508385,-0.125577,2,satellite_51.508776_-0.125459.png,467.1,87.7,False,475.26171737264934
pano_1654,51.508385,-0.125577,3,satellite_51.508242_-0.126317.png,-170.8,-550.2,False,576.1012758187575
pano_1654,51.508385,-0.125577,4,satellite_51.508776_-0.126317.png,467.1,-550.2,False,721.7357203298171
pano_1655,51.508329,-0.125733,1,satellite_51.508242_-0.125459.png,-103.9,203.7,True,228.66766277722786
pano_1655,51.508329,-0.125733,2,satellite_51.508242_-0.126317.png,-103.9,-434.2,False,446.45811673660944
pano_1655,51.508329,-0.125733,3,satellite_51.508776_-0.125459.png,534.0,203.7,False,571.5327549668523
pano_1655,51.508329,-0.125733,4,satellite_51.508776_-0.126317.png,534.0,-434.2,False,688.2482400994571
pano_1656,51.508345,-0.125755,1,satellite_51.508242_-0.125459.png,-123.0,220.1,True,252.13688742427198
pano_1656,51.508345,-0.125755,2,satellite_51.508242_-0.126317.png,-123.0,-417.9,False,435.6253091820997
pano_1656,51.508345,-0.125755,3,satellite_51.508776_-0.125459.png,514.9,220.1,False,559.969659892391
pano_1656,51.508345,-0.125755,4,satellite_51.508776_-0.126317.png,514.9,-417.9,False,663.1458512273148
pano_1657,51.508452,-0.125902,1,satellite_51.508242_-0.126317.png,-250.9,-308.6,True,397.7244900681878
pano_1657,51.508452,-0.125902,2,satellite_51.508242_-0.125459.png,-250.9,329.4,False,414.07145518617915
pano_1657,51.508452,-0.125902,3,satellite_51.508776_-0.126317.png,387.0,-308.6,False,494.97773687308404
pano_1657,51.508452,-0.125902,4,satellite_51.508776_-0.125459.png,387.0,329.4,False,508.2060212158057
pano_1658,51.507518,-0.125808,1,satellite_51.507708_-0.125459.png,227.0,259.5,True,344.77420147104976
pano_1658,51.507518,-0.125808,2,satellite_51.507708_-0.126317.png,227.0,-378.4,False,441.2658609047385
pano_1658,51.507518,-0.125808,3,satellite_51.507174_-0.125459.png,-410.9,259.5,False,485.9825717039655
pano_1658,51.507518,-0.125808,4,satellite_51.507174_-0.126317.png,-410.9,-378.4,False,558.5923110820628
pano_1659,51.507155,-0.125407,1,satellite_51.507174_-0.125459.png,22.7,-38.7,True,44.86624566419616
pano_1659,51.507155,-0.125407,2,satellite_51.507174_-0.124600.png,22.7,600.0,False,600.4292547836089
pano_1659,51.507155,-0.125407,3,satellite_51.506640_-0.125459.png,-615.2,-38.7,False,616.4160364558988
pano_1659,51.507155,-0.125407,4,satellite_51.507708_-0.125459.png,660.6,-38.7,False,661.7326121629491
pano_1660,51.507635,-0.126002,1,satellite_51.507708_-0.126317.png,87.2,-234.2,True,249.90694268067062
pano_1660,51.507635,-0.126002,2,satellite_51.507708_-0.125459.png,87.2,403.7,False,413.01032674740713
pano_1660,51.507635,-0.126002,3,satellite_51.507174_-0.126317.png,-550.7,-234.2,False,598.4313912220849
pano_1660,51.507635,-0.126002,4,satellite_51.507174_-0.125459.png,-550.7,403.7,False,682.8207524672929
pano_1661,51.507441,-0.125679,1,satellite_51.507174_-0.125459.png,-318.9,163.6,True,358.4161966206326
pano_1661,51.507441,-0.125679,2,satellite_51.507708_-0.125459.png,318.9,163.6,True,358.4161966206326
pano_1661,51.507441,-0.125679,3,satellite_51.507174_-0.126317.png,-318.9,-474.4,False,571.6227514716327
pano_1661,51.507441,-0.125679,4,satellite_51.507708_-0.126317.png,318.9,-474.4,False,571.6227514716327
pano_1662,51.508577,-0.126074,1,satellite_51.508776_-0.126317.png,237.7,-180.7,True,298.58630243197695
pano_1662,51.508577,-0.126074,2,satellite_51.508242_-0.126317.png,-400.2,-180.7,False,439.1042359167126
pano_1662,51.508577,-0.126074,3,satellite_51.508776_-0.125459.png,237.7,457.3,False,515.3877957421964
pano_1662,51.508577,-0.126074,4,satellite_51.508242_-0.125459.png,-400.2,457.3,False,607.6868683787728
pano_1663,51.508522,-0.126218,1,satellite_51.508776_-0.126317.png,303.4,-73.6,True,312.19948750758704
pano_1663,51.508522,-0.126218,2,satellite_51.508242_-0.126317.png,-334.5,-73.6,False,342.50140145698674
pano_1663,51.508522,-0.126218,3,satellite_51.508776_-0.125459.png,303.4,564.3,False,640.6918526093491
pano_1663,51.508522,-0.126218,4,satellite_51.508242_-0.125459.png,-334.5,564.3,False,655.9914176267857
pano_1664,51.508535,-0.126166,1,satellite_51.508776_-0.126317.png,287.9,-112.3,True,309.02702147223306
pano_1664,51.508535,-0.126166,2,satellite_51.508242_-0.126317.png,-350.0,-112.3,False,367.5748767258176
pano_1664,51.508535,-0.126166,3,satellite_51.508776_-0.125459.png,287.9,525.7,False,599.372088105544
pano_1664,51.508535,-0.126166,4,satellite_51.508242_-0.125459.png,-350.0,525.7,False,631.5540277759299
pano_1665,51.508526,-0.126189,1,satellite_51.508776_-0.126317.png,298.6,-95.2,True,313.4086788842964
pano_1665,51.508526,-0.126189,2,satellite_51.508242_-0.126317.png,-339.3,-95.2,False,352.4025113417894
pano_1665,51.508526,-0.126189,3,satellite_51.508776_-0.125459.png,298.6,542.8,False,619.5109361423735
pano_1665,51.508526,-0.126189,4,satellite_51.508242_-0.125459.png,-339.3,542.8,False,640.1221211612672
pano_1666,51.508574,-0.125672,1,satellite_51.508776_-0.125459.png,241.3,158.4,True,288.6455438769149
pano_1666,51.508574,-0.125672,2,satellite_51.508242_-0.125459.png,-396.6,158.4,False,427.0621968753498
pano_1666,51.508574,-0.125672,3,satellite_51.508776_-0.126317.png,241.3,-479.6,False,536.8815977475854
pano_1666,51.508574,-0.125672,4,satellite_51.508242_-0.126317.png,-396.6,-479.6,False,622.3405177232156
pano_1667,51.508582,-0.125661,1,satellite_51.508776_-0.125459.png,231.8,150.2,True,276.20876162786726
pano_1667,51.508582,-0.125661,2,satellite_51.508242_-0.125459.png,-406.2,150.2,False,433.08022351522817
pano_1667,51.508582,-0.125661,3,satellite_51.508776_-0.126317.png,231.8,-487.7,False,539.9838238317885
pano_1667,51.508582,-0.125661,4,satellite_51.508242_-0.126317.png,-406.2,-487.7,False,634.7044430284067
pano_1668,51.508581,-0.12566,1,satellite_51.508776_-0.125459.png,232.9,149.4,True,276.69978315857065
pano_1668,51.508581,-0.12566,2,satellite_51.508242_-0.125459.png,-405.0,149.4,False,431.67737953244665
pano_1668,51.508581,-0.12566,3,satellite_51.508776_-0.126317.png,232.9,-488.5,False,541.1789537666815
pano_1668,51.508581,-0.12566,4,satellite_51.508242_-0.126317.png,-405.0,-488.5,False,634.5527952818426
pano_1669,51.508581,-0.125667,1,satellite_51.508776_-0.125459.png,232.9,154.7,True,279.59703145777496
pano_1669,51.508581,-0.125667,2,satellite_51.508242_-0.125459.png,-405.0,154.7,False,433.540182682067
pano_1669,51.508581,-0.125667,3,satellite_51.508776_-0.126317.png,232.9,-483.3,False,536.4897948703218
pano_1669,51.508581,-0.125667,4,satellite_51.508242_-0.126317.png,-405.0,-483.3,False,630.5583953925283
pano_167,51.507737,-0.123229,1,satellite_51.507708_-0.122884.png,-34.6,256.5,True,258.82312493283905
pano_167,51.507737,-0.123229,2,satellite_51.507708_-0.123742.png,-34.6,-381.4,False,382.9662126088932
pano_167,51.507737,-0.123229,3,satellite_51.508242_-0.122884.png,603.3,256.5,False,655.5632234956443
pano_167,51.507737,-0.123229,4,satellite_51.508242_-0.123742.png,603.3,-381.4,False,713.7484500858828
pano_1670,51.508578,-0.125663,1,satellite_51.508776_-0.125459.png,236.5,151.7,True,280.9717779421983
pano_1670,51.508578,-0.125663,2,satellite_51.508242_-0.125459.png,-401.4,151.7,False,429.10936834331636
pano_1670,51.508578,-0.125663,3,satellite_51.508776_-0.126317.png,236.5,-486.3,False,540.7586707580379
pano_1670,51.508578,-0.125663,4,satellite_51.508242_-0.126317.png,-401.4,-486.3,False,630.5629627562977
pano_1671,51.508665,-0.125605,1,satellite_51.508776_-0.125459.png,132.6,108.6,True,171.39638269228436
pano_1671,51.508665,-0.125605,2,satellite_51.508242_-0.125459.png,-505.3,108.6,False,516.8385144317324
pano_1671,51.508665,-0.125605,3,satellite_51.508776_-0.126317.png,132.6,-529.4,False,545.753717348769
pano_1671,51.508665,-0.125605,4,satellite_51.508242_-0.126317.png,-505.3,-529.4,False,731.8418203409805
pano_1672,51.508588,-0.125948,1,satellite_51.508776_-0.126317.png,224.6,-274.4,True,354.5990975735838
pano_1672,51.508588,-0.125948,2,satellite_51.508776_-0.125459.png,224.6,363.6,False,427.37585331883224
pano_1672,51.508588,-0.125948,3,satellite_51.508242_-0.126317.png,-413.3,-274.4,False,496.09701672152795
pano_1672,51.508588,-0.125948,4,satellite_51.508242_-0.125459.png,-413.3,363.6,False,550.4742046635791
pano_1673,51.508644,-0.125949,1,satellite_51.508776_-0.126317.png,157.7,-273.6,True,315.7946326332986
pano_1673,51.508644,-0.125949,2,satellite_51.508776_-0.125459.png,157.7,364.3,False,396.968235505059
pano_1673,51.508644,-0.125949,3,satellite_51.508242_-0.126317.png,-480.2,-273.6,False,552.6744068617616
pano_1673,51.508644,-0.125949,4,satellite_51.508242_-0.125459.png,-480.2,364.3,False,602.749143508309
pano_1674,51.508406,-0.125833,1,satellite_51.508242_-0.125459.png,-195.9,278.1,True,340.1711627989651
pano_1674,51.508406,-0.125833,2,satellite_51.508242_-0.126317.png,-195.9,-359.9,False,409.76190647740793
pano_1674,51.508406,-0.125833,3,satellite_51.508776_-0.125459.png,442.0,278.1,False,522.2103120391247
pano_1674,51.508406,-0.125833,4,satellite_51.508776_-0.126317.png,442.0,-359.9,False,569.9929911849794
pano_1675,51.508386,-0.125809,1,satellite_51.508242_-0.125459.png,-172.0,260.2,True,311.91030762063633
pano_1675,51.508386,-0.125809,2,satellite_51.508242_-0.126317.png,-172.0,-377.7,False,415.01962604194995
pano_1675,51.508386,-0.125809,3,satellite_51.508776_-0.125459.png,465.9,260.2,False,533.6355029418488
pano_1675,51.508386,-0.125809,4,satellite_51.508776_-0.126317.png,465.9,-377.7,False,599.7667046443975
pano_1676,51.508383,-0.124281,1,satellite_51.508242_-0.124600.png,-168.4,-237.2,True,290.89929528962426
pano_1676,51.508383,-0.124281,2,satellite_51.508242_-0.123742.png,-168.4,400.8,False,434.74038229729706
pano_1676,51.508383,-0.124281,3,satellite_51.508776_-0.124600.png,469.5,-237.2,False,526.0171955364196
pano_1676,51.508383,-0.124281,4,satellite_51.508776_-0.123742.png,469.5,400.8,False,617.3093956842064
pano_1677,51.508408,-0.124261,1,satellite_51.508242_-0.124600.png,-198.3,-252.1,True,320.7449142231253
pano_1677,51.508408,-0.124261,2,satellite_51.508242_-0.123742.png,-198.3,385.9,False,433.86829798914783
pano_1677,51.508408,-0.124261,3,satellite_51.508776_-0.124600.png,439.6,-252.1,False,506.7569141116873
pano_1677,51.508408,-0.124261,4,satellite_51.508776_-0.123742.png,439.6,385.9,False,584.9503996066675
pano_1678,51.508633,-0.123899,1,satellite_51.508776_-0.123742.png,170.8,116.7,True,206.86113699774543
pano_1678,51.508633,-0.123899,2,satellite_51.508242_-0.123742.png,-467.1,116.7,False,481.4574747576363
pano_1678,51.508633,-0.123899,3,satellite_51.508776_-0.124600.png,170.8,-521.2,False,548.4724970315285
pano_1678,51.508633,-0.123899,4,satellite_51.508242_-0.124600.png,-467.1,-521.2,False,699.8798825512847
pano_1679,51.508634,-0.123891,1,satellite_51.508776_-0.123742.png,169.6,110.8,True,202.58529068024657
pano_1679,51.508634,-0.123891,2,satellite_51.508242_-0.123742.png,-468.3,110.8,False,481.22918656290994
pano_1679,51.508634,-0.123891,3,satellite_51.508776_-0.124600.png,169.6,-527.2,False,553.8086312075679
pano_1679,51.508634,-0.123891,4,satellite_51.508242_-0.124600.png,-468.3,-527.2,False,705.1558196597402
pano_168,51.503867,-0.131564,1,satellite_51.503968_-0.131467.png,120.6,72.1,True,140.50896768534028
pano_168,51.503867,-0.131564,2,satellite_51.503434_-0.131467.png,-517.2,72.1,False,522.2013500557041
pano_168,51.503867,-0.131564,3,satellite_51.503968_-0.132325.png,120.6,-565.8,False,578.5101554856232
pano_168,51.503867,-0.131564,4,satellite_51.503968_-0.130608.png,120.6,710.8,False,720.9583899227472
pano_1680,51.508632,-0.123882,1,satellite_51.508776_-0.123742.png,172.0,104.1,True,201.0492725676967
pano_1680,51.508632,-0.123882,2,satellite_51.508242_-0.123742.png,-465.9,104.1,False,477.3883324925317
pano_1680,51.508632,-0.123882,3,satellite_51.508776_-0.124600.png,172.0,-533.8,False,560.8265685575176
pano_1680,51.508632,-0.123882,4,satellite_51.508242_-0.124600.png,-465.9,-533.8,False,708.5232882552273
pano_1681,51.508396,-0.124277,1,satellite_51.508242_-0.124600.png,-184.0,-240.2,True,302.5756764844127
pano_1681,51.508396,-0.124277,2,satellite_51.508242_-0.123742.png,-184.0,397.8,False,438.2930982801349
pano_1681,51.508396,-0.124277,3,satellite_51.508776_-0.124600.png,453.9,-240.2,False,513.5379732794839
pano_1681,51.508396,-0.124277,4,satellite_51.508776_-0.123742.png,453.9,397.8,False,603.5478854241808
pano_1682,51.508423,-0.124365,1,satellite_51.508242_-0.124600.png,-216.2,-174.7,True,277.9613822098314
pano_1682,51.508423,-0.124365,2,satellite_51.508776_-0.124600.png,421.7,-174.7,False,456.45479513309965
pano_1682,51.508423,-0.124365,3,satellite_51.508242_-0.123742.png,-216.2,463.2,False,511.1718693355494
pano_1682,51.508423,-0.124365,4,satellite_51.508776_-0.123742.png,421.7,463.2,False,626.4065213581353
pano_1683,51.508616,-0.124058,1,satellite_51.508776_-0.123742.png,191.1,235.0,True,302.8930669394729
pano_1683,51.508616,-0.124058,2,satellite_51.508776_-0.124600.png,191.1,-403.0,False,446.0136881307568
pano_1683,51.508616,-0.124058,3,satellite_51.508242_-0.123742.png,-446.8,235.0,False,504.83189281185474
pano_1683,51.508616,-0.124058,4,satellite_51.508242_-0.124600.png,-446.8,-403.0,False,601.6969669193954
pano_1684,51.508685,-0.123946,1,satellite_51.508776_-0.123742.png,108.7,151.7,True,186.62416778113172
pano_1684,51.508685,-0.123946,2,satellite_51.508776_-0.124600.png,108.7,-486.3,False,498.3004916714412
pano_1684,51.508685,-0.123946,3,satellite_51.508242_-0.123742.png,-529.2,151.7,False,550.5138781175276
pano_1684,51.508685,-0.123946,4,satellite_51.508242_-0.124600.png,-529.2,-486.3,False,718.7074022159505
pano_1685,51.508692,-0.123945,1,satellite_51.508776_-0.123742.png,100.3,150.9,True,181.19299103442165
pano_1685,51.508692,-0.123945,2,satellite_51.508776_-0.124600.png,100.3,-487.0,False,497.22136921093806
pano_1685,51.508692,-0.123945,3,satellite_51.508242_-0.123742.png,-537.6,150.9,False,558.3767276669041
pano_1685,51.508692,-0.123945,4,satellite_51.508242_-0.124600.png,-537.6,-487.0,False,725.3845600783077
pano_1686,51.508706,-0.123968,1,satellite_51.508776_-0.123742.png,83.6,168.0,True,187.6511657304585
pano_1686,51.508706,-0.123968,2,satellite_51.508776_-0.124600.png,83.6,-469.9,False,477.27871312263653
pano_1686,51.508706,-0.123968,3,satellite_51.508242_-0.123742.png,-554.3,168.0,False,579.1998705110352
pano_1686,51.508706,-0.123968,4,satellite_51.508242_-0.124600.png,-554.3,-469.9,False,726.6735855939721
pano_1687,51.508561,-0.124597,1,satellite_51.508776_-0.124600.png,256.8,-2.2,True,256.80942350311057
pano_1687,51.508561,-0.124597,2,satellite_51.508242_-0.124600.png,-381.1,-2.2,False,381.1063499864572
pano_1687,51.508561,-0.124597,3,satellite_51.508776_-0.123742.png,256.8,635.7,False,685.6097505140954
pano_1687,51.508561,-0.124597,4,satellite_51.508776_-0.125459.png,256.8,-640.9,False,690.4339577396233
pano_1688,51.508418,-0.124353,1,satellite_51.508242_-0.124600.png,-210.2,-183.6,True,279.0931744059679
pano_1688,51.508418,-0.124353,2,satellite_51.508776_-0.124600.png,427.7,-183.6,False,465.4419942377353
pano_1688,51.508418,-0.124353,3,satellite_51.508242_-0.123742.png,-210.2,454.3,False,500.5722025842026
pano_1688,51.508418,-0.124353,4,satellite_51.508776_-0.123742.png,427.7,454.3,False,623.9517449290449
pano_1689,51.50839,-0.124298,1,satellite_51.508242_-0.124600.png,-176.8,-224.5,True,285.759496780072
pano_1689,51.50839,-0.124298,2,satellite_51.508242_-0.123742.png,-176.8,413.4,False,449.6196170097564
pano_1689,51.50839,-0.124298,3,satellite_51.508776_-0.124600.png,461.1,-224.5,False,512.8483791531372
pano_1689,51.50839,-0.124298,4,satellite_51.508776_-0.123742.png,461.1,413.4,False,619.2840785939842
pano_169,51.503741,-0.13168,1,satellite_51.503968_-0.131467.png,271.1,158.4,True,313.9837097685165
pano_169,51.503741,-0.13168,2,satellite_51.503434_-0.131467.png,-366.7,158.4,False,399.44893290632285
pano_169,51.503741,-0.13168,3,satellite_51.503968_-0.132325.png,271.1,-479.6,False,550.9186600579073
pano_169,51.503741,-0.13168,4,satellite_51.503434_-0.132325.png,-366.7,-479.6,False,603.725972606778
pano_1690,51.508402,-0.124321,1,satellite_51.508242_-0.124600.png,-191.1,-207.4,True,282.01767675094413
pano_1690,51.508402,-0.124321,2,satellite_51.508242_-0.123742.png,-191.1,430.5,False,471.00898080609886
pano_1690,51.508402,-0.124321,3,satellite_51.508776_-0.124600.png,446.8,-207.4,False,492.590093282437
pano_1690,51.508402,-0.124321,4,satellite_51.508776_-0.123742.png,446.8,430.5,False,620.4518434173598
pano_1691,51.508657,-0.123921,1,satellite_51.508776_-0.123742.png,142.2,133.1,True,194.77281637846693
pano_1691,51.508657,-0.123921,2,satellite_51.508242_-0.123742.png,-495.8,133.1,False,513.3548967332443
pano_1691,51.508657,-0.123921,3,satellite_51.508776_-0.124600.png,142.2,-504.8,False,524.4462603546716
pano_1691,51.508657,-0.123921,4,satellite_51.508242_-0.124600.png,-495.8,-504.8,False,707.5596653286563
pano_1692,51.508714,-0.123911,1,satellite_51.508776_-0.123742.png,74.1,125.7,True,145.91538644022432
pano_1692,51.508714,-0.123911,2,satellite_51.508776_-0.124600.png,74.1,-512.3,False,517.6312393973145
pano_1692,51.508714,-0.123911,3,satellite_51.508242_-0.123742.png,-563.9,125.7,False,577.7401665108632
pano_1692,51.508714,-0.123911,4,satellite_51.509311_-0.123742.png,713.2,125.7,False,724.1924675112274
pano_1693,51.507339,-0.131853,1,satellite_51.507174_-0.131467.png,-197.1,287.0,True,348.1629072718689
pano_1693,51.507339,-0.131853,2,satellite_51.507174_-0.132325.png,-197.1,-350.9,False,402.46642095956275
pano_1693,51.507339,-0.131853,3,satellite_51.507708_-0.131467.png,440.8,287.0,False,525.9977566492086
pano_1693,51.507339,-0.131853,4,satellite_51.507708_-0.132325.png,440.8,-350.9,False,563.4141017049537
pano_1694,51.507615,-0.131057,1,satellite_51.507708_-0.131467.png,111.1,-304.8,True,324.4167843993279
pano_1694,51.507615,-0.131057,2,satellite_51.507708_-0.130608.png,111.1,333.8,False,351.8034252249401
pano_1694,51.507615,-0.131057,3,satellite_51.507174_-0.131467.png,-526.8,-304.8,False,608.62244454177
pano_1694,51.507615,-0.131057,4,satellite_51.507174_-0.130608.png,-526.8,333.8,False,623.6510883498881
pano_1695,51.507629,-0.130988,1,satellite_51.507708_-0.130608.png,94.4,282.5,True,297.8550150660553
pano_1695,51.507629,-0.130988,2,satellite_51.507708_-0.131467.png,94.4,-356.1,False,368.4000135722039
pano_1695,51.507629,-0.130988,3,satellite_51.507174_-0.130608.png,-543.5,282.5,False,612.5344888249151
pano_1695,51.507629,-0.130988,4,satellite_51.507174_-0.131467.png,-543.5,-356.1,False,649.7687742574277
pano_1696,51.507643,-0.130919,1,satellite_51.507708_-0.130608.png,77.6,231.2,True,243.8753780109833
pano_1696,51.507643,-0.130919,2,satellite_51.507708_-0.131467.png,77.6,-407.4,False,414.7246315327798
pano_1696,51.507643,-0.130919,3,satellite_51.507174_-0.130608.png,-560.3,231.2,False,606.1266616805434
pano_1696,51.507643,-0.130919,4,satellite_51.507174_-0.131467.png,-560.3,-407.4,False,692.755981569268
pano_1697,51.507645,-0.130846,1,satellite_51.507708_-0.130608.png,75.3,177.0,True,192.3514751698047
pano_1697,51.507645,-0.130846,2,satellite_51.507708_-0.131467.png,75.3,-461.7,False,467.8001496365729
pano_1697,51.507645,-0.130846,3,satellite_51.507174_-0.130608.png,-562.6,177.0,False,589.7861985499492
pano_1697,51.507645,-0.130846,4,satellite_51.507174_-0.131467.png,-562.6,-461.7,False,727.7950604394069
pano_1698,51.507621,-0.130522,1,satellite_51.507708_-0.130608.png,103.9,-63.9,True,121.97712900376038
pano_1698,51.507621,-0.130522,2,satellite_51.507174_-0.130608.png,-534.0,-63.9,False,537.8096410441152
pano_1698,51.507621,-0.130522,3,satellite_51.507708_-0.129750.png,103.9,574.0,False,583.3277037823593
pano_1698,51.507621,-0.130522,4,satellite_51.507708_-0.131467.png,103.9,-702.6,False,710.2407831151348
pano_1699,51.507589,-0.130173,1,satellite_51.507708_-0.129750.png,142.2,314.5,True,345.1537193773232
pano_1699,51.507589,-0.130173,2,satellite_51.507708_-0.130608.png,142.2,-323.4,False,353.28232336192536
pano_1699,51.507589,-0.130173,3,satellite_51.507174_-0.129750.png,-495.7,314.5,False,587.0508836549009
pano_1699,51.507589,-0.130173,4,satellite_51.507174_-0.130608.png,-495.7,-323.4,False,591.8665812495245
pano_17,51.505342,-0.129743,1,satellite_51.505571_-0.129750.png,273.5,-5.2,True,273.5494288058376
pano_17,51.505342,-0.129743,2,satellite_51.505037_-0.129750.png,-364.3,-5.2,False,364.33711037993373
pano_17,51.505342,-0.129743,3,satellite_51.505571_-0.128892.png,273.5,632.7,False,689.2833524755985
pano_17,51.505342,-0.129743,4,satellite_51.505571_-0.130608.png,273.5,-643.1,False,698.8417989788533
pano_170,51.503935,-0.131523,1,satellite_51.503968_-0.131467.png,39.4,41.6,True,57.2967712877436
pano_170,51.503935,-0.131523,2,satellite_51.503968_-0.132325.png,39.4,-596.3,False,597.6002426371663
pano_170,51.503935,-0.131523,3,satellite_51.503434_-0.131467.png,-598.4,41.6,False,599.8442464506932
pano_170,51.503935,-0.131523,4,satellite_51.504503_-0.131467.png,678.5,41.6,False,679.774087473184
pano_1700,51.507587,-0.130134,1,satellite_51.507708_-0.129750.png,144.5,285.5,True,319.9851559057076
pano_1700,51.507587,-0.130134,2,satellite_51.507708_-0.130608.png,144.5,-352.4,False,380.8753208072164
pano_1700,51.507587,-0.130134,3,satellite_51.507174_-0.129750.png,-493.4,285.5,False,570.0471998001569
pano_1700,51.507587,-0.130134,4,satellite_51.507174_-0.130608.png,-493.4,-352.4,False,606.3244346057645
pano_1701,51.507571,-0.13009,1,satellite_51.507708_-0.129750.png,163.7,252.8,True,301.17358781938367
pano_1701,51.507571,-0.13009,2,satellite_51.507708_-0.130608.png,163.7,-385.1,False,418.4491605918215
pano_1701,51.507571,-0.13009,3,satellite_51.507174_-0.129750.png,-474.2,252.8,False,537.3764788302517
pano_1701,51.507571,-0.13009,4,satellite_51.507174_-0.130608.png,-474.2,-385.1,False,610.8744961119264
pano_1702,51.507543,-0.129986,1,satellite_51.507708_-0.129750.png,197.1,175.5,True,263.9103256790079
pano_1702,51.507543,-0.129986,2,satellite_51.507174_-0.129750.png,-440.8,175.5,False,474.4521999105916
pano_1702,51.507543,-0.129986,3,satellite_51.507708_-0.130608.png,197.1,-462.5,False,502.74711336814255
pano_1702,51.507543,-0.129986,4,satellite_51.507174_-0.130608.png,-440.8,-462.5,False,638.9138361312893
pano_1703,51.507528,-0.129854,1,satellite_51.507708_-0.129750.png,215.0,77.3,True,228.47382782279462
pano_1703,51.507528,-0.129854,2,satellite_51.507174_-0.129750.png,-422.9,77.3,False,429.90661776716115
pano_1703,51.507528,-0.129854,3,satellite_51.507708_-0.130608.png,215.0,-560.6,False,600.4143236132862
pano_1703,51.507528,-0.129854,4,satellite_51.507174_-0.130608.png,-422.9,-560.6,False,702.2227353197844
pano_1704,51.507497,-0.129626,1,satellite_51.507708_-0.129750.png,252.1,-92.2,True,268.43108985361584
pano_1704,51.507497,-0.129626,2,satellite_51.507174_-0.129750.png,-385.8,-92.2,False,396.66419046846164
pano_1704,51.507497,-0.129626,3,satellite_51.507708_-0.128892.png,252.1,545.7,False,601.1180416523863
pano_1704,51.507497,-0.129626,4,satellite_51.507174_-0.128892.png,-385.8,545.7,False,668.3039203835333
pano_1705,51.507562,-0.130062,1,satellite_51.507708_-0.129750.png,174.4,232.0,True,290.24017640567956
pano_1705,51.507562,-0.130062,2,satellite_51.507708_-0.130608.png,174.4,-406.0,False,441.8725608136355
pano_1705,51.507562,-0.130062,3,satellite_51.507174_-0.129750.png,-463.5,232.0,False,518.3206054171492
pano_1705,51.507562,-0.130062,4,satellite_51.507174_-0.130608.png,-463.5,-406.0,False,616.1722567594228
pano_1706,51.507554,-0.130028,1,satellite_51.507708_-0.129750.png,184.0,206.7,True,276.73252429015275
pano_1706,51.507554,-0.130028,2,satellite_51.507708_-0.130608.png,184.0,-431.2,False,468.8170645358379
pano_1706,51.507554,-0.130028,3,satellite_51.507174_-0.129750.png,-453.9,206.7,False,498.7485338324314
pano_1706,51.507554,-0.130028,4,satellite_51.507174_-0.130608.png,-453.9,-431.2,False,626.0660108966147
pano_1707,51.507495,-0.131878,1,satellite_51.507708_-0.131467.png,254.4,305.6,True,397.63138709110984
pano_1707,51.507495,-0.131878,2,satellite_51.507708_-0.132325.png,254.4,-332.4,False,418.5798848487586
pano_1707,51.507495,-0.131878,3,satellite_51.507174_-0.131467.png,-383.5,305.6,False,490.3708902453326
pano_1707,51.507495,-0.131878,4,satellite_51.507174_-0.132325.png,-383.5,-332.4,False,507.5056748451193
pano_1708,51.507721,-0.131209,1,satellite_51.507708_-0.131467.png,-15.5,-191.8,True,192.42528420142713
pano_1708,51.507721,-0.131209,2,satellite_51.507708_-0.130608.png,-15.5,446.9,False,447.1687153636757
pano_1708,51.507721,-0.131209,3,satellite_51.508242_-0.131467.png,622.4,-191.8,False,651.2825807589206
pano_1708,51.507721,-0.131209,4,satellite_51.507174_-0.131467.png,-653.4,-191.8,False,680.9690154478395
pano_1709,51.507754,-0.131205,1,satellite_51.507708_-0.131467.png,-55.0,-194.8,True,202.41551323947482
pano_1709,51.507754,-0.131205,2,satellite_51.507708_-0.130608.png,-55.0,443.9,False,447.2943214484172
pano_1709,51.507754,-0.131205,3,satellite_51.508242_-0.131467.png,583.0,-194.8,False,614.6836910151432
pano_1709,51.507754,-0.131205,4,satellite_51.507174_-0.131467.png,-692.9,-194.8,False,719.7620787454699
pano_171,51.508598,-0.124614,1,satellite_51.508776_-0.124600.png,212.6,10.4,True,212.8542224152483
pano_171,51.508598,-0.124614,2,satellite_51.508242_-0.124600.png,-425.3,10.4,False,425.42713829749977
pano_171,51.508598,-0.124614,3,satellite_51.508776_-0.125459.png,212.6,-628.3,False,663.2945424168662
pano_171,51.508598,-0.124614,4,satellite_51.508776_-0.123742.png,212.6,648.3,False,682.2694848811575
pano_1710,51.508222,-0.131622,1,satellite_51.508242_-0.131467.png,23.9,115.2,True,117.65309175708049
pano_1710,51.508222,-0.131622,2,satellite_51.508242_-0.132325.png,23.9,-522.7,False,523.2461179980221
pano_1710,51.508222,-0.131622,3,satellite_51.507708_-0.131467.png,-614.0,115.2,False,624.713566364618
pano_1710,51.508222,-0.131622,4,satellite_51.508776_-0.131467.png,661.8,115.2,False,671.7516505376075
pano_1711,51.507735,-0.131201,1,satellite_51.507708_-0.131467.png,-32.3,-197.8,True,200.4198842430561
pano_1711,51.507735,-0.131201,2,satellite_51.507708_-0.130608.png,-32.3,440.9,False,442.0815535622358
pano_1711,51.507735,-0.131201,3,satellite_51.508242_-0.131467.png,605.6,-197.8,False,637.0841388702123
pano_1711,51.507735,-0.131201,4,satellite_51.507174_-0.131467.png,-670.2,-197.8,False,698.7795646697176
pano_1712,51.507792,-0.13123,1,satellite_51.507708_-0.131467.png,-100.3,-176.2,True,202.74745374480045
pano_1712,51.507792,-0.13123,2,satellite_51.507708_-0.130608.png,-100.3,462.5,False,473.250821446725
pano_1712,51.507792,-0.13123,3,satellite_51.508242_-0.131467.png,537.6,-176.2,False,565.738632232235
pano_1712,51.507792,-0.13123,4,satellite_51.508242_-0.130608.png,537.6,462.5,False,709.1685342709446
pano_1713,51.507797,-0.131212,1,satellite_51.507708_-0.131467.png,-106.3,-189.6,True,217.36570566674035
pano_1713,51.507797,-0.131212,2,satellite_51.507708_-0.130608.png,-106.3,449.1,False,461.5089381582983
pano_1713,51.507797,-0.131212,3,satellite_51.508242_-0.131467.png,531.6,-189.6,False,564.3994330259378
pano_1713,51.507797,-0.131212,4,satellite_51.508242_-0.130608.png,531.6,449.1,False,695.9090242265867
pano_1714,51.507845,-0.131063,1,satellite_51.507708_-0.131467.png,-163.7,-300.4,True,342.10795079915925
pano_1714,51.507845,-0.131063,2,satellite_51.507708_-0.130608.png,-163.7,338.3,False,375.8251987294093
pano_1714,51.507845,-0.131063,3,satellite_51.508242_-0.131467.png,474.2,-300.4,False,561.3428542343796
pano_1714,51.507845,-0.131063,4,satellite_51.508242_-0.130608.png,474.2,338.3,False,582.5053905329976
pano_1715,51.508073,-0.131221,1,satellite_51.508242_-0.131467.png,201.9,-182.9,True,272.42617348558855
pano_1715,51.508073,-0.131221,2,satellite_51.507708_-0.131467.png,-436.0,-182.9,False,472.8090629419026
pano_1715,51.508073,-0.131221,3,satellite_51.508242_-0.130608.png,201.9,455.8,False,498.5150449083759
pano_1715,51.508073,-0.131221,4,satellite_51.507708_-0.130608.png,-436.0,455.8,False,630.753232254897
pano_1716,51.507841,-0.131017,1,satellite_51.507708_-0.130608.png,-158.9,304.1,True,343.1122556831802
pano_1716,51.507841,-0.131017,2,satellite_51.507708_-0.131467.png,-158.9,-334.6,False,370.41378214099973
pano_1716,51.507841,-0.131017,3,satellite_51.508242_-0.130608.png,479.0,304.1,False,567.3780133209252
pano_1716,51.507841,-0.131017,4,satellite_51.508242_-0.131467.png,479.0,-334.6,False,584.2928717689443
pano_1717,51.507825,-0.130992,1,satellite_51.507708_-0.130608.png,-139.8,285.5,True,317.890374185819
pano_1717,51.507825,-0.130992,2,satellite_51.507708_-0.131467.png,-139.8,-353.2,False,379.8608692666303
pano_1717,51.507825,-0.130992,3,satellite_51.508242_-0.130608.png,498.1,285.5,False,574.12007454887
pano_1717,51.507825,-0.130992,4,satellite_51.508242_-0.131467.png,498.1,-353.2,False,610.6175971915648
pano_1718,51.507819,-0.130954,1,satellite_51.507708_-0.130608.png,-132.6,257.3,True,289.45820078208186
pano_1718,51.507819,-0.130954,2,satellite_51.507708_-0.131467.png,-132.6,-381.4,False,403.792917223668
pano_1718,51.507819,-0.130954,3,satellite_51.508242_-0.130608.png,505.3,257.3,False,567.037370902483
pano_1718,51.507819,-0.130954,4,satellite_51.508242_-0.131467.png,505.3,-381.4,False,633.0829724451606
pano_1719,51.507823,-0.130918,1,satellite_51.507708_-0.130608.png,-137.4,230.5,True,268.344945918495
pano_1719,51.507823,-0.130918,2,satellite_51.507708_-0.131467.png,-137.4,-408.2,False,430.70407474274026
pano_1719,51.507823,-0.130918,3,satellite_51.508242_-0.130608.png,500.5,230.5,False,551.0267688597352
pano_1719,51.507823,-0.130918,4,satellite_51.508242_-0.131467.png,500.5,-408.2,False,645.8540779464042
pano_172,51.507647,-0.12462,1,satellite_51.507708_-0.124600.png,72.9,14.9,True,74.4071233149085
pano_172,51.507647,-0.12462,2,satellite_51.507174_-0.124600.png,-565.0,14.9,False,565.1964348790605
pano_172,51.507647,-0.12462,3,satellite_51.507708_-0.125459.png,72.9,-623.8,False,628.0452611078281
pano_172,51.507647,-0.12462,4,satellite_51.507708_-0.123742.png,72.9,652.8,False,656.8578613368344
pano_1720,51.507985,-0.130438,1,satellite_51.508242_-0.130608.png,307.0,-126.4,True,332.0029517941068
pano_1720,51.507985,-0.130438,2,satellite_51.507708_-0.130608.png,-330.9,-126.4,False,354.2199457963936
pano_1720,51.507985,-0.130438,3,satellite_51.508242_-0.129750.png,307.0,511.5,False,596.5578345810237
pano_1720,51.507985,-0.130438,4,satellite_51.507708_-0.129750.png,-330.9,511.5,False,609.2019862081869
pano_1721,51.507857,-0.13103,1,satellite_51.507708_-0.130608.png,-178.0,313.8,True,360.76923372150236
pano_1721,51.507857,-0.13103,2,satellite_51.507708_-0.131467.png,-178.0,-324.9,False,370.4645867016171
pano_1721,51.507857,-0.13103,3,satellite_51.508242_-0.130608.png,459.9,313.8,False,556.7570834753699
pano_1721,51.507857,-0.13103,4,satellite_51.508242_-0.131467.png,459.9,-324.9,False,563.0879327423027
pano_1722,51.508383,-0.13175,1,satellite_51.508242_-0.131467.png,-168.4,210.4,True,269.4934507553013
pano_1722,51.508383,-0.13175,2,satellite_51.508242_-0.132325.png,-168.4,-427.5,False,459.47231690277056
pano_1722,51.508383,-0.13175,3,satellite_51.508776_-0.131467.png,469.5,210.4,False,514.4884935545206
pano_1722,51.508383,-0.13175,4,satellite_51.508776_-0.132325.png,469.5,-427.5,False,634.969684315716
pano_1723,51.508391,-0.131785,1,satellite_51.508242_-0.131467.png,-178.0,236.4,True,295.9205298724643
pano_1723,51.508391,-0.131785,2,satellite_51.508242_-0.132325.png,-178.0,-401.5,False,439.18817151649245
pano_1723,51.508391,-0.131785,3,satellite_51.508776_-0.131467.png,459.9,236.4,False,517.1005414810547
pano_1723,51.508391,-0.131785,4,satellite_51.508776_-0.132325.png,459.9,-401.5,False,610.5000081900081
pano_1724,51.508348,-0.131896,1,satellite_51.508242_-0.132325.png,-126.6,-319.0,True,343.2033799367366
pano_1724,51.508348,-0.131896,2,satellite_51.508242_-0.131467.png,-126.6,319.0,True,343.2033799367366
pano_1724,51.508348,-0.131896,3,satellite_51.508776_-0.132325.png,511.3,-319.0,False,602.6513834714063
pano_1724,51.508348,-0.131896,4,satellite_51.508776_-0.131467.png,511.3,319.0,False,602.6513834714063
pano_1725,51.508392,-0.131766,1,satellite_51.508242_-0.131467.png,-179.2,222.3,True,285.534463769262
pano_1725,51.508392,-0.131766,2,satellite_51.508242_-0.132325.png,-179.2,-415.6,False,452.5881129680717
pano_1725,51.508392,-0.131766,3,satellite_51.508776_-0.131467.png,458.7,222.3,False,509.72833941227947
pano_1725,51.508392,-0.131766,4,satellite_51.508776_-0.132325.png,458.7,-415.6,False,618.974191707538
pano_1726,51.508086,-0.131228,1,satellite_51.508242_-0.131467.png,186.4,-177.7,True,257.53106608718105
pano_1726,51.508086,-0.131228,2,satellite_51.507708_-0.131467.png,-451.6,-177.7,False,485.3038738769762
pano_1726,51.508086,-0.131228,3,satellite_51.508242_-0.130608.png,186.4,461.0,False,497.25844386998597
pano_1726,51.508086,-0.131228,4,satellite_51.507708_-0.130608.png,-451.6,461.0,False,645.339879443383
pano_1727,51.508101,-0.131214,1,satellite_51.508242_-0.131467.png,168.4,-188.1,True,252.46815640789237
pano_1727,51.508101,-0.131214,2,satellite_51.508242_-0.130608.png,168.4,450.6,False,481.03941626440553
pano_1727,51.508101,-0.131214,3,satellite_51.507708_-0.131467.png,-469.5,-188.1,False,505.7784692926341
pano_1727,51.508101,-0.131214,4,satellite_51.507708_-0.130608.png,-469.5,450.6,False,650.7461947641339
pano_1728,51.50828,-0.130672,1,satellite_51.508242_-0.130608.png,-45.4,47.6,True,65.77932805980919
pano_1728,51.50828,-0.130672,2,satellite_51.508242_-0.131467.png,-45.4,-591.1,False,592.8409314478885
pano_1728,51.50828,-0.130672,3,satellite_51.508776_-0.130608.png,592.5,47.6,False,594.4089585462184
pano_1728,51.50828,-0.130672,4,satellite_51.507708_-0.130608.png,-683.3,47.6,False,684.9559474885957
pano_1729,51.508283,-0.130656,1,satellite_51.508242_-0.130608.png,-49.0,35.7,True,60.62581958208895
pano_1729,51.508283,-0.130656,2,satellite_51.508776_-0.130608.png,588.9,35.7,False,589.9811013922395
pano_1729,51.508283,-0.130656,3,satellite_51.508242_-0.131467.png,-49.0,-603.0,False,604.9876031787759
pano_1729,51.508283,-0.130656,4,satellite_51.508242_-0.129750.png,-49.0,673.6,False,675.3798634842469
pano_173,51.506452,-0.129694,1,satellite_51.506640_-0.129750.png,224.6,-41.6,True,228.4200516592184
pano_173,51.506452,-0.129694,2,satellite_51.506105_-0.129750.png,-414.5,-41.6,False,416.5822967914023
pano_173,51.506452,-0.129694,3,satellite_51.506640_-0.128892.png,224.6,596.3,False,637.196084419859
pano_173,51.506452,-0.129694,4,satellite_51.506640_-0.130608.png,224.6,-679.6,False,715.7522755814333
pano_1730,51.508276,-0.130635,1,satellite_51.508242_-0.130608.png,-40.6,20.1,True,45.30309040231141
pano_1730,51.508276,-0.130635,2,satellite_51.508776_-0.130608.png,597.3,20.1,False,597.6381011950292
pano_1730,51.508276,-0.130635,3,satellite_51.508242_-0.131467.png,-40.6,-618.6,False,619.9308993750836
pano_1730,51.508276,-0.130635,4,satellite_51.508242_-0.129750.png,-40.6,658.0,False,659.2513632902096
pano_1731,51.508003,-0.130422,1,satellite_51.508242_-0.130608.png,285.5,-138.3,True,317.2335732547865
pano_1731,51.508003,-0.130422,2,satellite_51.507708_-0.130608.png,-352.4,-138.3,False,378.56657274513816
pano_1731,51.508003,-0.130422,3,satellite_51.508242_-0.129750.png,285.5,499.6,False,575.4219408399371
pano_1731,51.508003,-0.130422,4,satellite_51.507708_-0.129750.png,-352.4,499.6,False,611.380339886719
pano_1732,51.507993,-0.13043,1,satellite_51.508242_-0.130608.png,297.5,-132.3,True,325.59106253089936
pano_1732,51.507993,-0.13043,2,satellite_51.507708_-0.130608.png,-340.5,-132.3,False,365.2992471933114
pano_1732,51.507993,-0.13043,3,satellite_51.508242_-0.129750.png,297.5,505.6,False,586.6324317662637
pano_1732,51.507993,-0.13043,4,satellite_51.507708_-0.129750.png,-340.5,505.6,False,609.5667395782024
pano_1733,51.508093,-0.131226,1,satellite_51.508242_-0.131467.png,178.0,-179.2,True,252.5799675350363
pano_1733,51.508093,-0.131226,2,satellite_51.508242_-0.130608.png,178.0,459.5,False,492.7720061042429
pano_1733,51.508093,-0.131226,3,satellite_51.507708_-0.131467.png,-459.9,-179.2,False,493.579426232496
pano_1733,51.508093,-0.131226,4,satellite_51.507708_-0.130608.png,-459.9,459.5,False,650.1140361505818
pano_1734,51.50817,-0.131331,1,satellite_51.508242_-0.131467.png,86.0,-101.1,True,132.72983839363326
pano_1734,51.50817,-0.131331,2,satellite_51.508242_-0.130608.png,86.0,537.6,False,544.4352670428323
pano_1734,51.50817,-0.131331,3,satellite_51.507708_-0.131467.png,-551.9,-101.1,False,561.0836123074706
pano_1734,51.50817,-0.131331,4,satellite_51.508776_-0.131467.png,723.9,-101.1,False,730.9257281010157
pano_1735,51.508165,-0.131306,1,satellite_51.508242_-0.131467.png,92.0,-119.7,True,150.97049380590897
pano_1735,51.508165,-0.131306,2,satellite_51.508242_-0.130608.png,92.0,519.0,False,527.0910737244561
pano_1735,51.508165,-0.131306,3,satellite_51.507708_-0.131467.png,-545.9,-119.7,False,558.8693049363151
pano_1735,51.508165,-0.131306,4,satellite_51.508776_-0.131467.png,729.9,-119.7,False,739.6499847901033
pano_1736,51.508175,-0.131276,1,satellite_51.508242_-0.131467.png,80.0,-142.0,True,162.9846618550347
pano_1736,51.508175,-0.131276,2,satellite_51.508242_-0.130608.png,80.0,496.7,False,503.10127211129173
pano_1736,51.508175,-0.131276,3,satellite_51.507708_-0.131467.png,-557.9,-142.0,False,575.6877712788418
pano_1736,51.508175,-0.131276,4,satellite_51.508776_-0.131467.png,717.9,-142.0,False,731.8089983048856
pano_1737,51.508357,-0.130741,1,satellite_51.508242_-0.130608.png,-137.4,98.9,True,169.29255742648584
pano_1737,51.508357,-0.130741,2,satellite_51.508776_-0.130608.png,500.5,98.9,False,510.1778709430663
pano_1737,51.508357,-0.130741,3,satellite_51.508242_-0.131467.png,-137.4,-539.8,False,557.012387653991
pano_1737,51.508357,-0.130741,4,satellite_51.508776_-0.131467.png,500.5,-539.8,False,736.1279032885521
pano_1738,51.508375,-0.13072,1,satellite_51.508242_-0.130608.png,-158.9,83.3,True,179.41042333153334
pano_1738,51.508375,-0.13072,2,satellite_51.508776_-0.130608.png,479.0,83.3,False,486.18915043427285
pano_1738,51.508375,-0.13072,3,satellite_51.508242_-0.131467.png,-158.9,-555.4,False,577.6836244866215
pano_1738,51.508375,-0.13072,4,satellite_51.508776_-0.131467.png,479.0,-555.4,False,733.4235883853205
pano_1739,51.508387,-0.130727,1,satellite_51.508242_-0.130608.png,-173.2,88.5,True,194.50061696560243
pano_1739,51.508387,-0.130727,2,satellite_51.508776_-0.130608.png,464.7,88.5,False,473.0521535729438
pano_1739,51.508387,-0.130727,3,satellite_51.508242_-0.131467.png,-173.2,-550.2,False,576.8173714443767
pano_1739,51.508387,-0.130727,4,satellite_51.508776_-0.131467.png,464.7,-550.2,False,720.184788786878
pano_174,51.505803,-0.131253,1,satellite_51.505571_-0.131467.png,-277.1,-159.1,True,319.52655601686695
pano_174,51.505803,-0.131253,2,satellite_51.506105_-0.131467.png,360.7,-159.1,False,394.2300090048955
pano_174,51.505803,-0.131253,3,satellite_51.505571_-0.130608.png,-277.1,479.6,False,553.8958115024883
pano_174,51.505803,-0.131253,4,satellite_51.506105_-0.130608.png,360.7,479.6,False,600.1005332442223
pano_1740,51.508751,-0.131044,1,satellite_51.508776_-0.131467.png,29.9,-314.5,True,315.9181223038653
pano_1740,51.508751,-0.131044,2,satellite_51.508776_-0.130608.png,29.9,324.2,False,325.57587441332316
pano_1740,51.508751,-0.131044,3,satellite_51.508242_-0.131467.png,-608.1,-314.5,False,684.6136574740531
pano_1740,51.508751,-0.131044,4,satellite_51.508242_-0.130608.png,-608.1,324.2,False,689.123537546063
pano_1741,51.508365,-0.130724,1,satellite_51.508242_-0.130608.png,-146.9,86.2,True,170.32336891924137
pano_1741,51.508365,-0.130724,2,satellite_51.508776_-0.130608.png,491.0,86.2,False,498.50921756773965
pano_1741,51.508365,-0.130724,3,satellite_51.508242_-0.131467.png,-146.9,-552.4,False,571.5989590613335
pano_1741,51.508365,-0.130724,4,satellite_51.508242_-0.129750.png,-146.9,724.2,False,738.9487465311786
pano_1742,51.508182,-0.131341,1,satellite_51.508242_-0.131467.png,71.7,-93.7,True,117.9855075846182
pano_1742,51.508182,-0.131341,2,satellite_51.508242_-0.130608.png,71.7,545.0,False,549.6961797211255
pano_1742,51.508182,-0.131341,3,satellite_51.507708_-0.131467.png,-566.2,-93.7,False,573.9008015328085
pano_1742,51.508182,-0.131341,4,satellite_51.508776_-0.131467.png,709.6,-93.7,False,715.7596314406115
pano_1743,51.508164,-0.131319,1,satellite_51.508242_-0.131467.png,93.2,-110.0,True,144.17433890952995
pano_1743,51.508164,-0.131319,2,satellite_51.508242_-0.130608.png,93.2,528.6,False,536.7533884383032
pano_1743,51.508164,-0.131319,3,satellite_51.507708_-0.131467.png,-544.7,-110.0,False,555.6960410152299
pano_1743,51.508164,-0.131319,4,satellite_51.508776_-0.131467.png,731.1,-110.0,False,739.3288916307816
pano_1744,51.50812,-0.131254,1,satellite_51.508242_-0.131467.png,145.7,-158.4,True,215.21860979013874
pano_1744,51.50812,-0.131254,2,satellite_51.508242_-0.130608.png,145.7,480.3,False,501.91292073426445
pano_1744,51.50812,-0.131254,3,satellite_51.507708_-0.131467.png,-492.2,-158.4,False,517.0603446407392
pano_1744,51.50812,-0.131254,4,satellite_51.507708_-0.130608.png,-492.2,480.3,False,687.7128252403033
pano_1745,51.508153,-0.131293,1,satellite_51.508242_-0.131467.png,106.3,-129.4,True,167.46357812969362
pano_1745,51.508153,-0.131293,2,satellite_51.508242_-0.130608.png,106.3,509.3,False,520.27510030752
pano_1745,51.508153,-0.131293,3,satellite_51.507708_-0.131467.png,-531.6,-129.4,False,547.1223994683456
pano_1745,51.508153,-0.131293,4,satellite_51.507708_-0.130608.png,-531.6,509.3,False,736.1963393008689
pano_1746,51.508132,-0.131269,1,satellite_51.508242_-0.131467.png,131.4,-147.2,True,197.31649702951853
pano_1746,51.508132,-0.131269,2,satellite_51.508242_-0.130608.png,131.4,491.5,False,508.761447045666
pano_1746,51.508132,-0.131269,3,satellite_51.507708_-0.131467.png,-506.5,-147.2,False,527.456244630775
pano_1746,51.508132,-0.131269,4,satellite_51.507708_-0.130608.png,-506.5,491.5,False,705.772272053812
pano_1747,51.508356,-0.130714,1,satellite_51.508242_-0.130608.png,-136.2,78.8,True,157.352724793694
pano_1747,51.508356,-0.130714,2,satellite_51.508776_-0.130608.png,501.7,78.8,False,507.8506965634683
pano_1747,51.508356,-0.130714,3,satellite_51.508242_-0.131467.png,-136.2,-559.9,False,576.2277761441217
pano_1747,51.508356,-0.130714,4,satellite_51.508242_-0.129750.png,-136.2,716.7,False,729.526784977769
pano_1748,51.508282,-0.130646,1,satellite_51.508242_-0.130608.png,-47.8,28.3,True,55.54934743091047
pano_1748,51.508282,-0.130646,2,satellite_51.508776_-0.130608.png,590.1,28.3,False,590.7782155767086
pano_1748,51.508282,-0.130646,3,satellite_51.508242_-0.131467.png,-47.8,-610.4,False,612.2687318490141
pano_1748,51.508282,-0.130646,4,satellite_51.508242_-0.129750.png,-47.8,666.2,False,667.9126290167001
pano_1749,51.508297,-0.130667,1,satellite_51.508242_-0.130608.png,-65.7,43.9,True,79.01708675976356
pano_1749,51.508297,-0.130667,2,satellite_51.508776_-0.130608.png,572.2,43.9,False,573.8815644364263
pano_1749,51.508297,-0.130667,3,satellite_51.508242_-0.131467.png,-65.7,-594.8,False,598.4175214680799
pano_1749,51.508297,-0.130667,4,satellite_51.508242_-0.129750.png,-65.7,681.8,False,684.9581958046782
pano_175,51.506445,-0.123618,1,satellite_51.506640_-0.123742.png,232.9,-92.2,True,250.48602755443267
pano_175,51.506445,-0.123618,2,satellite_51.506105_-0.123742.png,-406.1,-92.2,False,416.43492889045706
pano_175,51.506445,-0.123618,3,satellite_51.506640_-0.122884.png,232.9,545.7,False,593.3219193658701
pano_175,51.506445,-0.123618,4,satellite_51.506105_-0.122884.png,-406.1,545.7,False,680.2247422727286
pano_1750,51.508323,-0.130688,1,satellite_51.508242_-0.130608.png,-96.8,59.5,True,113.62433718178514
pano_1750,51.508323,-0.130688,2,satellite_51.508776_-0.130608.png,541.1,59.5,False,544.3615159064792
pano_1750,51.508323,-0.130688,3,satellite_51.508242_-0.131467.png,-96.8,-579.2,False,587.2332415659046
pano_1750,51.508323,-0.130688,4,satellite_51.508242_-0.129750.png,-96.8,697.4,False,704.0859322554314
pano_1751,51.508594,-0.131691,1,satellite_51.508776_-0.131467.png,217.4,166.5,True,273.83390951450843
pano_1751,51.508594,-0.131691,2,satellite_51.508242_-0.131467.png,-420.5,166.5,False,452.2637504819505
pano_1751,51.508594,-0.131691,3,satellite_51.508776_-0.132325.png,217.4,-471.4,False,519.1153243740739
pano_1751,51.508594,-0.131691,4,satellite_51.508242_-0.132325.png,-420.5,-471.4,False,631.6947126579421
pano_1752,51.508058,-0.13032,1,satellite_51.508242_-0.130608.png,219.8,-214.1,True,306.84010494066774
pano_1752,51.508058,-0.13032,2,satellite_51.507708_-0.130608.png,-418.1,-214.1,False,469.73015657928545
pano_1752,51.508058,-0.13032,3,satellite_51.508242_-0.129750.png,219.8,423.8,False,477.40808539445584
pano_1752,51.508058,-0.13032,4,satellite_51.507708_-0.129750.png,-418.1,423.8,False,595.3268430030683
pano_1753,51.508789,-0.130934,1,satellite_51.508776_-0.130608.png,-15.5,242.4,True,242.8950596451068
pano_1753,51.508789,-0.130934,2,satellite_51.508776_-0.131467.png,-15.5,-396.3,False,396.60300049293625
pano_1753,51.508789,-0.130934,3,satellite_51.509311_-0.130608.png,623.6,242.4,False,669.0550948912952
pano_1753,51.508789,-0.130934,4,satellite_51.508242_-0.130608.png,-653.4,242.4,False,696.9141410532577
pano_1754,51.508049,-0.130305,1,satellite_51.508242_-0.130608.png,230.6,-225.3,True,322.39176478315943
pano_1754,51.508049,-0.130305,2,satellite_51.507708_-0.130608.png,-407.4,-225.3,False,465.547903013213
pano_1754,51.508049,-0.130305,3,satellite_51.508242_-0.129750.png,230.6,412.7,False,472.7553807203044
pano_1754,51.508049,-0.130305,4,satellite_51.507708_-0.129750.png,-407.4,412.7,False,579.9103810072725
pano_1755,51.508045,-0.130282,1,satellite_51.508242_-0.130608.png,235.3,-242.4,True,337.82221655776283
pano_1755,51.508045,-0.130282,2,satellite_51.508242_-0.129750.png,235.3,395.5,False,460.2024989067313
pano_1755,51.508045,-0.130282,3,satellite_51.507708_-0.130608.png,-402.6,-242.4,False,469.94097501707597
pano_1755,51.508045,-0.130282,4,satellite_51.507708_-0.129750.png,-402.6,395.5,False,564.3642529430794
pano_1756,51.508048,-0.130259,1,satellite_51.508242_-0.130608.png,231.7,-259.5,True,347.88667695098644
pano_1756,51.508048,-0.130259,2,satellite_51.508242_-0.129750.png,231.7,378.4,False,443.70198331763174
pano_1756,51.508048,-0.130259,3,satellite_51.507708_-0.130608.png,-406.2,-259.5,False,482.01523834833273
pano_1756,51.508048,-0.130259,4,satellite_51.507708_-0.129750.png,-406.2,378.4,False,555.1441254305047
pano_1757,51.508186,-0.129888,1,satellite_51.508242_-0.129750.png,66.9,102.6,True,122.48416224149145
pano_1757,51.508186,-0.129888,2,satellite_51.508242_-0.130608.png,66.9,-535.3,False,539.4642712914359
pano_1757,51.508186,-0.129888,3,satellite_51.507708_-0.129750.png,-571.0,102.6,False,580.1446026638531
pano_1757,51.508186,-0.129888,4,satellite_51.508776_-0.129750.png,704.8,102.6,False,712.2287553869191
pano_1758,51.50822,-0.129891,1,satellite_51.508242_-0.129750.png,26.3,104.8,True,108.04966450665175
pano_1758,51.50822,-0.129891,2,satellite_51.508242_-0.130608.png,26.3,-533.1,False,533.7483489435822
pano_1758,51.50822,-0.129891,3,satellite_51.507708_-0.129750.png,-611.6,104.8,False,620.51398050326
pano_1758,51.50822,-0.129891,4,satellite_51.508776_-0.129750.png,664.2,104.8,False,672.4170432105361
pano_1759,51.50851,-0.130133,1,satellite_51.508776_-0.129750.png,317.8,284.8,True,426.7409987334238
pano_1759,51.50851,-0.130133,2,satellite_51.508242_-0.129750.png,-320.2,284.8,False,428.53130574089914
pano_1759,51.50851,-0.130133,3,satellite_51.508776_-0.130608.png,317.8,-353.2,False,475.12848788511934
pano_1759,51.50851,-0.130133,4,satellite_51.508242_-0.130608.png,-320.2,-353.2,False,476.73711833672024
pano_176,51.507538,-0.122843,1,satellite_51.507708_-0.122884.png,203.1,-30.5,True,205.3773599986133
pano_176,51.507538,-0.122843,2,satellite_51.507174_-0.122884.png,-434.8,-30.5,False,435.8684319837811
pano_176,51.507538,-0.122843,3,satellite_51.507708_-0.122025.png,203.1,608.2,False,641.2151355044577
pano_176,51.507538,-0.122843,4,satellite_51.507708_-0.123742.png,203.1,-668.4,False,698.5758154989335
pano_1760,51.50877,-0.130269,1,satellite_51.508776_-0.130608.png,7.2,-252.1,True,252.20279538498377
pano_1760,51.50877,-0.130269,2,satellite_51.508776_-0.129750.png,7.2,385.9,False,385.9671618156135
pano_1760,51.50877,-0.130269,3,satellite_51.508242_-0.130608.png,-630.7,-252.1,False,679.2178590113779
pano_1760,51.50877,-0.130269,4,satellite_51.509311_-0.130608.png,646.3,-252.1,False,693.7276843257735
pano_1761,51.5082,-0.129877,1,satellite_51.508242_-0.129750.png,50.2,94.4,True,106.91772537797463
pano_1761,51.5082,-0.129877,2,satellite_51.508242_-0.130608.png,50.2,-543.5,False,545.8134205019147
pano_1761,51.5082,-0.129877,3,satellite_51.507708_-0.129750.png,-587.7,94.4,False,595.2332735995192
pano_1761,51.5082,-0.129877,4,satellite_51.508776_-0.129750.png,688.1,94.4,False,694.5451533197823
pano_1762,51.508038,-0.130331,1,satellite_51.508242_-0.130608.png,243.7,-206.0,True,319.1013788751155
pano_1762,51.508038,-0.130331,2,satellite_51.507708_-0.130608.png,-394.2,-206.0,False,444.78044021741783
pano_1762,51.508038,-0.130331,3,satellite_51.508242_-0.129750.png,243.7,432.0,False,495.99767136550145
pano_1762,51.508038,-0.130331,4,satellite_51.507708_-0.129750.png,-394.2,432.0,False,584.8227423758416
pano_1763,51.508012,-0.130397,1,satellite_51.508242_-0.130608.png,274.8,-156.9,True,316.4374345743563
pano_1763,51.508012,-0.130397,2,satellite_51.507708_-0.130608.png,-363.2,-156.9,False,395.6410620752098
pano_1763,51.508012,-0.130397,3,satellite_51.508242_-0.129750.png,274.8,481.1,False,554.0507648221416
pano_1763,51.508012,-0.130397,4,satellite_51.507708_-0.129750.png,-363.2,481.1,False,602.8029943522179
pano_1764,51.508022,-0.130371,1,satellite_51.508242_-0.130608.png,262.8,-176.2,True,316.40208596025406
pano_1764,51.508022,-0.130371,2,satellite_51.507708_-0.130608.png,-375.1,-176.2,False,414.42303266107206
pano_1764,51.508022,-0.130371,3,satellite_51.508242_-0.129750.png,262.8,461.7,False,531.2539223384614
pano_1764,51.508022,-0.130371,4,satellite_51.507708_-0.129750.png,-375.1,461.7,False,594.8671280210397
pano_1765,51.508207,-0.12988,1,satellite_51.508242_-0.129750.png,41.8,96.7,True,105.3476625274619
pano_1765,51.508207,-0.12988,2,satellite_51.508242_-0.130608.png,41.8,-541.3,False,542.9115305461838
pano_1765,51.508207,-0.12988,3,satellite_51.507708_-0.129750.png,-596.1,96.7,False,603.8924573133862
pano_1765,51.508207,-0.12988,4,satellite_51.508776_-0.129750.png,679.7,96.7,False,686.5442301847712
pano_1766,51.508192,-0.129878,1,satellite_51.508242_-0.129750.png,59.7,95.2,True,112.37050324707103
pano_1766,51.508192,-0.129878,2,satellite_51.508242_-0.130608.png,59.7,-542.8,False,546.0731910650806
pano_1766,51.508192,-0.129878,3,satellite_51.507708_-0.129750.png,-578.2,95.2,False,585.9848803510207
pano_1766,51.508192,-0.129878,4,satellite_51.508776_-0.129750.png,697.6,95.2,False,704.0659060059647
pano_1767,51.508245,-0.129792,1,satellite_51.508242_-0.129750.png,-3.6,31.2,True,31.40700558792576
pano_1767,51.508245,-0.129792,2,satellite_51.508242_-0.130608.png,-3.6,-606.7,False,606.7106806378144
pano_1767,51.508245,-0.129792,3,satellite_51.508776_-0.129750.png,634.3,31.2,False,635.0668704947534
pano_1767,51.508245,-0.129792,4,satellite_51.507708_-0.129750.png,-641.5,31.2,False,642.2582735940425
pano_1768,51.508482,-0.130008,1,satellite_51.508242_-0.129750.png,-286.7,191.8,True,344.9407630304079
pano_1768,51.508482,-0.130008,2,satellite_51.508776_-0.129750.png,351.2,191.8,False,400.16081767209545
pano_1768,51.508482,-0.130008,3,satellite_51.508242_-0.130608.png,-286.7,-446.1,False,530.2849234138191
pano_1768,51.508482,-0.130008,4,satellite_51.508776_-0.130608.png,351.2,-446.1,False,567.7558013794311
pano_1769,51.508852,-0.130218,1,satellite_51.508776_-0.130608.png,-90.8,-290.0,True,303.88260891337626
pano_1769,51.508852,-0.130218,2,satellite_51.508776_-0.129750.png,-90.8,348.0,False,359.6507194487452
pano_1769,51.508852,-0.130218,3,satellite_51.509311_-0.130608.png,548.3,-290.0,False,620.2684015811219
pano_1769,51.508852,-0.130218,4,satellite_51.509311_-0.129750.png,548.3,348.0,False,649.4127270080253
pano_177,51.505371,-0.131136,1,satellite_51.505571_-0.131467.png,238.9,-246.1,True,342.9845769127236
pano_177,51.505371,-0.131136,2,satellite_51.505571_-0.130608.png,238.9,392.6,False,459.57368288447503
pano_177,51.505371,-0.131136,3,satellite_51.505037_-0.131467.png,-399.0,-246.1,False,468.7922887591049
pano_177,51.505371,-0.131136,4,satellite_51.505037_-0.130608.png,-399.0,392.6,False,559.7640217091484
pano_1770,51.508238,-0.129782,1,satellite_51.508242_-0.129750.png,4.8,23.8,True,24.279209212822398
pano_1770,51.508238,-0.129782,2,satellite_51.508242_-0.130608.png,4.8,-614.1,False,614.118758873233
pano_1770,51.508238,-0.129782,3,satellite_51.507708_-0.129750.png,-633.1,23.8,False,633.5471963476755
pano_1770,51.508238,-0.129782,4,satellite_51.508776_-0.129750.png,642.7,23.8,False,643.1405211926863
pano_1771,51.508235,-0.129763,1,satellite_51.508242_-0.129750.png,8.4,9.7,True,12.83160161476345
pano_1771,51.508235,-0.129763,2,satellite_51.508242_-0.130608.png,8.4,-628.3,False,628.3561490110525
pano_1771,51.508235,-0.129763,3,satellite_51.507708_-0.129750.png,-629.5,9.7,False,629.5747294801467
pano_1771,51.508235,-0.129763,4,satellite_51.508776_-0.129750.png,646.3,9.7,False,646.3727871747077
pano_1772,51.50833,-0.129455,1,satellite_51.508242_-0.129750.png,-105.1,-219.3,True,243.1840866504221
pano_1772,51.50833,-0.129455,2,satellite_51.508242_-0.128892.png,-105.1,418.6,False,431.5923655487896
pano_1772,51.50833,-0.129455,3,satellite_51.508776_-0.129750.png,532.8,-219.3,False,576.1669289363977
pano_1772,51.50833,-0.129455,4,satellite_51.508776_-0.128892.png,532.8,418.6,False,677.5705129357386
pano_1773,51.508207,-0.12986,1,satellite_51.508242_-0.129750.png,41.8,81.8,True,91.86119964381044
pano_1773,51.508207,-0.12986,2,satellite_51.508242_-0.130608.png,41.8,-556.1,False,557.6687636940051
pano_1773,51.508207,-0.12986,3,satellite_51.507708_-0.129750.png,-596.1,81.8,False,601.6863385519069
pano_1773,51.508207,-0.12986,4,satellite_51.508776_-0.129750.png,679.7,81.8,False,684.6045062662092
pano_1774,51.508232,-0.129796,1,satellite_51.508242_-0.129750.png,11.9,34.2,True,36.21118611699982
pano_1774,51.508232,-0.129796,2,satellite_51.508242_-0.130608.png,11.9,-603.7,False,603.8172736846802
pano_1774,51.508232,-0.129796,3,satellite_51.507708_-0.129750.png,-626.0,34.2,False,626.9335211966257
pano_1774,51.508232,-0.129796,4,satellite_51.508776_-0.129750.png,649.9,34.2,False,650.7992393972199
pano_1775,51.508221,-0.129822,1,satellite_51.508242_-0.129750.png,25.1,53.5,True,59.09534668652008
pano_1775,51.508221,-0.129822,2,satellite_51.508242_-0.130608.png,25.1,-584.4,False,584.9387745738865
pano_1775,51.508221,-0.129822,3,satellite_51.507708_-0.129750.png,-612.8,53.5,False,615.1309535375374
pano_1775,51.508221,-0.129822,4,satellite_51.508776_-0.129750.png,663.0,53.5,False,665.1550571107462
pano_1776,51.508339,-0.129409,1,satellite_51.508242_-0.129750.png,-115.9,-253.5,True,278.7383360788394
pano_1776,51.508339,-0.129409,2,satellite_51.508242_-0.128892.png,-115.9,384.4,False,401.4924283221291
pano_1776,51.508339,-0.129409,3,satellite_51.508776_-0.129750.png,522.0,-253.5,False,580.2984146109654
pano_1776,51.508339,-0.129409,4,satellite_51.508776_-0.128892.png,522.0,384.4,False,648.2648841330216
pano_1777,51.50836,-0.129227,1,satellite_51.508242_-0.128892.png,-141.0,249.1,True,286.2373315974001
pano_1777,51.50836,-0.129227,2,satellite_51.508242_-0.129750.png,-141.0,-388.9,False,413.67162097489836
pano_1777,51.50836,-0.129227,3,satellite_51.508776_-0.128892.png,496.9,249.1,False,555.8420818901714
pano_1777,51.50836,-0.129227,4,satellite_51.508776_-0.129750.png,496.9,-388.9,False,630.9935181917481
pano_1778,51.508346,-0.129284,1,satellite_51.508242_-0.128892.png,-124.2,291.5,True,316.85626078712727
pano_1778,51.508346,-0.129284,2,satellite_51.508242_-0.129750.png,-124.2,-346.5,False,368.08679682922616
pano_1778,51.508346,-0.129284,3,satellite_51.508776_-0.128892.png,513.7,291.5,False,590.6436658426128
pano_1778,51.508346,-0.129284,4,satellite_51.508776_-0.129750.png,513.7,-346.5,False,619.6369420878649
pano_1779,51.508244,-0.129251,1,satellite_51.508242_-0.128892.png,-2.4,266.9,True,266.9107903401434
pano_1779,51.508244,-0.129251,2,satellite_51.508242_-0.129750.png,-2.4,-371.0,False,371.00776272202177
pano_1779,51.508244,-0.129251,3,satellite_51.508776_-0.128892.png,635.5,266.9,False,689.2719782495151
pano_1779,51.508244,-0.129251,4,satellite_51.507708_-0.128892.png,-640.3,266.9,False,693.7000072077266
pano_178,51.505156,-0.131118,1,satellite_51.505037_-0.131467.png,-142.1,-259.5,True,295.8591894804013
pano_178,51.505156,-0.131118,2,satellite_51.505037_-0.130608.png,-142.1,379.2,False,404.9506760088196
pano_178,51.505156,-0.131118,3,satellite_51.505571_-0.131467.png,495.7,-259.5,False,559.5165234378695
pano_178,51.505156,-0.131118,4,satellite_51.505571_-0.130608.png,495.7,379.2,False,624.1082678510196
pano_1780,51.508242,-0.129164,1,satellite_51.508242_-0.128892.png,0.0,202.2,True,202.2
pano_1780,51.508242,-0.129164,2,satellite_51.508242_-0.129750.png,0.0,-435.7,False,435.7
pano_1780,51.508242,-0.129164,3,satellite_51.508776_-0.128892.png,637.9,202.2,False,669.1795349530647
pano_1780,51.508242,-0.129164,4,satellite_51.507708_-0.128892.png,-637.9,202.2,False,669.1795349530647
pano_1781,51.508246,-0.129211,1,satellite_51.508242_-0.128892.png,-4.8,237.2,True,237.24856163947547
pano_1781,51.508246,-0.129211,2,satellite_51.508242_-0.129750.png,-4.8,-400.8,False,400.82874148443994
pano_1781,51.508246,-0.129211,3,satellite_51.508776_-0.128892.png,633.1,237.2,False,676.0765119422505
pano_1781,51.508246,-0.129211,4,satellite_51.507708_-0.128892.png,-642.7,237.2,False,685.0745433892578
pano_1782,51.508239,-0.129293,1,satellite_51.508242_-0.128892.png,3.6,298.1,True,298.12173687941646
pano_1782,51.508239,-0.129293,2,satellite_51.508242_-0.129750.png,3.6,-339.8,False,339.8190695061123
pano_1782,51.508239,-0.129293,3,satellite_51.507708_-0.128892.png,-634.3,298.1,False,700.8566900586738
pano_1782,51.508239,-0.129293,4,satellite_51.508776_-0.128892.png,641.5,298.1,False,707.3795727896021
pano_1783,51.508184,-0.129081,1,satellite_51.508242_-0.128892.png,69.3,140.5,True,156.66122685591353
pano_1783,51.508184,-0.129081,2,satellite_51.508242_-0.129750.png,69.3,-497.4,False,502.2043906618101
pano_1783,51.508184,-0.129081,3,satellite_51.507708_-0.128892.png,-568.6,140.5,False,585.7014683266553
pano_1783,51.508184,-0.129081,4,satellite_51.508776_-0.128892.png,707.2,140.5,False,721.0215600105173
pano_1784,51.508205,-0.129093,1,satellite_51.508242_-0.128892.png,44.2,149.4,True,155.80115532305913
pano_1784,51.508205,-0.129093,2,satellite_51.508242_-0.129750.png,44.2,-488.5,False,490.4955555354197
pano_1784,51.508205,-0.129093,3,satellite_51.507708_-0.128892.png,-593.7,149.4,False,612.2091554362773
pano_1784,51.508205,-0.129093,4,satellite_51.508776_-0.128892.png,682.1,149.4,False,698.2698403912344
pano_1785,51.508222,-0.129109,1,satellite_51.508242_-0.128892.png,23.9,161.3,True,163.0610315188764
pano_1785,51.508222,-0.129109,2,satellite_51.508242_-0.129750.png,23.9,-476.6,False,477.1988788754643
pano_1785,51.508222,-0.129109,3,satellite_51.507708_-0.128892.png,-614.0,161.3,False,634.8335923688979
pano_1785,51.508222,-0.129109,4,satellite_51.508776_-0.128892.png,661.8,161.3,False,681.1732011757362
pano_1786,51.508215,-0.129435,1,satellite_51.508242_-0.129750.png,32.3,-234.2,True,236.41685642102595
pano_1786,51.508215,-0.129435,2,satellite_51.508242_-0.128892.png,32.3,403.7,False,404.9900986443989
pano_1786,51.508215,-0.129435,3,satellite_51.507708_-0.129750.png,-605.7,-234.2,False,649.4013627949976
pano_1786,51.508215,-0.129435,4,satellite_51.508776_-0.129750.png,670.2,-234.2,False,709.9420258021073
pano_1787,51.508196,-0.129505,1,satellite_51.508242_-0.129750.png,55.0,-182.2,True,190.32036149608373
pano_1787,51.508196,-0.129505,2,satellite_51.508242_-0.128892.png,55.0,455.8,False,459.1063493353147
pano_1787,51.508196,-0.129505,3,satellite_51.507708_-0.129750.png,-583.0,-182.2,False,610.8075310603169
pano_1787,51.508196,-0.129505,4,satellite_51.508776_-0.129750.png,692.9,-182.2,False,716.4546391782246
pano_1788,51.508147,-0.129545,1,satellite_51.508242_-0.129750.png,113.5,-152.4,True,190.02107777822965
pano_1788,51.508147,-0.129545,2,satellite_51.508242_-0.128892.png,113.5,485.5,False,498.5905133473761
pano_1788,51.508147,-0.129545,3,satellite_51.507708_-0.129750.png,-524.4,-152.4,False,546.0962552517642
pano_1788,51.508147,-0.129545,4,satellite_51.507708_-0.128892.png,-524.4,485.5,False,714.6366979102039
pano_1789,51.507939,-0.130174,1,satellite_51.507708_-0.129750.png,-275.9,315.2,True,418.8936022428607
pano_1789,51.507939,-0.130174,2,satellite_51.507708_-0.130608.png,-275.9,-322.7,False,424.5657781781287
pano_1789,51.507939,-0.130174,3,satellite_51.508242_-0.129750.png,362.0,315.2,False,479.9948333055263
pano_1789,51.507939,-0.130174,4,satellite_51.508242_-0.130608.png,362.0,-322.7,False,484.9528739991134
pano_179,51.505469,-0.131237,1,satellite_51.505571_-0.131467.png,121.8,-171.0,True,209.94342094955013
pano_179,51.505469,-0.131237,2,satellite_51.505571_-0.130608.png,121.8,467.7,False,483.29962756037787
pano_179,51.505469,-0.131237,3,satellite_51.505037_-0.131467.png,-516.0,-171.0,False,543.5963576036911
pano_179,51.505469,-0.131237,4,satellite_51.505037_-0.130608.png,-516.0,467.7,False,696.4189041087268
pano_1790,51.507905,-0.130231,1,satellite_51.507708_-0.130608.png,-235.3,-280.3,True,365.9701900428504
pano_1790,51.507905,-0.130231,2,satellite_51.507708_-0.129750.png,-235.3,357.6,False,428.0699125142995
pano_1790,51.507905,-0.130231,3,satellite_51.508242_-0.130608.png,402.6,-280.3,False,490.56584675250275
pano_1790,51.507905,-0.130231,4,satellite_51.508242_-0.129750.png,402.6,357.6,False,538.4835373528146
pano_1791,51.507867,-0.130254,1,satellite_51.507708_-0.130608.png,-189.9,-263.2,True,324.55546521357485
pano_1791,51.507867,-0.130254,2,satellite_51.507708_-0.129750.png,-189.9,374.7,False,420.0739220661049
pano_1791,51.507867,-0.130254,3,satellite_51.508242_-0.130608.png,448.0,-263.2,False,519.5943032790102
pano_1791,51.507867,-0.130254,4,satellite_51.508242_-0.129750.png,448.0,374.7,False,584.0411714939281
pano_1792,51.507836,-0.13026,1,satellite_51.507708_-0.130608.png,-152.9,-258.7,True,300.5064059217374
pano_1792,51.507836,-0.13026,2,satellite_51.507708_-0.129750.png,-152.9,379.2,False,408.86556470311854
pano_1792,51.507836,-0.13026,3,satellite_51.508242_-0.130608.png,485.0,-258.7,False,549.6823537280417
pano_1792,51.507836,-0.13026,4,satellite_51.508242_-0.129750.png,485.0,379.2,False,615.6440854909596
pano_1793,51.507802,-0.130258,1,satellite_51.507708_-0.130608.png,-112.3,-260.2,True,283.3995942128358
pano_1793,51.507802,-0.130258,2,satellite_51.507708_-0.129750.png,-112.3,377.7,False,394.04134300857316
pano_1793,51.507802,-0.130258,3,satellite_51.508242_-0.130608.png,525.6,-260.2,False,586.4805197105868
pano_1793,51.507802,-0.130258,4,satellite_51.508242_-0.129750.png,525.6,377.7,False,647.2346174301866
pano_1794,51.507775,-0.130245,1,satellite_51.507708_-0.130608.png,-80.0,-269.9,True,281.5066784287719
pano_1794,51.507775,-0.130245,2,satellite_51.507708_-0.129750.png,-80.0,368.0,False,376.59527347007423
pano_1794,51.507775,-0.130245,3,satellite_51.508242_-0.130608.png,557.9,-269.9,False,619.7567426014823
pano_1794,51.507775,-0.130245,4,satellite_51.508242_-0.129750.png,557.9,368.0,False,668.3385444518369
pano_1795,51.507752,-0.130211,1,satellite_51.507708_-0.130608.png,-52.6,-295.2,True,299.8496289809277
pano_1795,51.507752,-0.130211,2,satellite_51.507708_-0.129750.png,-52.6,342.8,False,346.81205284707164
pano_1795,51.507752,-0.130211,3,satellite_51.508242_-0.130608.png,585.3,-295.2,False,655.529656079723
pano_1795,51.507752,-0.130211,4,satellite_51.508242_-0.129750.png,585.3,342.8,False,678.2978180710888
pano_1796,51.507817,-0.130259,1,satellite_51.507708_-0.130608.png,-130.2,-259.5,True,290.33134519028425
pano_1796,51.507817,-0.130259,2,satellite_51.507708_-0.129750.png,-130.2,378.4,False,400.17321249678866
pano_1796,51.507817,-0.130259,3,satellite_51.508242_-0.130608.png,507.7,-259.5,False,570.17500822116
pano_1796,51.507817,-0.130259,4,satellite_51.508242_-0.129750.png,507.7,378.4,False,633.2028505937097
pano_1797,51.507948,-0.130536,1,satellite_51.507708_-0.130608.png,-286.7,-53.5,True,291.64900136979725
pano_1797,51.507948,-0.130536,2,satellite_51.508242_-0.130608.png,351.2,-53.5,False,355.25158690708196
pano_1797,51.507948,-0.130536,3,satellite_51.507708_-0.129750.png,-286.7,584.4,False,650.9379770761574
pano_1797,51.507948,-0.130536,4,satellite_51.508242_-0.129750.png,351.2,584.4,False,681.8099441926613
pano_1798,51.507928,-0.13052,1,satellite_51.507708_-0.130608.png,-262.8,-65.4,True,270.8154353060401
pano_1798,51.507928,-0.13052,2,satellite_51.508242_-0.130608.png,375.1,-65.4,False,380.75867685451374
pano_1798,51.507928,-0.13052,3,satellite_51.507708_-0.129750.png,-262.8,572.5,False,629.936576172554
pano_1798,51.507928,-0.13052,4,satellite_51.508242_-0.129750.png,375.1,572.5,False,684.4386458989586
pano_1799,51.507894,-0.130492,1,satellite_51.507708_-0.130608.png,-222.2,-86.2,True,238.33438694405805
pano_1799,51.507894,-0.130492,2,satellite_51.508242_-0.130608.png,415.7,-86.2,False,424.54320157081776
pano_1799,51.507894,-0.130492,3,satellite_51.507708_-0.129750.png,-222.2,551.7,False,594.76527302794
pano_1799,51.507894,-0.130492,4,satellite_51.508242_-0.129750.png,415.7,551.7,False,690.7817166080758
pano_18,51.508158,-0.129766,1,satellite_51.508242_-0.129750.png,100.3,11.9,True,101.00346528708805
pano_18,51.508158,-0.129766,2,satellite_51.507708_-0.129750.png,-537.6,11.9,False,537.7316895999343
pano_18,51.508158,-0.129766,3,satellite_51.508242_-0.130608.png,100.3,-626.0,False,633.984297912811
pano_18,51.508158,-0.129766,4,satellite_51.508242_-0.128892.png,100.3,649.8,False,657.4953459911331
pano_180,51.50857,-0.127021,1,satellite_51.508776_-0.127175.png,246.1,-114.5,True,271.4322383210955
pano_180,51.50857,-0.127021,2,satellite_51.508242_-0.127175.png,-391.8,-114.5,False,408.1880571501327
pano_180,51.50857,-0.127021,3,satellite_51.508776_-0.126317.png,246.1,523.4,False,578.3707893730457
pano_180,51.50857,-0.127021,4,satellite_51.508242_-0.126317.png,-391.8,523.4,False,653.8002753134936
pano_1800,51.507559,-0.131215,1,satellite_51.507708_-0.131467.png,178.0,-187.4,True,258.46229899155503
pano_1800,51.507559,-0.131215,2,satellite_51.507708_-0.130608.png,178.0,451.3,False,485.1347132498354
pano_1800,51.507559,-0.131215,3,satellite_51.507174_-0.131467.png,-459.9,-187.4,False,496.6153139000045
pano_1800,51.507559,-0.131215,4,satellite_51.507174_-0.130608.png,-459.9,451.3,False,644.3443954904861
pano_1801,51.507681,-0.131328,1,satellite_51.507708_-0.131467.png,32.3,-103.3,True,108.23206548892985
pano_1801,51.507681,-0.131328,2,satellite_51.507708_-0.130608.png,32.3,535.3,False,536.2736055410521
pano_1801,51.507681,-0.131328,3,satellite_51.507174_-0.131467.png,-605.6,-103.3,False,614.3470110613382
pano_1801,51.507681,-0.131328,4,satellite_51.508242_-0.131467.png,670.2,-103.3,False,678.1142455368417
pano_1802,51.507666,-0.131313,1,satellite_51.507708_-0.131467.png,50.2,-114.5,True,125.02115820932072
pano_1802,51.507666,-0.131313,2,satellite_51.507708_-0.130608.png,50.2,524.2,False,526.5982149608941
pano_1802,51.507666,-0.131313,3,satellite_51.507174_-0.131467.png,-587.7,-114.5,False,598.7499812108557
pano_1802,51.507666,-0.131313,4,satellite_51.508242_-0.131467.png,688.1,-114.5,False,697.5613664760972
pano_1803,51.507581,-0.131235,1,satellite_51.507708_-0.131467.png,151.7,-172.5,True,229.7153455910162
pano_1803,51.507581,-0.131235,2,satellite_51.507708_-0.130608.png,151.7,466.2,False,490.2604715862783
pano_1803,51.507581,-0.131235,3,satellite_51.507174_-0.131467.png,-486.2,-172.5,False,515.8940685838518
pano_1803,51.507581,-0.131235,4,satellite_51.507174_-0.130608.png,-486.2,466.2,False,673.5969714896289
pano_1804,51.507547,-0.130002,1,satellite_51.507708_-0.129750.png,192.3,187.4,True,268.51080052765104
pano_1804,51.507547,-0.130002,2,satellite_51.507174_-0.129750.png,-445.6,187.4,False,483.40264790338085
pano_1804,51.507547,-0.130002,3,satellite_51.507708_-0.130608.png,192.3,-450.6,False,489.9180033434167
pano_1804,51.507547,-0.130002,4,satellite_51.507174_-0.130608.png,-445.6,-450.6,False,633.7189597921148
pano_1805,51.507538,-0.130003,1,satellite_51.507708_-0.129750.png,203.1,188.1,True,276.82344553884883
pano_1805,51.507538,-0.130003,2,satellite_51.507174_-0.129750.png,-434.8,188.1,False,473.7432321416318
pano_1805,51.507538,-0.130003,3,satellite_51.507708_-0.130608.png,203.1,-449.8,False,493.52776011081687
pano_1805,51.507538,-0.130003,4,satellite_51.507174_-0.130608.png,-434.8,-449.8,False,625.5965792745353
pano_1806,51.507525,-0.13002,1,satellite_51.507708_-0.129750.png,218.6,200.7,True,296.75991980050134
pano_1806,51.507525,-0.13002,2,satellite_51.507174_-0.129750.png,-419.3,200.7,False,464.85802133554716
pano_1806,51.507525,-0.13002,3,satellite_51.507708_-0.130608.png,218.6,-437.2,False,488.804459881454
pano_1806,51.507525,-0.13002,4,satellite_51.507174_-0.130608.png,-419.3,-437.2,False,605.7692052258847
pano_1807,51.507501,-0.13004,1,satellite_51.507708_-0.129750.png,247.3,215.6,True,328.086345342198
pano_1807,51.507501,-0.13004,2,satellite_51.507174_-0.129750.png,-390.6,215.6,False,446.15212652188495
pano_1807,51.507501,-0.13004,3,satellite_51.507708_-0.130608.png,247.3,-422.3,False,489.38183456274714
pano_1807,51.507501,-0.13004,4,satellite_51.507174_-0.130608.png,-390.6,-422.3,False,575.2439917113434
pano_1808,51.507482,-0.130067,1,satellite_51.507708_-0.129750.png,270.0,235.7,True,358.4054826589571
pano_1808,51.507482,-0.130067,2,satellite_51.507174_-0.129750.png,-367.9,235.7,False,436.9266528835246
pano_1808,51.507482,-0.130067,3,satellite_51.507708_-0.130608.png,270.0,-402.2,False,484.4221712514818
pano_1808,51.507482,-0.130067,4,satellite_51.507174_-0.130608.png,-367.9,-402.2,False,545.0827918766103
pano_1809,51.507468,-0.130112,1,satellite_51.507708_-0.129750.png,286.7,269.2,True,393.2753869745728
pano_1809,51.507468,-0.130112,2,satellite_51.507174_-0.129750.png,-351.2,269.2,False,442.5043276624535
pano_1809,51.507468,-0.130112,3,satellite_51.507708_-0.130608.png,286.7,-368.8,False,467.1298855778765
pano_1809,51.507468,-0.130112,4,satellite_51.507174_-0.130608.png,-351.2,-368.8,False,509.26896626438963
pano_181,51.509519,-0.127487,1,satellite_51.509311_-0.127175.png,-248.5,232.0,True,339.96507173531813
pano_181,51.509519,-0.127487,2,satellite_51.509845_-0.127175.png,389.4,232.0,False,453.27294205588754
pano_181,51.509519,-0.127487,3,satellite_51.509311_-0.128034.png,-248.5,-406.7,False,476.61005025072643
pano_181,51.509519,-0.127487,4,satellite_51.509845_-0.128034.png,389.4,-406.7,False,563.0606095261859
pano_1810,51.507428,-0.130274,1,satellite_51.507174_-0.130608.png,-303.4,-248.3,True,392.0515909928182
pano_1810,51.507428,-0.130274,2,satellite_51.507708_-0.130608.png,334.5,-248.3,False,416.5850933482858
pano_1810,51.507428,-0.130274,3,satellite_51.507174_-0.129750.png,-303.4,389.6,False,493.80129606958303
pano_1810,51.507428,-0.130274,4,satellite_51.507708_-0.129750.png,334.5,389.6,False,513.4962609406226
pano_1811,51.507406,-0.13037,1,satellite_51.507174_-0.130608.png,-277.1,-177.0,True,328.8060370492002
pano_1811,51.507406,-0.13037,2,satellite_51.507708_-0.130608.png,360.8,-177.0,False,401.8776430706242
pano_1811,51.507406,-0.13037,3,satellite_51.507174_-0.129750.png,-277.1,461.0,False,537.871183463104
pano_1811,51.507406,-0.13037,4,satellite_51.507708_-0.129750.png,360.8,461.0,False,585.4038264309519
pano_1812,51.507283,-0.130801,1,satellite_51.507174_-0.130608.png,-130.2,143.5,True,193.76348985296482
pano_1812,51.507283,-0.130801,2,satellite_51.507174_-0.131467.png,-130.2,-495.2,False,512.030350662927
pano_1812,51.507283,-0.130801,3,satellite_51.507708_-0.130608.png,507.7,143.5,False,527.5903145433964
pano_1812,51.507283,-0.130801,4,satellite_51.507708_-0.131467.png,507.7,-495.2,False,709.2124716895495
pano_1813,51.507242,-0.130923,1,satellite_51.507174_-0.130608.png,-81.2,234.2,True,247.87714699019753
pano_1813,51.507242,-0.130923,2,satellite_51.507174_-0.131467.png,-81.2,-404.5,False,412.56961836761565
pano_1813,51.507242,-0.130923,3,satellite_51.507708_-0.130608.png,556.7,234.2,False,603.957390881178
pano_1813,51.507242,-0.130923,4,satellite_51.507708_-0.131467.png,556.7,-404.5,False,688.1388958633279
pano_1814,51.507559,-0.130048,1,satellite_51.507708_-0.129750.png,178.0,221.6,True,284.2368026839593
pano_1814,51.507559,-0.130048,2,satellite_51.507708_-0.130608.png,178.0,-416.4,False,452.8498205807307
pano_1814,51.507559,-0.130048,3,satellite_51.507174_-0.129750.png,-459.9,221.6,False,510.5042311284011
pano_1814,51.507559,-0.130048,4,satellite_51.507174_-0.130608.png,-459.9,-416.4,False,620.4006528042987
pano_1815,51.507545,-0.130068,1,satellite_51.507708_-0.129750.png,194.7,236.4,True,306.25651013488675
pano_1815,51.507545,-0.130068,2,satellite_51.507708_-0.130608.png,194.7,-401.5,False,446.2178167666549
pano_1815,51.507545,-0.130068,3,satellite_51.507174_-0.129750.png,-443.2,236.4,False,502.3058829040329
pano_1815,51.507545,-0.130068,4,satellite_51.507174_-0.130608.png,-443.2,-401.5,False,598.0204762380632
pano_1816,51.507518,-0.130099,1,satellite_51.507708_-0.129750.png,227.0,259.5,True,344.77420147104976
pano_1816,51.507518,-0.130099,2,satellite_51.507708_-0.130608.png,227.0,-378.4,False,441.2658609047385
pano_1816,51.507518,-0.130099,3,satellite_51.507174_-0.129750.png,-410.9,259.5,False,485.9825717039655
pano_1816,51.507518,-0.130099,4,satellite_51.507174_-0.130608.png,-410.9,-378.4,False,558.5923110820628
pano_1817,51.507509,-0.130122,1,satellite_51.507708_-0.129750.png,237.7,276.6,True,364.7037839123691
pano_1817,51.507509,-0.130122,2,satellite_51.507708_-0.130608.png,237.7,-361.3,False,432.4800342212343
pano_1817,51.507509,-0.130122,3,satellite_51.507174_-0.129750.png,-400.2,276.6,False,486.4849432407955
pano_1817,51.507509,-0.130122,4,satellite_51.507174_-0.130608.png,-400.2,-361.3,False,539.1639175612552
pano_1818,51.507464,-0.130373,1,satellite_51.507708_-0.130608.png,291.5,-174.7,True,339.8416395911484
pano_1818,51.507464,-0.130373,2,satellite_51.507174_-0.130608.png,-346.4,-174.7,False,387.9601139292543
pano_1818,51.507464,-0.130373,3,satellite_51.507708_-0.129750.png,291.5,463.2,False,547.290133293119
pano_1818,51.507464,-0.130373,4,satellite_51.507174_-0.129750.png,-346.4,463.2,False,578.4005532500812
pano_1819,51.50745,-0.130441,1,satellite_51.507708_-0.130608.png,308.2,-124.2,True,332.2843360737909
pano_1819,51.50745,-0.130441,2,satellite_51.507174_-0.130608.png,-329.7,-124.2,False,352.3176549649478
pano_1819,51.50745,-0.130441,3,satellite_51.507708_-0.129750.png,308.2,513.8,False,599.1474609810175
pano_1819,51.50745,-0.130441,4,satellite_51.507174_-0.129750.png,-329.7,513.8,False,610.4854871329866
pano_182,51.509215,-0.127272,1,satellite_51.509311_-0.127175.png,114.7,72.1,True,135.47878062634015
pano_182,51.509215,-0.127272,2,satellite_51.508776_-0.127175.png,-524.4,72.1,False,529.3333259865658
pano_182,51.509215,-0.127272,3,satellite_51.509311_-0.128034.png,114.7,-566.6,False,578.0931153369671
pano_182,51.509215,-0.127272,4,satellite_51.509311_-0.126317.png,114.7,710.1,False,719.3038996140644
pano_1820,51.507415,-0.13059,1,satellite_51.507174_-0.130608.png,-287.9,-13.4,True,288.2116756829952
pano_1820,51.507415,-0.13059,2,satellite_51.507708_-0.130608.png,350.0,-13.4,False,350.25642035514494
pano_1820,51.507415,-0.13059,3,satellite_51.507174_-0.129750.png,-287.9,624.6,False,687.7583659978263
pano_1820,51.507415,-0.13059,4,satellite_51.507174_-0.131467.png,-287.9,-652.1,False,712.8259394831251
pano_1821,51.50734,-0.130854,1,satellite_51.507174_-0.130608.png,-198.3,182.9,True,269.7689752362195
pano_1821,51.50734,-0.130854,2,satellite_51.507708_-0.130608.png,439.6,182.9,False,476.1308328600449
pano_1821,51.50734,-0.130854,3,satellite_51.507174_-0.131467.png,-198.3,-455.8,False,497.0679329830079
pano_1821,51.50734,-0.130854,4,satellite_51.507708_-0.131467.png,439.6,-455.8,False,633.2470292074019
pano_1822,51.507295,-0.130987,1,satellite_51.507174_-0.130608.png,-144.5,281.8,True,316.6883168037621
pano_1822,51.507295,-0.130987,2,satellite_51.507174_-0.131467.png,-144.5,-356.9,False,385.0426729597643
pano_1822,51.507295,-0.130987,3,satellite_51.507708_-0.130608.png,493.4,281.8,False,568.2031326911177
pano_1822,51.507295,-0.130987,4,satellite_51.507708_-0.131467.png,493.4,-356.9,False,608.9508765081138
pano_1823,51.507419,-0.130313,1,satellite_51.507174_-0.130608.png,-292.7,-219.3,True,365.74004429375793
pano_1823,51.507419,-0.130313,2,satellite_51.507708_-0.130608.png,345.2,-219.3,False,408.9688618953771
pano_1823,51.507419,-0.130313,3,satellite_51.507174_-0.129750.png,-292.7,418.6,False,510.7829773984251
pano_1823,51.507419,-0.130313,4,satellite_51.507708_-0.129750.png,345.2,418.6,False,542.5762619208474
pano_1824,51.507446,-0.129089,1,satellite_51.507708_-0.128892.png,313.0,146.5,True,345.5882665832276
pano_1824,51.507446,-0.129089,2,satellite_51.507174_-0.128892.png,-324.9,146.5,False,356.40182378882406
pano_1824,51.507446,-0.129089,3,satellite_51.507708_-0.129750.png,313.0,-491.5,False,582.7016818235554
pano_1824,51.507446,-0.129089,4,satellite_51.507174_-0.129750.png,-324.9,-491.5,False,589.1793105668256
pano_1825,51.507427,-0.129053,1,satellite_51.507174_-0.128892.png,-302.2,119.7,True,325.0429663905989
pano_1825,51.507427,-0.129053,2,satellite_51.507708_-0.128892.png,335.7,119.7,False,356.4022727200263
pano_1825,51.507427,-0.129053,3,satellite_51.507174_-0.129750.png,-302.2,-518.2,False,599.8800546775997
pano_1825,51.507427,-0.129053,4,satellite_51.507708_-0.129750.png,335.7,-518.2,False,617.4347981771031
pano_1826,51.509503,-0.131639,1,satellite_51.509311_-0.131467.png,-229.4,127.9,True,262.6457119391063
pano_1826,51.509503,-0.131639,2,satellite_51.509845_-0.131467.png,408.6,127.9,False,428.1499386897072
pano_1826,51.509503,-0.131639,3,satellite_51.509311_-0.132325.png,-229.4,-510.1,False,559.3088323994178
pano_1826,51.509503,-0.131639,4,satellite_51.509845_-0.132325.png,408.6,-510.1,False,653.5717022637991
pano_1827,51.509152,-0.131291,1,satellite_51.509311_-0.131467.png,189.9,-130.9,True,230.644358266141
pano_1827,51.509152,-0.131291,2,satellite_51.508776_-0.131467.png,-449.2,-130.9,False,467.8840134050318
pano_1827,51.509152,-0.131291,3,satellite_51.509311_-0.130608.png,189.9,507.8,False,542.1465207856636
pano_1827,51.509152,-0.131291,4,satellite_51.508776_-0.130608.png,-449.2,507.8,False,677.9686423426972
pano_1828,51.509501,-0.13085,1,satellite_51.509311_-0.130608.png,-227.0,179.9,True,289.64290082789876
pano_1828,51.509501,-0.13085,2,satellite_51.509845_-0.130608.png,410.9,179.9,False,448.55637326873415
pano_1828,51.509501,-0.13085,3,satellite_51.509311_-0.131467.png,-227.0,-458.7,False,511.795554884956
pano_1828,51.509501,-0.13085,4,satellite_51.509845_-0.131467.png,410.9,-458.7,False,615.8283039938973
pano_1829,51.50974,-0.13103,1,satellite_51.509845_-0.130608.png,125.4,313.8,True,337.9283947820899
pano_1829,51.50974,-0.13103,2,satellite_51.509845_-0.131467.png,125.4,-324.9,False,348.2602044448949
pano_1829,51.50974,-0.13103,3,satellite_51.509311_-0.130608.png,-512.5,313.8,False,600.9381748566153
pano_1829,51.50974,-0.13103,4,satellite_51.509311_-0.131467.png,-512.5,-324.9,False,606.808256370989
pano_183,51.509483,-0.126165,1,satellite_51.509311_-0.126317.png,-205.5,-113.0,True,234.51918898034762
pano_183,51.509483,-0.126165,2,satellite_51.509845_-0.126317.png,432.5,-113.0,False,447.01817636422794
pano_183,51.509483,-0.126165,3,satellite_51.509311_-0.125459.png,-205.5,524.9,False,563.6934095765179
pano_183,51.509483,-0.126165,4,satellite_51.509845_-0.125459.png,432.5,524.9,False,680.1295905928516
pano_1830,51.509555,-0.131518,1,satellite_51.509311_-0.131467.png,-291.5,37.9,True,293.95349972402096
pano_1830,51.509555,-0.131518,2,satellite_51.509845_-0.131467.png,346.4,37.9,False,348.4671720549871
pano_1830,51.509555,-0.131518,3,satellite_51.509311_-0.132325.png,-291.5,-600.0,False,667.062403377675
pano_1830,51.509555,-0.131518,4,satellite_51.509845_-0.132325.png,346.4,-600.0,False,692.8152423265527
pano_1831,51.509197,-0.131179,1,satellite_51.509311_-0.131467.png,136.2,-214.1,True,253.7503694578591
pano_1831,51.509197,-0.131179,2,satellite_51.509311_-0.130608.png,136.2,424.5,False,445.8146363680762
pano_1831,51.509197,-0.131179,3,satellite_51.508776_-0.131467.png,-502.9,-214.1,False,546.5777346361631
pano_1831,51.509197,-0.131179,4,satellite_51.508776_-0.130608.png,-502.9,424.5,False,658.1099148318615
pano_1832,51.509371,-0.130762,1,satellite_51.509311_-0.130608.png,-71.7,114.5,True,135.09678012447225
pano_1832,51.509371,-0.130762,2,satellite_51.509311_-0.131467.png,-71.7,-524.2,False,529.0808350337404
pano_1832,51.509371,-0.130762,3,satellite_51.509845_-0.130608.png,566.2,114.5,False,577.6613973600798
pano_1832,51.509371,-0.130762,4,satellite_51.508776_-0.130608.png,-710.8,114.5,False,719.9631171108697
pano_1833,51.509448,-0.130813,1,satellite_51.509311_-0.130608.png,-163.7,152.4,True,223.6592273973958
pano_1833,51.509448,-0.130813,2,satellite_51.509845_-0.130608.png,474.3,152.4,False,498.18294832320385
pano_1833,51.509448,-0.130813,3,satellite_51.509311_-0.131467.png,-163.7,-486.3,False,513.113418261499
pano_1833,51.509448,-0.130813,4,satellite_51.509845_-0.131467.png,474.3,-486.3,False,679.2997718238981
pano_1834,51.509482,-0.130838,1,satellite_51.509311_-0.130608.png,-204.3,171.0,True,266.41976278046644
pano_1834,51.509482,-0.130838,2,satellite_51.509845_-0.130608.png,433.6,171.0,False,466.1008045476858
pano_1834,51.509482,-0.130838,3,satellite_51.509311_-0.131467.png,-204.3,-467.7,False,510.37415686925215
pano_1834,51.509482,-0.130838,4,satellite_51.509845_-0.131467.png,433.6,-467.7,False,637.7713148143306
pano_1835,51.509058,-0.130442,1,satellite_51.509311_-0.130608.png,302.2,-123.4,True,326.42365110389903
pano_1835,51.509058,-0.130442,2,satellite_51.508776_-0.130608.png,-336.9,-123.4,False,358.7884752887138
pano_1835,51.509058,-0.130442,3,satellite_51.509311_-0.129750.png,302.2,514.5,False,596.6867603692913
pano_1835,51.509058,-0.130442,4,satellite_51.508776_-0.129750.png,-336.9,514.5,False,614.9893169803846
pano_1836,51.508951,-0.130367,1,satellite_51.508776_-0.130608.png,-209.1,-179.2,True,275.38237053232
pano_1836,51.508951,-0.130367,2,satellite_51.509311_-0.130608.png,430.1,-179.2,False,465.9384616019588
pano_1836,51.508951,-0.130367,3,satellite_51.508776_-0.129750.png,-209.1,458.7,False,504.1115947882968
pano_1836,51.508951,-0.130367,4,satellite_51.509311_-0.129750.png,430.1,458.7,False,628.8017970712234
pano_1837,51.509829,-0.130954,1,satellite_51.509845_-0.130608.png,19.1,257.3,True,258.0079456140838
pano_1837,51.509829,-0.130954,2,satellite_51.509845_-0.131467.png,19.1,-381.4,False,381.8779517070866
pano_1837,51.509829,-0.130954,3,satellite_51.509311_-0.130608.png,-618.8,257.3,False,670.1617192887102
pano_1837,51.509829,-0.130954,4,satellite_51.510379_-0.130608.png,657.0,257.3,False,705.5864865486017
pano_1838,51.509417,-0.130624,1,satellite_51.509311_-0.130608.png,-126.6,11.9,True,127.1580512590532
pano_1838,51.509417,-0.130624,2,satellite_51.509845_-0.130608.png,511.3,11.9,False,511.43846159630976
pano_1838,51.509417,-0.130624,3,satellite_51.509311_-0.131467.png,-126.6,-626.8,False,639.4574262607323
pano_1838,51.509417,-0.130624,4,satellite_51.509311_-0.129750.png,-126.6,649.8,False,662.0178245334486
pano_1839,51.509971,-0.130099,1,satellite_51.509845_-0.129750.png,-150.5,259.5,True,299.98416624882054
pano_1839,51.509971,-0.130099,2,satellite_51.509845_-0.130608.png,-150.5,-378.4,False,407.2306594548107
pano_1839,51.509971,-0.130099,3,satellite_51.510379_-0.129750.png,487.4,259.5,False,552.1766112395562
pano_1839,51.509971,-0.130099,4,satellite_51.510379_-0.130608.png,487.4,-378.4,False,617.0456385065856
pano_184,51.510645,-0.121092,1,satellite_51.510379_-0.121167.png,-317.8,-55.8,True,322.66155643336253
pano_184,51.510645,-0.121092,2,satellite_51.510913_-0.121167.png,320.2,-55.8,False,325.0256605254422
pano_184,51.510645,-0.121092,3,satellite_51.510379_-0.122025.png,-317.8,-693.7,False,763.0311461532879
pano_184,51.510645,-0.121092,4,satellite_51.510913_-0.122025.png,320.2,-693.7,False,764.0338539619826
pano_1840,51.509562,-0.129505,1,satellite_51.509311_-0.129750.png,-299.9,-182.2,True,350.90860633503985
pano_1840,51.509562,-0.129505,2,satellite_51.509845_-0.129750.png,338.1,-182.2,False,384.06828819885664
pano_1840,51.509562,-0.129505,3,satellite_51.509311_-0.128892.png,-299.9,455.8,False,545.6130955173272
pano_1840,51.509562,-0.129505,4,satellite_51.509845_-0.128892.png,338.1,455.8,False,567.5079294600208
pano_1841,51.509523,-0.129203,1,satellite_51.509311_-0.128892.png,-253.3,231.2,True,342.9494569174881
pano_1841,51.509523,-0.129203,2,satellite_51.509845_-0.128892.png,384.7,231.2,False,448.82906545810954
pano_1841,51.509523,-0.129203,3,satellite_51.509311_-0.129750.png,-253.3,-406.7,False,479.13023281775907
pano_1841,51.509523,-0.129203,4,satellite_51.509845_-0.129750.png,384.7,-406.7,False,559.820489085564
pano_1842,51.508937,-0.129836,1,satellite_51.508776_-0.129750.png,-192.3,63.9,True,202.63884129159445
pano_1842,51.508937,-0.129836,2,satellite_51.509311_-0.129750.png,446.8,63.9,False,451.34626397035794
pano_1842,51.508937,-0.129836,3,satellite_51.508776_-0.130608.png,-192.3,-574.0,False,605.3555071195768
pano_1842,51.508937,-0.129836,4,satellite_51.509311_-0.130608.png,446.8,-574.0,False,727.3968930370819
pano_1843,51.509053,-0.130369,1,satellite_51.509311_-0.130608.png,308.2,-177.7,True,355.7590898346801
pano_1843,51.509053,-0.130369,2,satellite_51.508776_-0.130608.png,-330.9,-177.7,False,375.5956602518192
pano_1843,51.509053,-0.130369,3,satellite_51.509311_-0.129750.png,308.2,460.2,False,553.8693708808964
pano_1843,51.509053,-0.130369,4,satellite_51.508776_-0.129750.png,-330.9,460.2,False,566.814652245335
pano_1844,51.508845,-0.131122,1,satellite_51.508776_-0.131467.png,-82.4,-256.5,True,269.4104860616973
pano_1844,51.508845,-0.131122,2,satellite_51.508776_-0.130608.png,-82.4,382.2,False,390.9815852441135
pano_1844,51.508845,-0.131122,3,satellite_51.509311_-0.131467.png,556.7,-256.5,False,612.9495411532666
pano_1844,51.508845,-0.131122,4,satellite_51.509311_-0.130608.png,556.7,382.2,False,675.2715972110777
pano_1845,51.508879,-0.131009,1,satellite_51.508776_-0.130608.png,-123.0,298.1,True,322.4788520197875
pano_1845,51.508879,-0.131009,2,satellite_51.508776_-0.131467.png,-123.0,-340.5,False,362.03487401077814
pano_1845,51.508879,-0.131009,3,satellite_51.509311_-0.130608.png,516.1,298.1,False,596.0057214490479
pano_1845,51.508879,-0.131009,4,satellite_51.509311_-0.131467.png,516.1,-340.5,False,618.30369560597
pano_1846,51.509178,-0.131224,1,satellite_51.509311_-0.131467.png,158.9,-180.7,True,240.62772076383885
pano_1846,51.509178,-0.131224,2,satellite_51.509311_-0.130608.png,158.9,458.0,False,484.7816106248256
pano_1846,51.509178,-0.131224,3,satellite_51.508776_-0.131467.png,-480.2,-180.7,False,513.0736107031817
pano_1846,51.509178,-0.131224,4,satellite_51.508776_-0.130608.png,-480.2,458.0,False,663.5932790497504
pano_1847,51.509534,-0.131566,1,satellite_51.509311_-0.131467.png,-266.4,73.6,True,276.38002822201173
pano_1847,51.509534,-0.131566,2,satellite_51.509845_-0.131467.png,371.5,73.6,False,378.7204905995977
pano_1847,51.509534,-0.131566,3,satellite_51.509311_-0.132325.png,-266.4,-564.3,False,624.0219948046703
pano_1847,51.509534,-0.131566,4,satellite_51.509845_-0.132325.png,371.5,-564.3,False,675.6084220907848
pano_1848,51.509785,-0.130914,1,satellite_51.509845_-0.130608.png,71.7,227.5,True,238.53121389034183
pano_1848,51.509785,-0.130914,2,satellite_51.509845_-0.131467.png,71.7,-411.2,False,417.4042764514997
pano_1848,51.509785,-0.130914,3,satellite_51.509311_-0.130608.png,-566.3,227.5,False,610.2884072305486
pano_1848,51.509785,-0.130914,4,satellite_51.509311_-0.131467.png,-566.3,-411.2,False,699.8436468240602
pano_1849,51.509161,-0.1304,1,satellite_51.509311_-0.130608.png,179.2,-154.7,True,236.7376818337123
pano_1849,51.509161,-0.1304,2,satellite_51.508776_-0.130608.png,-459.9,-154.7,False,485.22170190542795
pano_1849,51.509161,-0.1304,3,satellite_51.509311_-0.129750.png,179.2,483.3,False,515.4527427417571
pano_1849,51.509161,-0.1304,4,satellite_51.508776_-0.129750.png,-459.9,483.3,False,667.1483343305296
pano_185,51.509814,-0.123096,1,satellite_51.509845_-0.122884.png,37.0,157.6,True,161.88502092534688
pano_185,51.509814,-0.123096,2,satellite_51.509845_-0.123742.png,37.0,-480.3,False,481.7230428368566
pano_185,51.509814,-0.123096,3,satellite_51.509311_-0.122884.png,-600.9,157.6,False,621.2234461125884
pano_185,51.509814,-0.123096,4,satellite_51.510379_-0.122884.png,675.0,157.6,False,693.1542108362323
pano_1850,51.509178,-0.130429,1,satellite_51.509311_-0.130608.png,158.9,-133.1,True,207.2795696637756
pano_1850,51.509178,-0.130429,2,satellite_51.508776_-0.130608.png,-480.2,-133.1,False,498.30477621632326
pano_1850,51.509178,-0.130429,3,satellite_51.509311_-0.129750.png,158.9,504.8,False,529.2185276424098
pano_1850,51.509178,-0.130429,4,satellite_51.508776_-0.129750.png,-480.2,504.8,False,696.7173601970889
pano_1851,51.509367,-0.1306,1,satellite_51.509311_-0.130608.png,-66.9,-5.9,True,67.1596605113516
pano_1851,51.509367,-0.1306,2,satellite_51.509845_-0.130608.png,571.0,-5.9,False,571.0304807976541
pano_1851,51.509367,-0.1306,3,satellite_51.509311_-0.129750.png,-66.9,632.0,False,635.5309669874474
pano_1851,51.509367,-0.1306,4,satellite_51.509311_-0.131467.png,-66.9,-644.6,False,648.0623195341633
pano_1852,51.509188,-0.130468,1,satellite_51.509311_-0.130608.png,146.9,-104.1,True,180.04560533375982
pano_1852,51.509188,-0.130468,2,satellite_51.508776_-0.130608.png,-492.2,-104.1,False,503.08811355467344
pano_1852,51.509188,-0.130468,3,satellite_51.509311_-0.129750.png,146.9,533.8,False,553.6443352911687
pano_1852,51.509188,-0.130468,4,satellite_51.508776_-0.129750.png,-492.2,533.8,False,726.0876531108348
pano_1853,51.509347,-0.130636,1,satellite_51.509311_-0.130608.png,-43.0,20.8,True,47.76651546847436
pano_1853,51.509347,-0.130636,2,satellite_51.509845_-0.130608.png,594.9,20.8,False,595.2635130763517
pano_1853,51.509347,-0.130636,3,satellite_51.509311_-0.131467.png,-43.0,-617.9,False,619.3943897065907
pano_1853,51.509347,-0.130636,4,satellite_51.509311_-0.129750.png,-43.0,658.8,False,660.2018176285187
pano_1854,51.509724,-0.129971,1,satellite_51.509845_-0.129750.png,144.5,164.3,True,218.80297072937563
pano_1854,51.509724,-0.129971,2,satellite_51.509845_-0.130608.png,144.5,-473.6,False,495.1537236051043
pano_1854,51.509724,-0.129971,3,satellite_51.509311_-0.129750.png,-493.4,164.3,False,520.0365852514609
pano_1854,51.509724,-0.129971,4,satellite_51.509311_-0.130608.png,-493.4,-473.6,False,683.9155795856678
pano_1855,51.508842,-0.131897,1,satellite_51.508776_-0.132325.png,-78.8,-318.2,True,327.8119582931654
pano_1855,51.508842,-0.131897,2,satellite_51.508776_-0.131467.png,-78.8,319.7,True,329.2681733784788
pano_1855,51.508842,-0.131897,3,satellite_51.509311_-0.132325.png,560.3,-318.2,False,644.3503162100566
pano_1855,51.508842,-0.131897,4,satellite_51.509311_-0.131467.png,560.3,319.7,False,645.0923809812049
pano_1856,51.508857,-0.131886,1,satellite_51.508776_-0.131467.png,-96.8,311.5,True,326.19394537605996
pano_1856,51.508857,-0.131886,2,satellite_51.508776_-0.132325.png,-96.8,-326.4,False,340.45146496967817
pano_1856,51.508857,-0.131886,3,satellite_51.509311_-0.131467.png,542.4,311.5,False,625.4838207339978
pano_1856,51.508857,-0.131886,4,satellite_51.509311_-0.132325.png,542.4,-326.4,False,633.0361127139588
pano_1857,51.508872,-0.131858,1,satellite_51.508776_-0.131467.png,-114.7,290.7,True,312.5101278358831
pano_1857,51.508872,-0.131858,2,satellite_51.508776_-0.132325.png,-114.7,-347.2,False,365.6554799261184
pano_1857,51.508872,-0.131858,3,satellite_51.509311_-0.131467.png,524.4,290.7,False,599.584731293251
pano_1857,51.508872,-0.131858,4,satellite_51.509311_-0.132325.png,524.4,-347.2,False,628.9222527467127
pano_1858,51.508914,-0.131748,1,satellite_51.508776_-0.131467.png,-164.9,208.9,True,266.14135341956916
pano_1858,51.508914,-0.131748,2,satellite_51.508776_-0.132325.png,-164.9,-429.0,False,459.6009247162151
pano_1858,51.508914,-0.131748,3,satellite_51.509311_-0.131467.png,474.3,208.9,False,518.266051367442
pano_1858,51.508914,-0.131748,4,satellite_51.509311_-0.132325.png,474.3,-429.0,False,639.532243127741
pano_1859,51.50885,-0.131896,1,satellite_51.508776_-0.132325.png,-88.4,-319.0,True,331.0219932270362
pano_1859,51.50885,-0.131896,2,satellite_51.508776_-0.131467.png,-88.4,319.0,True,331.0219932270362
pano_1859,51.50885,-0.131896,3,satellite_51.509311_-0.132325.png,550.7,-319.0,False,636.4208434675911
pano_1859,51.50885,-0.131896,4,satellite_51.509311_-0.131467.png,550.7,319.0,False,636.4208434675911
pano_186,51.510232,-0.12214,1,satellite_51.510379_-0.122025.png,175.6,85.5,True,195.30901156884696
pano_186,51.510232,-0.12214,2,satellite_51.509845_-0.122025.png,-462.3,85.5,False,470.1399153443579
pano_186,51.510232,-0.12214,3,satellite_51.510379_-0.122884.png,175.6,-553.2,False,580.4012405224511
pano_186,51.510232,-0.12214,4,satellite_51.509845_-0.122884.png,-462.3,-553.2,False,720.9379515603267
pano_1860,51.508912,-0.131911,1,satellite_51.508776_-0.132325.png,-162.5,-307.8,True,348.0619054133905
pano_1860,51.508912,-0.131911,2,satellite_51.508776_-0.131467.png,-162.5,330.1,False,367.929694371085
pano_1860,51.508912,-0.131911,3,satellite_51.509311_-0.132325.png,476.6,-307.8,False,567.3520952636027
pano_1860,51.508912,-0.131911,4,satellite_51.509311_-0.131467.png,476.6,330.1,False,579.7530250028886
pano_1861,51.508907,-0.13193,1,satellite_51.508776_-0.132325.png,-156.5,-293.7,True,332.79414057341813
pano_1861,51.508907,-0.13193,2,satellite_51.508776_-0.131467.png,-156.5,344.2,False,378.1083045901002
pano_1861,51.508907,-0.13193,3,satellite_51.509311_-0.132325.png,482.6,-293.7,False,564.944643305873
pano_1861,51.508907,-0.13193,4,satellite_51.509311_-0.131467.png,482.6,344.2,False,592.7701072085198
pano_1862,51.508907,-0.131949,1,satellite_51.508776_-0.132325.png,-156.5,-279.6,True,320.419116158821
pano_1862,51.508907,-0.131949,2,satellite_51.508776_-0.131467.png,-156.5,358.4,False,391.0790329332423
pano_1862,51.508907,-0.131949,3,satellite_51.509311_-0.132325.png,482.6,-279.6,False,557.7444934734901
pano_1862,51.508907,-0.131949,4,satellite_51.509311_-0.131467.png,482.6,358.4,False,601.1267087727845
pano_1863,51.509253,-0.132269,1,satellite_51.509311_-0.132325.png,69.3,-41.6,True,80.82728499708499
pano_1863,51.509253,-0.132269,2,satellite_51.508776_-0.132325.png,-569.8,-41.6,False,571.3165497340332
pano_1863,51.509253,-0.132269,3,satellite_51.509311_-0.131467.png,69.3,596.3,False,600.3134014829253
pano_1863,51.509253,-0.132269,4,satellite_51.509311_-0.133183.png,69.3,-679.6,False,683.1241834395852
pano_1864,51.509228,-0.132254,1,satellite_51.509311_-0.132325.png,99.2,-52.8,True,112.37651000097841
pano_1864,51.509228,-0.132254,2,satellite_51.508776_-0.132325.png,-540.0,-52.8,False,542.5751929456414
pano_1864,51.509228,-0.132254,3,satellite_51.509311_-0.131467.png,99.2,585.1,False,593.4497872608937
pano_1864,51.509228,-0.132254,4,satellite_51.509311_-0.133183.png,99.2,-690.7,False,697.7873100021238
pano_1865,51.509239,-0.132265,1,satellite_51.509311_-0.132325.png,86.0,-44.6,True,96.87703546248719
pano_1865,51.509239,-0.132265,2,satellite_51.508776_-0.132325.png,-553.1,-44.6,False,554.8952784084579
pano_1865,51.509239,-0.132265,3,satellite_51.509311_-0.131467.png,86.0,593.3,False,599.5005337779107
pano_1865,51.509239,-0.132265,4,satellite_51.509311_-0.133183.png,86.0,-682.5,False,687.89697629805
pano_1866,51.509707,-0.123456,1,satellite_51.509845_-0.123742.png,164.9,-212.6,True,269.05532888236945
pano_1866,51.509707,-0.123456,2,satellite_51.509845_-0.122884.png,164.9,425.3,False,456.1492080449116
pano_1866,51.509707,-0.123456,3,satellite_51.509311_-0.123742.png,-473.1,-212.6,False,518.673664262993
pano_1866,51.509707,-0.123456,4,satellite_51.509311_-0.122884.png,-473.1,425.3,False,636.1632652079181
pano_1867,51.509622,-0.123625,1,satellite_51.509845_-0.123742.png,266.4,-87.0,True,280.2462488598197
pano_1867,51.509622,-0.123625,2,satellite_51.509311_-0.123742.png,-371.5,-87.0,False,381.5511105998776
pano_1867,51.509622,-0.123625,3,satellite_51.509845_-0.122884.png,266.4,550.9,False,611.9311807711713
pano_1867,51.509622,-0.123625,4,satellite_51.509311_-0.122884.png,-371.5,550.9,False,664.4569662513893
pano_1868,51.509441,-0.123594,1,satellite_51.509311_-0.123742.png,-155.3,-110.0,True,190.3105094312976
pano_1868,51.509441,-0.123594,2,satellite_51.509845_-0.123742.png,482.6,-110.0,False,494.9775348437543
pano_1868,51.509441,-0.123594,3,satellite_51.509311_-0.122884.png,-155.3,527.9,False,550.2694794371208
pano_1868,51.509441,-0.123594,4,satellite_51.509845_-0.122884.png,482.6,527.9,False,715.249026563476
pano_1869,51.509905,-0.122607,1,satellite_51.509845_-0.122884.png,-71.7,-206.0,True,218.1212736071381
pano_1869,51.509905,-0.122607,2,satellite_51.509845_-0.122025.png,-71.7,432.7,False,438.6002507979219
pano_1869,51.509905,-0.122607,3,satellite_51.510379_-0.122884.png,566.3,-206.0,False,602.6040905934841
pano_1869,51.509905,-0.122607,4,satellite_51.510379_-0.122025.png,566.3,432.7,False,712.6885575060119
pano_187,51.508626,-0.12549,1,satellite_51.508776_-0.125459.png,179.2,23.0,True,180.66997536945644
pano_187,51.508626,-0.12549,2,satellite_51.508242_-0.125459.png,-458.7,23.0,False,459.27626762113454
pano_187,51.508626,-0.12549,3,satellite_51.508776_-0.126317.png,179.2,-614.9,False,640.480015301024
pano_187,51.508626,-0.12549,4,satellite_51.508776_-0.124600.png,179.2,661.7,False,685.5359436236732
pano_1870,51.509701,-0.123065,1,satellite_51.509845_-0.122884.png,172.0,134.6,True,218.40595229984004
pano_1870,51.509701,-0.123065,2,satellite_51.509311_-0.122884.png,-465.9,134.6,False,484.9535750976582
pano_1870,51.509701,-0.123065,3,satellite_51.509845_-0.123742.png,172.0,-503.4,False,531.9732700051761
pano_1870,51.509701,-0.123065,4,satellite_51.509311_-0.123742.png,-465.9,-503.4,False,685.9113426675491
pano_1871,51.509902,-0.122564,1,satellite_51.509845_-0.122884.png,-68.1,-237.9,True,247.45508683395457
pano_1871,51.509902,-0.122564,2,satellite_51.509845_-0.122025.png,-68.1,400.8,False,406.54427803131114
pano_1871,51.509902,-0.122564,3,satellite_51.510379_-0.122884.png,569.8,-237.9,False,617.4693919539656
pano_1871,51.509902,-0.122564,4,satellite_51.510379_-0.122025.png,569.8,400.8,False,696.6438688454812
pano_1872,51.509255,-0.12398,1,satellite_51.509311_-0.123742.png,66.9,177.0,True,189.22106119562906
pano_1872,51.509255,-0.12398,2,satellite_51.509311_-0.124600.png,66.9,-461.0,False,465.82894929362214
pano_1872,51.509255,-0.12398,3,satellite_51.508776_-0.123742.png,-572.2,177.0,False,598.9506156604233
pano_1872,51.509255,-0.12398,4,satellite_51.509845_-0.123742.png,704.8,177.0,False,726.6856541861824
pano_1873,51.509544,-0.125775,1,satellite_51.509311_-0.125459.png,-278.3,235.0,True,364.24701783267903
pano_1873,51.509544,-0.125775,2,satellite_51.509845_-0.125459.png,359.6,235.0,False,429.5778858367828
pano_1873,51.509544,-0.125775,3,satellite_51.509311_-0.126317.png,-278.3,-403.0,False,489.75492851016827
pano_1873,51.509544,-0.125775,4,satellite_51.509845_-0.126317.png,359.6,-403.0,False,540.1121735343502
pano_1874,51.509636,-0.125765,1,satellite_51.509845_-0.125459.png,249.7,227.5,True,337.7962995652853
pano_1874,51.509636,-0.125765,2,satellite_51.509311_-0.125459.png,-388.3,227.5,False,450.03682071581653
pano_1874,51.509636,-0.125765,3,satellite_51.509845_-0.126317.png,249.7,-410.4,False,480.3938488365562
pano_1874,51.509636,-0.125765,4,satellite_51.509311_-0.126317.png,-388.3,-410.4,False,564.9823448568991
pano_1875,51.50966,-0.125735,1,satellite_51.509845_-0.125459.png,221.0,205.2,True,301.57592742127144
pano_1875,51.50966,-0.125735,2,satellite_51.509311_-0.125459.png,-416.9,205.2,False,464.6640184046963
pano_1875,51.50966,-0.125735,3,satellite_51.509845_-0.126317.png,221.0,-432.7,False,485.8706515112844
pano_1875,51.50966,-0.125735,4,satellite_51.509311_-0.126317.png,-416.9,-432.7,False,600.8617977538595
pano_1876,51.509753,-0.125505,1,satellite_51.509845_-0.125459.png,109.9,34.2,True,115.09843613186064
pano_1876,51.509753,-0.125505,2,satellite_51.509311_-0.125459.png,-528.0,34.2,False,529.1064543170874
pano_1876,51.509753,-0.125505,3,satellite_51.509845_-0.126317.png,109.9,-603.7,False,613.6217890525076
pano_1876,51.509753,-0.125505,4,satellite_51.509845_-0.124600.png,109.9,672.9,False,681.815532237276
pano_1877,51.510036,-0.124799,1,satellite_51.509845_-0.124600.png,-228.2,148.0,True,271.99124985925556
pano_1877,51.510036,-0.124799,2,satellite_51.510379_-0.124600.png,409.8,148.0,False,435.70636901472994
pano_1877,51.510036,-0.124799,3,satellite_51.509845_-0.125459.png,-228.2,-490.7,False,541.1670074939898
pano_1877,51.510036,-0.124799,4,satellite_51.510379_-0.125459.png,409.8,-490.7,False,639.3141090262282
pano_1878,51.509612,-0.124307,1,satellite_51.509845_-0.124600.png,278.3,-217.8,True,353.3945811695477
pano_1878,51.509612,-0.124307,2,satellite_51.509311_-0.124600.png,-359.6,-217.8,False,420.4152708929589
pano_1878,51.509612,-0.124307,3,satellite_51.509845_-0.123742.png,278.3,420.1,False,503.91953722791897
pano_1878,51.509612,-0.124307,4,satellite_51.509311_-0.123742.png,-359.6,420.1,False,552.9883995166626
pano_1879,51.509427,-0.126933,1,satellite_51.509311_-0.127175.png,-138.6,-179.9,True,227.09903126169428
pano_1879,51.509427,-0.126933,2,satellite_51.509311_-0.126317.png,-138.6,458.0,False,478.5122359982031
pano_1879,51.509427,-0.126933,3,satellite_51.509845_-0.127175.png,499.4,-179.9,False,530.8148170501648
pano_1879,51.509427,-0.126933,4,satellite_51.509845_-0.126317.png,499.4,458.0,False,677.616676300104
pano_188,51.510488,-0.121501,1,satellite_51.510379_-0.121167.png,-130.2,248.3,True,280.3657076034799
pano_188,51.510488,-0.121501,2,satellite_51.510379_-0.122025.png,-130.2,-389.6,False,410.77998977554887
pano_188,51.510488,-0.121501,3,satellite_51.510913_-0.121167.png,507.7,248.3,False,565.1656217428657
pano_188,51.510488,-0.121501,4,satellite_51.510913_-0.122025.png,507.7,-389.6,False,639.9589439956285
pano_1880,51.509444,-0.125962,1,satellite_51.509311_-0.126317.png,-158.9,-263.9,True,308.04613290869275
pano_1880,51.509444,-0.125962,2,satellite_51.509311_-0.125459.png,-158.9,374.0,False,406.35601385976804
pano_1880,51.509444,-0.125962,3,satellite_51.509845_-0.126317.png,479.0,-263.9,False,546.8859204623941
pano_1880,51.509444,-0.125962,4,satellite_51.509845_-0.125459.png,479.0,374.0,False,607.7145711598497
pano_1881,51.509108,-0.125948,1,satellite_51.509311_-0.126317.png,242.5,-274.4,True,366.19886673773306
pano_1881,51.509108,-0.125948,2,satellite_51.509311_-0.125459.png,242.5,363.6,False,437.0482925261235
pano_1881,51.509108,-0.125948,3,satellite_51.508776_-0.126317.png,-396.6,-274.4,False,482.2726614685929
pano_1881,51.509108,-0.125948,4,satellite_51.508776_-0.125459.png,-396.6,363.6,False,538.0488081949444
pano_1882,51.509064,-0.125945,1,satellite_51.509311_-0.126317.png,295.1,-276.6,True,404.46454727206935
pano_1882,51.509064,-0.125945,2,satellite_51.508776_-0.126317.png,-344.0,-276.6,False,441.41087435630766
pano_1882,51.509064,-0.125945,3,satellite_51.509311_-0.125459.png,295.1,361.3,False,466.4994105033789
pano_1882,51.509064,-0.125945,4,satellite_51.508776_-0.125459.png,-344.0,361.3,False,498.8724185600964
pano_1883,51.509441,-0.125947,1,satellite_51.509311_-0.126317.png,-155.3,-275.1,True,315.90837279185877
pano_1883,51.509441,-0.125947,2,satellite_51.509311_-0.125459.png,-155.3,362.8,False,394.6415208768586
pano_1883,51.509441,-0.125947,3,satellite_51.509845_-0.126317.png,482.6,-275.1,False,555.5022682221919
pano_1883,51.509441,-0.125947,4,satellite_51.509845_-0.125459.png,482.6,362.8,False,603.7603829334946
pano_1884,51.509439,-0.125832,1,satellite_51.509311_-0.125459.png,-152.9,277.3,True,316.660228004718
pano_1884,51.509439,-0.125832,2,satellite_51.509311_-0.126317.png,-152.9,-360.6,False,391.67686937065866
pano_1884,51.509439,-0.125832,3,satellite_51.509845_-0.125459.png,485.0,277.3,False,558.6772681969439
pano_1884,51.509439,-0.125832,4,satellite_51.509845_-0.126317.png,485.0,-360.6,False,604.3652537993892
pano_1885,51.50944,-0.125892,1,satellite_51.509311_-0.126317.png,-154.1,-316.0,True,351.5719129850961
pano_1885,51.50944,-0.125892,2,satellite_51.509311_-0.125459.png,-154.1,321.9,False,356.8843229955611
pano_1885,51.50944,-0.125892,3,satellite_51.509845_-0.126317.png,483.8,-316.0,False,577.8567642591025
pano_1885,51.50944,-0.125892,4,satellite_51.509845_-0.125459.png,483.8,321.9,False,581.1041645006513
pano_1886,51.509025,-0.125818,1,satellite_51.508776_-0.125459.png,-297.5,266.9,True,399.6771947459599
pano_1886,51.509025,-0.125818,2,satellite_51.509311_-0.125459.png,341.7,266.9,False,433.5833253251328
pano_1886,51.509025,-0.125818,3,satellite_51.508776_-0.126317.png,-297.5,-371.0,False,475.5494190933262
pano_1886,51.509025,-0.125818,4,satellite_51.509311_-0.126317.png,341.7,-371.0,False,504.38069947213484
pano_1887,51.509433,-0.125832,1,satellite_51.509311_-0.125459.png,-145.7,277.3,True,313.2471548154907
pano_1887,51.509433,-0.125832,2,satellite_51.509311_-0.126317.png,-145.7,-360.6,False,388.922678690765
pano_1887,51.509433,-0.125832,3,satellite_51.509845_-0.125459.png,492.2,277.3,False,564.9390498098003
pano_1887,51.509433,-0.125832,4,satellite_51.509845_-0.126317.png,492.2,-360.6,False,610.158340105255
pano_1888,51.509447,-0.125787,1,satellite_51.509311_-0.125459.png,-162.5,243.9,True,293.0758604866665
pano_1888,51.509447,-0.125787,2,satellite_51.509311_-0.126317.png,-162.5,-394.1,False,426.2875320719573
pano_1888,51.509447,-0.125787,3,satellite_51.509845_-0.125459.png,475.5,243.9,False,534.4038360640761
pano_1888,51.509447,-0.125787,4,satellite_51.509845_-0.126317.png,475.5,-394.1,False,617.5880989785992
pano_1889,51.509444,-0.124284,1,satellite_51.509311_-0.124600.png,-158.9,-235.0,True,283.67976663836987
pano_1889,51.509444,-0.124284,2,satellite_51.509311_-0.123742.png,-158.9,403.0,False,433.19534854381806
pano_1889,51.509444,-0.124284,3,satellite_51.509845_-0.124600.png,479.0,-235.0,False,533.5410012360812
pano_1889,51.509444,-0.124284,4,satellite_51.509845_-0.123742.png,479.0,403.0,False,625.9792328823696
pano_189,51.509693,-0.12337,1,satellite_51.509845_-0.123742.png,181.6,-276.6,True,330.88686888421546
pano_189,51.509693,-0.12337,2,satellite_51.509845_-0.122884.png,181.6,361.3,False,404.3714257956415
pano_189,51.509693,-0.12337,3,satellite_51.509311_-0.123742.png,-456.3,-276.6,False,533.5890272484995
pano_189,51.509693,-0.12337,4,satellite_51.509311_-0.122884.png,-456.3,361.3,False,582.0200855640637
pano_1890,51.509424,-0.124186,1,satellite_51.509311_-0.124600.png,-135.0,-307.8,True,336.1039125032614
pano_1890,51.509424,-0.124186,2,satellite_51.509311_-0.123742.png,-135.0,330.1,False,356.6384864256801
pano_1890,51.509424,-0.124186,3,satellite_51.509845_-0.124600.png,502.9,-307.8,False,589.6178847355294
pano_1890,51.509424,-0.124186,4,satellite_51.509845_-0.123742.png,502.9,330.1,False,601.5599886960568
pano_1891,51.509469,-0.123964,1,satellite_51.509311_-0.123742.png,-188.7,165.1,True,250.7303332267558
pano_1891,51.509469,-0.123964,2,satellite_51.509845_-0.123742.png,449.2,165.1,False,478.57982615233584
pano_1891,51.509469,-0.123964,3,satellite_51.509311_-0.124600.png,-188.7,-472.9,False,509.15822688040697
pano_1891,51.509469,-0.123964,4,satellite_51.509845_-0.124600.png,449.2,-472.9,False,652.2384916577678
pano_1892,51.509629,-0.124147,1,satellite_51.509845_-0.123742.png,258.0,301.1,True,396.5163426644607
pano_1892,51.509629,-0.124147,2,satellite_51.509845_-0.124600.png,258.0,-336.8,False,424.2619945269668
pano_1892,51.509629,-0.124147,3,satellite_51.509311_-0.123742.png,-379.9,301.1,False,484.7527410959117
pano_1892,51.509629,-0.124147,4,satellite_51.509311_-0.124600.png,-379.9,-336.8,False,507.6989757720612
pano_1893,51.509704,-0.124204,1,satellite_51.509845_-0.124600.png,168.4,-294.4,True,339.16061092054895
pano_1893,51.509704,-0.124204,2,satellite_51.509845_-0.123742.png,168.4,343.5,False,382.5582439315614
pano_1893,51.509704,-0.124204,3,satellite_51.509311_-0.124600.png,-469.5,-294.4,False,554.1674927312139
pano_1893,51.509704,-0.124204,4,satellite_51.509311_-0.123742.png,-469.5,343.5,False,581.7409217168756
pano_1894,51.509909,-0.124468,1,satellite_51.509845_-0.124600.png,-76.5,-98.1,True,124.40200963006988
pano_1894,51.509909,-0.124468,2,satellite_51.509845_-0.123742.png,-76.5,539.8,False,545.1938095760075
pano_1894,51.509909,-0.124468,3,satellite_51.510379_-0.124600.png,561.5,-98.1,False,570.0051403276991
pano_1894,51.509909,-0.124468,4,satellite_51.509311_-0.124600.png,-714.4,-98.1,False,721.1039938871508
pano_1895,51.510086,-0.124665,1,satellite_51.509845_-0.124600.png,-287.9,48.3,True,291.92344886973365
pano_1895,51.510086,-0.124665,2,satellite_51.510379_-0.124600.png,350.0,48.3,False,353.31698232606936
pano_1895,51.510086,-0.124665,3,satellite_51.509845_-0.125459.png,-287.9,-590.4,False,656.8550601160046
pano_1895,51.510086,-0.124665,4,satellite_51.510379_-0.125459.png,350.0,-590.4,False,686.3469676482879
pano_1896,51.510019,-0.124779,1,satellite_51.509845_-0.124600.png,-207.9,133.1,True,246.85627397333857
pano_1896,51.510019,-0.124779,2,satellite_51.510379_-0.124600.png,430.1,133.1,False,450.22396648779153
pano_1896,51.510019,-0.124779,3,satellite_51.509845_-0.125459.png,-207.9,-505.6,False,546.675196071671
pano_1896,51.510019,-0.124779,4,satellite_51.510379_-0.125459.png,430.1,-505.6,False,663.7901550942136
pano_1897,51.510076,-0.124654,1,satellite_51.509845_-0.124600.png,-276.0,40.1,True,278.89784868299
pano_1897,51.510076,-0.124654,2,satellite_51.510379_-0.124600.png,362.0,40.1,False,364.214236404894
pano_1897,51.510076,-0.124654,3,satellite_51.509845_-0.125459.png,-276.0,-598.5,False,659.0737819091274
pano_1897,51.510076,-0.124654,4,satellite_51.510379_-0.125459.png,362.0,-598.5,False,699.4613999356934
pano_1898,51.510048,-0.124716,1,satellite_51.509845_-0.124600.png,-242.5,86.2,True,257.364896596253
pano_1898,51.510048,-0.124716,2,satellite_51.510379_-0.124600.png,395.4,86.2,False,404.68703957502765
pano_1898,51.510048,-0.124716,3,satellite_51.509845_-0.125459.png,-242.5,-552.4,False,603.2843525237498
pano_1898,51.510048,-0.124716,4,satellite_51.510379_-0.125459.png,395.4,-552.4,False,679.328285882459
pano_1899,51.509393,-0.12415,1,satellite_51.509311_-0.123742.png,-98.0,303.4,True,318.8346907097783
pano_1899,51.509393,-0.12415,2,satellite_51.509311_-0.124600.png,-98.0,-334.6,False,348.6562203661366
pano_1899,51.509393,-0.12415,3,satellite_51.509845_-0.123742.png,540.0,303.4,False,619.3961252704121
pano_1899,51.509393,-0.12415,4,satellite_51.509845_-0.124600.png,540.0,-334.6,False,635.2614894671327
pano_19,51.509629,-0.12336,1,satellite_51.509845_-0.123742.png,258.0,-284.0,True,383.6925852814985
pano_19,51.509629,-0.12336,2,satellite_51.509845_-0.122884.png,258.0,353.9,False,437.9602835874504
pano_19,51.509629,-0.12336,3,satellite_51.509311_-0.123742.png,-379.9,-284.0,False,474.32057724707664
pano_19,51.509629,-0.12336,4,satellite_51.509311_-0.122884.png,-379.9,353.9,False,519.2005585513174
pano_1900,51.508876,-0.125149,1,satellite_51.508776_-0.125459.png,-119.5,-230.5,True,259.6353211718313
pano_1900,51.508876,-0.125149,2,satellite_51.508776_-0.124600.png,-119.5,408.2,False,425.3322113360332
pano_1900,51.508876,-0.125149,3,satellite_51.509311_-0.125459.png,519.7,-230.5,False,568.5229458869712
pano_1900,51.508876,-0.125149,4,satellite_51.509311_-0.124600.png,519.7,408.2,False,660.8444068008747
pano_1901,51.507863,-0.12551,1,satellite_51.507708_-0.125459.png,-185.2,37.9,True,189.0382236480231
pano_1901,51.507863,-0.12551,2,satellite_51.508242_-0.125459.png,452.7,37.9,False,454.28372191836235
pano_1901,51.507863,-0.12551,3,satellite_51.507708_-0.126317.png,-185.2,-600.0,False,627.932353044498
pano_1901,51.507863,-0.12551,4,satellite_51.507708_-0.124600.png,-185.2,676.6,False,701.4888452427451
pano_1902,51.507883,-0.125545,1,satellite_51.507708_-0.125459.png,-209.1,63.9,True,218.6458780768574
pano_1902,51.507883,-0.125545,2,satellite_51.508242_-0.125459.png,428.9,63.9,False,433.63397007153395
pano_1902,51.507883,-0.125545,3,satellite_51.507708_-0.126317.png,-209.1,-574.0,False,610.9
pano_1902,51.507883,-0.125545,4,satellite_51.508242_-0.126317.png,428.9,-574.0,False,716.541143270922
pano_1903,51.507875,-0.125531,1,satellite_51.507708_-0.125459.png,-199.5,53.5,True,206.54902565734847
pano_1903,51.507875,-0.125531,2,satellite_51.508242_-0.125459.png,438.4,53.5,False,441.6523632904051
pano_1903,51.507875,-0.125531,3,satellite_51.507708_-0.126317.png,-199.5,-584.4,False,617.5140565201734
pano_1903,51.507875,-0.125531,4,satellite_51.507708_-0.124600.png,-199.5,692.2,False,720.3756589446926
pano_1904,51.507884,-0.12556,1,satellite_51.507708_-0.125459.png,-210.2,75.1,True,223.21301485352504
pano_1904,51.507884,-0.12556,2,satellite_51.508242_-0.125459.png,427.7,75.1,False,434.2433649464318
pano_1904,51.507884,-0.12556,3,satellite_51.507708_-0.126317.png,-210.2,-562.8,False,600.7727357329059
pano_1904,51.507884,-0.12556,4,satellite_51.508242_-0.126317.png,427.7,-562.8,False,706.8741967281023
pano_1905,51.507806,-0.125568,1,satellite_51.507708_-0.125459.png,-117.1,81.0,True,142.38472530436684
pano_1905,51.507806,-0.125568,2,satellite_51.508242_-0.125459.png,520.8,81.0,False,527.0613247051997
pano_1905,51.507806,-0.125568,3,satellite_51.507708_-0.126317.png,-117.1,-556.9,False,569.0782195796988
pano_1905,51.507806,-0.125568,4,satellite_51.507708_-0.124600.png,-117.1,719.7,False,729.164247615035
pano_1906,51.507837,-0.125626,1,satellite_51.507708_-0.125459.png,-154.1,124.2,True,197.92031224712636
pano_1906,51.507837,-0.125626,2,satellite_51.508242_-0.125459.png,483.8,124.2,False,499.4878176692601
pano_1906,51.507837,-0.125626,3,satellite_51.507708_-0.126317.png,-154.1,-513.8,False,536.4114558806514
pano_1906,51.507837,-0.125626,4,satellite_51.508242_-0.126317.png,483.8,-513.8,False,705.7286163958494
pano_1907,51.507467,-0.124917,1,satellite_51.507708_-0.124600.png,287.9,235.7,True,372.0764706347339
pano_1907,51.507467,-0.124917,2,satellite_51.507174_-0.124600.png,-350.0,235.7,False,421.96503409642844
pano_1907,51.507467,-0.124917,3,satellite_51.507708_-0.125459.png,287.9,-403.0,False,495.27306609586594
pano_1907,51.507467,-0.124917,4,satellite_51.507174_-0.125459.png,-350.0,-403.0,False,533.768676488233
pano_1908,51.507581,-0.130113,1,satellite_51.507708_-0.129750.png,151.7,269.9,True,309.61088482157726
pano_1908,51.507581,-0.130113,2,satellite_51.507708_-0.130608.png,151.7,-368.0,False,398.0413169508914
pano_1908,51.507581,-0.130113,3,satellite_51.507174_-0.129750.png,-486.2,269.9,False,556.0903253968729
pano_1908,51.507581,-0.130113,4,satellite_51.507174_-0.130608.png,-486.2,-368.0,False,609.7658895018644
pano_1909,51.507503,-0.131853,1,satellite_51.507708_-0.131467.png,244.9,287.0,True,377.28637664246503
pano_1909,51.507503,-0.131853,2,satellite_51.507708_-0.132325.png,244.9,-350.9,False,427.9098269495572
pano_1909,51.507503,-0.131853,3,satellite_51.507174_-0.131467.png,-393.0,287.0,False,486.6394969584775
pano_1909,51.507503,-0.131853,4,satellite_51.507174_-0.132325.png,-393.0,-350.9,False,526.8584344964024
pano_191,51.510013,-0.122665,1,satellite_51.509845_-0.122884.png,-200.7,-162.8,True,258.42664336325697
pano_191,51.510013,-0.122665,2,satellite_51.510379_-0.122884.png,437.2,-162.8,False,466.5272553667149
pano_191,51.510013,-0.122665,3,satellite_51.509845_-0.122025.png,-200.7,475.8,False,516.3972598687952
pano_191,51.510013,-0.122665,4,satellite_51.510379_-0.122025.png,437.2,475.8,False,646.1652110722149
pano_1910,51.5103,-0.127009,1,satellite_51.510379_-0.127175.png,94.4,-123.4,True,155.36704927364747
pano_1910,51.5103,-0.127009,2,satellite_51.510379_-0.126317.png,94.4,514.5,False,523.088529792042
pano_1910,51.5103,-0.127009,3,satellite_51.509845_-0.127175.png,-543.6,-123.4,False,557.4302826363132
pano_1910,51.5103,-0.127009,4,satellite_51.510913_-0.127175.png,732.3,-123.4,False,742.6242993600465
pano_1911,51.507345,-0.132323,1,satellite_51.507174_-0.132325.png,-204.3,-1.5,True,204.30550653372023
pano_1911,51.507345,-0.132323,2,satellite_51.507708_-0.132325.png,433.6,-1.5,False,433.60259454943304
pano_1911,51.507345,-0.132323,3,satellite_51.507174_-0.131467.png,-204.3,636.4,False,668.3886967925175
pano_1911,51.507345,-0.132323,4,satellite_51.507174_-0.133183.png,-204.3,-639.4,False,671.2457448654702
pano_1912,51.507382,-0.132213,1,satellite_51.507174_-0.132325.png,-248.5,-83.3,True,262.08994639245515
pano_1912,51.507382,-0.132213,2,satellite_51.507708_-0.132325.png,389.4,-83.3,False,398.21005763290304
pano_1912,51.507382,-0.132213,3,satellite_51.507174_-0.131467.png,-248.5,554.7,False,607.8193317096784
pano_1912,51.507382,-0.132213,4,satellite_51.507708_-0.131467.png,389.4,554.7,False,677.7347932635597
pano_1913,51.507185,-0.132235,1,satellite_51.507174_-0.132325.png,-13.1,-66.9,True,68.17052148839703
pano_1913,51.507185,-0.132235,2,satellite_51.507174_-0.131467.png,-13.1,571.0,False,571.150251685141
pano_1913,51.507185,-0.132235,3,satellite_51.507708_-0.132325.png,624.8,-66.9,False,628.3714267851459
pano_1913,51.507185,-0.132235,4,satellite_51.506640_-0.132325.png,-651.0,-66.9,False,654.4284605669286
pano_1914,51.507212,-0.132212,1,satellite_51.507174_-0.132325.png,-45.4,-84.0,True,95.48382061899282
pano_1914,51.507212,-0.132212,2,satellite_51.507174_-0.131467.png,-45.4,553.9,False,555.7574740837949
pano_1914,51.507212,-0.132212,3,satellite_51.507708_-0.132325.png,592.5,-84.0,False,598.424807306649
pano_1914,51.507212,-0.132212,4,satellite_51.506640_-0.132325.png,-683.3,-84.0,False,688.4438176060556
pano_1915,51.507253,-0.132097,1,satellite_51.507174_-0.132325.png,-94.4,-169.5,True,194.01445822412308
pano_1915,51.507253,-0.132097,2,satellite_51.507174_-0.131467.png,-94.4,468.4,False,477.8178732529791
pano_1915,51.507253,-0.132097,3,satellite_51.507708_-0.132325.png,543.5,-169.5,False,569.3175739426986
pano_1915,51.507253,-0.132097,4,satellite_51.507708_-0.131467.png,543.5,468.4,False,717.4892403374423
pano_1916,51.509574,-0.12854,1,satellite_51.509311_-0.128892.png,-314.2,-261.7,True,408.9113962706346
pano_1916,51.509574,-0.12854,2,satellite_51.509845_-0.128892.png,323.7,-261.7,False,416.2554263910562
pano_1916,51.509574,-0.12854,3,satellite_51.509311_-0.128034.png,-314.2,376.2,False,490.1510787502155
pano_1916,51.509574,-0.12854,4,satellite_51.509845_-0.128034.png,323.7,376.2,False,496.29439851765403
pano_1917,51.509501,-0.129128,1,satellite_51.509311_-0.128892.png,-227.0,175.5,True,286.9307407720546
pano_1917,51.509501,-0.129128,2,satellite_51.509845_-0.128892.png,410.9,175.5,False,446.80987007898557
pano_1917,51.509501,-0.129128,3,satellite_51.509311_-0.129750.png,-227.0,-462.5,False,515.2040857757244
pano_1917,51.509501,-0.129128,4,satellite_51.509845_-0.129750.png,410.9,-462.5,False,618.6639313876315
pano_1918,51.509518,-0.128572,1,satellite_51.509311_-0.128892.png,-247.3,-237.9,True,343.1525899654555
pano_1918,51.509518,-0.128572,2,satellite_51.509845_-0.128892.png,390.6,-237.9,False,457.3453509111031
pano_1918,51.509518,-0.128572,3,satellite_51.509311_-0.128034.png,-247.3,400.0,False,470.27363311161724
pano_1918,51.509518,-0.128572,4,satellite_51.509845_-0.128034.png,390.6,400.0,False,559.0781340742991
pano_1919,51.509551,-0.128436,1,satellite_51.509311_-0.128034.png,-286.7,298.9,True,414.1715828011381
pano_1919,51.509551,-0.128436,2,satellite_51.509311_-0.128892.png,-286.7,-339.0,False,443.9796053874547
pano_1919,51.509551,-0.128436,3,satellite_51.509845_-0.128034.png,351.2,298.9,False,461.17529205281585
pano_1919,51.509551,-0.128436,4,satellite_51.509845_-0.128892.png,351.2,-339.0,False,488.12133737422295
pano_192,51.509317,-0.124138,1,satellite_51.509311_-0.123742.png,-7.2,294.4,True,294.48803031702323
pano_192,51.509317,-0.124138,2,satellite_51.509311_-0.124600.png,-7.2,-343.5,False,343.5754502289126
pano_192,51.509317,-0.124138,3,satellite_51.509845_-0.123742.png,630.8,294.4,False,696.1178061219235
pano_192,51.509317,-0.124138,4,satellite_51.508776_-0.123742.png,-646.3,294.4,False,710.1936707687559
pano_1920,51.509575,-0.128396,1,satellite_51.509311_-0.128034.png,-315.4,269.2,True,414.6634780156072
pano_1920,51.509575,-0.128396,2,satellite_51.509845_-0.128034.png,322.5,269.2,False,420.0891453013277
pano_1920,51.509575,-0.128396,3,satellite_51.509311_-0.128892.png,-315.4,-368.8,False,485.27373718345814
pano_1920,51.509575,-0.128396,4,satellite_51.509845_-0.128892.png,322.5,-368.8,False,489.9180441665728
pano_1921,51.509669,-0.128393,1,satellite_51.509845_-0.128034.png,210.3,266.9,True,339.7965567806713
pano_1921,51.509669,-0.128393,2,satellite_51.509845_-0.128892.png,210.3,-371.0,False,426.4587787817247
pano_1921,51.509669,-0.128393,3,satellite_51.509311_-0.128034.png,-427.7,266.9,False,504.1457130631976
pano_1921,51.509669,-0.128393,4,satellite_51.509311_-0.128892.png,-427.7,-371.0,False,566.187504277514
pano_1922,51.509841,-0.128384,1,satellite_51.509845_-0.128034.png,4.8,260.2,True,260.24426986967455
pano_1922,51.509841,-0.128384,2,satellite_51.509845_-0.128892.png,4.8,-377.7,False,377.73049916574115
pano_1922,51.509841,-0.128384,3,satellite_51.509311_-0.128034.png,-633.2,260.2,False,684.5774463126871
pano_1922,51.509841,-0.128384,4,satellite_51.510379_-0.128034.png,642.7,260.2,False,693.3738746159968
pano_1923,51.509795,-0.128134,1,satellite_51.509845_-0.128034.png,59.7,74.4,True,95.39103731483372
pano_1923,51.509795,-0.128134,2,satellite_51.509845_-0.128892.png,59.7,-563.6,False,566.7530767450672
pano_1923,51.509795,-0.128134,3,satellite_51.509311_-0.128034.png,-578.2,74.4,False,582.9670659651367
pano_1923,51.509795,-0.128134,4,satellite_51.510379_-0.128034.png,697.7,74.4,False,701.6556491613247
pano_1924,51.509809,-0.128386,1,satellite_51.509845_-0.128034.png,43.0,261.7,True,265.20914388459533
pano_1924,51.509809,-0.128386,2,satellite_51.509845_-0.128892.png,43.0,-376.2,False,378.6494949158126
pano_1924,51.509809,-0.128386,3,satellite_51.509311_-0.128034.png,-594.9,261.7,False,649.9176101630113
pano_1924,51.509809,-0.128386,4,satellite_51.509311_-0.128892.png,-594.9,-376.2,False,703.8696257120348
pano_1925,51.509785,-0.12807,1,satellite_51.509845_-0.128034.png,71.7,26.8,True,76.54495411194654
pano_1925,51.509785,-0.12807,2,satellite_51.509311_-0.128034.png,-566.3,26.8,False,566.9337968405129
pano_1925,51.509785,-0.12807,3,satellite_51.509845_-0.128892.png,71.7,-611.2,False,615.3912007820717
pano_1925,51.509785,-0.12807,4,satellite_51.509845_-0.127175.png,71.7,665.4,False,669.2518584210281
pano_1926,51.509707,-0.127944,1,satellite_51.509845_-0.128034.png,164.9,-66.9,True,177.95398281578304
pano_1926,51.509707,-0.127944,2,satellite_51.509311_-0.128034.png,-473.1,-66.9,False,477.8066763870091
pano_1926,51.509707,-0.127944,3,satellite_51.509845_-0.127175.png,164.9,571.8,False,595.1027222253314
pano_1926,51.509707,-0.127944,4,satellite_51.509845_-0.128892.png,164.9,-704.9,False,723.9309497458994
pano_1927,51.509632,-0.127866,1,satellite_51.509845_-0.128034.png,254.5,-124.9,True,283.4964902780985
pano_1927,51.509632,-0.127866,2,satellite_51.509311_-0.128034.png,-383.5,-124.9,False,403.32649305494425
pano_1927,51.509632,-0.127866,3,satellite_51.509845_-0.127175.png,254.5,513.8,False,573.3765691062026
pano_1927,51.509632,-0.127866,4,satellite_51.509311_-0.127175.png,-383.5,513.8,False,641.1417082049802
pano_1928,51.50945,-0.127504,1,satellite_51.509311_-0.127175.png,-166.1,244.6,True,295.66597707548294
pano_1928,51.50945,-0.127504,2,satellite_51.509311_-0.128034.png,-166.1,-394.1,False,427.6727954873913
pano_1928,51.50945,-0.127504,3,satellite_51.509845_-0.127175.png,471.9,244.6,False,531.5249476741426
pano_1928,51.50945,-0.127504,4,satellite_51.509845_-0.128034.png,471.9,-394.1,False,614.8206405123367
pano_1929,51.509415,-0.12746,1,satellite_51.509311_-0.127175.png,-124.2,211.9,True,245.61606217835185
pano_1929,51.509415,-0.12746,2,satellite_51.509311_-0.128034.png,-124.2,-426.8,False,444.50408322084064
pano_1929,51.509415,-0.12746,3,satellite_51.509845_-0.127175.png,513.7,211.9,False,555.6881319589254
pano_1929,51.509415,-0.12746,4,satellite_51.509845_-0.128034.png,513.7,-426.8,False,667.866700771943
pano_1930,51.508994,-0.127313,1,satellite_51.508776_-0.127175.png,-260.4,102.6,True,279.8837615868416
pano_1930,51.508994,-0.127313,2,satellite_51.509311_-0.127175.png,378.7,102.6,False,392.3524563450572
pano_1930,51.508994,-0.127313,3,satellite_51.508776_-0.128034.png,-260.4,-536.1,False,595.9961157591549
pano_1930,51.508994,-0.127313,4,satellite_51.509311_-0.128034.png,378.7,-536.1,False,656.3664372894153
pano_1931,51.508852,-0.127313,1,satellite_51.508776_-0.127175.png,-90.8,102.6,True,137.00875884409726
pano_1931,51.508852,-0.127313,2,satellite_51.508776_-0.128034.png,-90.8,-536.1,False,543.7350917496498
pano_1931,51.508852,-0.127313,3,satellite_51.509311_-0.127175.png,548.3,102.6,False,557.8168606272134
pano_1931,51.508852,-0.127313,4,satellite_51.508242_-0.127175.png,-728.7,102.6,False,735.8875253732733
pano_1932,51.508691,-0.12736,1,satellite_51.508776_-0.127175.png,101.5,137.6,True,170.9854087341958
pano_1932,51.508691,-0.12736,2,satellite_51.508776_-0.128034.png,101.5,-501.1,False,511.276304946748
pano_1932,51.508691,-0.12736,3,satellite_51.508242_-0.127175.png,-536.4,137.6,False,553.7677491512122
pano_1932,51.508691,-0.12736,4,satellite_51.508242_-0.128034.png,-536.4,-501.1,False,734.047798171209
pano_1933,51.509561,-0.126986,1,satellite_51.509311_-0.127175.png,-298.7,-140.5,True,330.09383514388753
pano_1933,51.509561,-0.126986,2,satellite_51.509845_-0.127175.png,339.3,-140.5,False,367.23934974346093
pano_1933,51.509561,-0.126986,3,satellite_51.509311_-0.126317.png,-298.7,497.4,False,580.1969062309795
pano_1933,51.509561,-0.126986,4,satellite_51.509845_-0.126317.png,339.3,497.4,False,602.105680092789
pano_1934,51.509601,-0.127442,1,satellite_51.509845_-0.127175.png,291.5,198.5,True,352.6676906097297
pano_1934,51.509601,-0.127442,2,satellite_51.509311_-0.127175.png,-346.4,198.5,False,399.2432967502397
pano_1934,51.509601,-0.127442,3,satellite_51.509845_-0.128034.png,291.5,-440.2,False,527.9661826291529
pano_1934,51.509601,-0.127442,4,satellite_51.509311_-0.128034.png,-346.4,-440.2,False,560.150872533463
pano_1935,51.509672,-0.127605,1,satellite_51.509845_-0.128034.png,206.7,-319.0,True,380.11299635766204
pano_1935,51.509672,-0.127605,2,satellite_51.509845_-0.127175.png,206.7,319.7,True,380.7006435508088
pano_1935,51.509672,-0.127605,3,satellite_51.509311_-0.128034.png,-431.3,-319.0,False,536.4519456577634
pano_1935,51.509672,-0.127605,4,satellite_51.509311_-0.127175.png,-431.3,319.7,False,536.8684941398592
pano_1936,51.509898,-0.127917,1,satellite_51.509845_-0.128034.png,-63.3,-87.0,True,107.59131005801537
pano_1936,51.509898,-0.127917,2,satellite_51.509845_-0.127175.png,-63.3,551.7,False,555.3195296403685
pano_1936,51.509898,-0.127917,3,satellite_51.510379_-0.128034.png,574.6,-87.0,False,581.1489998270667
pano_1936,51.509898,-0.127917,4,satellite_51.509311_-0.128034.png,-701.2,-87.0,False,706.5765634381033
pano_1937,51.510183,-0.128143,1,satellite_51.510379_-0.128034.png,234.1,81.0,True,247.71719762664844
pano_1937,51.510183,-0.128143,2,satellite_51.509845_-0.128034.png,-403.8,81.0,False,411.8439510299988
pano_1937,51.510183,-0.128143,3,satellite_51.510379_-0.128892.png,234.1,-556.9,False,604.1029879085188
pano_1937,51.510183,-0.128143,4,satellite_51.509845_-0.128892.png,-403.8,-556.9,False,687.8895623572145
pano_1938,51.509548,-0.127132,1,satellite_51.509311_-0.127175.png,-283.1,-32.0,True,284.9028079889702
pano_1938,51.509548,-0.127132,2,satellite_51.509845_-0.127175.png,354.8,-32.0,False,356.2401437233036
pano_1938,51.509548,-0.127132,3,satellite_51.509311_-0.126317.png,-283.1,606.0,False,668.8659133189551
pano_1938,51.509548,-0.127132,4,satellite_51.509845_-0.126317.png,354.8,606.0,False,702.2243516142117
pano_1939,51.50957,-0.127127,1,satellite_51.509311_-0.127175.png,-309.4,-35.7,True,311.4528054135971
pano_1939,51.50957,-0.127127,2,satellite_51.509845_-0.127175.png,328.5,-35.7,False,330.4341689353569
pano_1939,51.50957,-0.127127,3,satellite_51.509311_-0.126317.png,-309.4,602.2,False,677.0326432307382
pano_1939,51.50957,-0.127127,4,satellite_51.509845_-0.126317.png,328.5,602.2,False,685.9716393554475
pano_194,51.507604,-0.128428,1,satellite_51.507708_-0.128034.png,124.2,292.9,True,318.1446997829761
pano_194,51.507604,-0.128428,2,satellite_51.507708_-0.128892.png,124.2,-345.0,False,366.67511505418526
pano_194,51.507604,-0.128428,3,satellite_51.507174_-0.128034.png,-513.7,292.9,False,591.3358605733293
pano_194,51.507604,-0.128428,4,satellite_51.507174_-0.128892.png,-513.7,-345.0,False,618.7993939880679
pano_1940,51.50949,-0.127584,1,satellite_51.509311_-0.127175.png,-213.8,304.1,True,371.73545701210696
pano_1940,51.50949,-0.127584,2,satellite_51.509311_-0.128034.png,-213.8,-334.6,False,397.0737966675716
pano_1940,51.50949,-0.127584,3,satellite_51.509845_-0.127175.png,424.1,304.1,False,521.859770436465
pano_1940,51.50949,-0.127584,4,satellite_51.509845_-0.128034.png,424.1,-334.6,False,540.201786372463
pano_1941,51.509509,-0.127561,1,satellite_51.509311_-0.127175.png,-236.5,287.0,True,371.8887602496209
pano_1941,51.509509,-0.127561,2,satellite_51.509311_-0.128034.png,-236.5,-351.7,False,423.8220617193022
pano_1941,51.509509,-0.127561,3,satellite_51.509845_-0.127175.png,401.4,287.0,False,493.4480317115471
pano_1941,51.509509,-0.127561,4,satellite_51.509845_-0.128034.png,401.4,-351.7,False,533.6804755656702
pano_1942,51.509586,-0.127461,1,satellite_51.509845_-0.127175.png,309.4,212.6,True,375.4026105396711
pano_1942,51.509586,-0.127461,2,satellite_51.509311_-0.127175.png,-328.5,212.6,False,391.2940198878587
pano_1942,51.509586,-0.127461,3,satellite_51.509845_-0.128034.png,309.4,-426.0,False,526.5020037948574
pano_1942,51.509586,-0.127461,4,satellite_51.509311_-0.128034.png,-328.5,-426.0,False,537.9481852372029
pano_1943,51.509557,-0.127498,1,satellite_51.509311_-0.127175.png,-293.9,240.2,True,379.5698222988756
pano_1943,51.509557,-0.127498,2,satellite_51.509845_-0.127175.png,344.1,240.2,False,419.64371793224785
pano_1943,51.509557,-0.127498,3,satellite_51.509311_-0.128034.png,-293.9,-398.5,False,495.15599562158184
pano_1943,51.509557,-0.127498,4,satellite_51.509845_-0.128034.png,344.1,-398.5,False,526.5045678814192
pano_1944,51.509543,-0.127516,1,satellite_51.509311_-0.127175.png,-277.2,253.5,True,375.6355813817429
pano_1944,51.509543,-0.127516,2,satellite_51.509845_-0.127175.png,360.8,253.5,False,440.9522536511181
pano_1944,51.509543,-0.127516,3,satellite_51.509311_-0.128034.png,-277.2,-385.1,False,474.4911484948903
pano_1944,51.509543,-0.127516,4,satellite_51.509845_-0.128034.png,360.8,-385.1,False,527.7107635817182
pano_1945,51.509538,-0.127522,1,satellite_51.509311_-0.127175.png,-271.2,258.0,True,374.317298558322
pano_1945,51.509538,-0.127522,2,satellite_51.509845_-0.127175.png,366.7,258.0,False,448.366914479648
pano_1945,51.509538,-0.127522,3,satellite_51.509311_-0.128034.png,-271.2,-380.7,False,467.42050661048233
pano_1945,51.509538,-0.127522,4,satellite_51.509845_-0.128034.png,366.7,-380.7,False,528.5843168312884
pano_1946,51.509264,-0.12735,1,satellite_51.509311_-0.127175.png,56.1,130.1,True,141.67999153020867
pano_1946,51.509264,-0.12735,2,satellite_51.509311_-0.128034.png,56.1,-508.6,False,511.68463920661134
pano_1946,51.509264,-0.12735,3,satellite_51.508776_-0.127175.png,-583.0,130.1,False,597.339945089896
pano_1946,51.509264,-0.12735,4,satellite_51.509845_-0.127175.png,694.1,130.1,False,706.1875246703244
pano_1947,51.50928,-0.127206,1,satellite_51.509311_-0.127175.png,37.0,23.0,True,43.56604182158393
pano_1947,51.50928,-0.127206,2,satellite_51.508776_-0.127175.png,-602.1,23.0,False,602.5391356584234
pano_1947,51.50928,-0.127206,3,satellite_51.509311_-0.128034.png,37.0,-615.6,False,616.710920934598
pano_1947,51.50928,-0.127206,4,satellite_51.509311_-0.126317.png,37.0,661.0,False,662.0347422907653
pano_1948,51.509288,-0.127107,1,satellite_51.509311_-0.127175.png,27.5,-50.6,True,57.59001649591707
pano_1948,51.509288,-0.127107,2,satellite_51.509311_-0.126317.png,27.5,587.4,False,588.0433742505734
pano_1948,51.509288,-0.127107,3,satellite_51.508776_-0.127175.png,-611.6,-50.6,False,613.6895958055669
pano_1948,51.509288,-0.127107,4,satellite_51.509845_-0.127175.png,665.4,-50.6,False,667.3211520699759
pano_1949,51.509515,-0.126847,1,satellite_51.509311_-0.127175.png,-243.7,-243.9,True,344.7852955101189
pano_1949,51.509515,-0.126847,2,satellite_51.509311_-0.126317.png,-243.7,394.1,False,463.36216936646866
pano_1949,51.509515,-0.126847,3,satellite_51.509845_-0.127175.png,394.2,-243.9,False,463.55242421974236
pano_1949,51.509515,-0.126847,4,satellite_51.509845_-0.126317.png,394.2,394.1,False,557.4122800943661
pano_195,51.506399,-0.125423,1,satellite_51.506640_-0.125459.png,287.9,-26.8,True,289.14468696484806
pano_195,51.506399,-0.125423,2,satellite_51.506105_-0.125459.png,-351.2,-26.8,False,352.2210669451786
pano_195,51.506399,-0.125423,3,satellite_51.506640_-0.124600.png,287.9,611.9,False,676.2455323327467
pano_195,51.506399,-0.125423,4,satellite_51.506105_-0.124600.png,-351.2,611.9,False,705.5232455419169
pano_1950,51.509544,-0.126876,1,satellite_51.509311_-0.127175.png,-278.3,-222.3,True,356.18559768749776
pano_1950,51.509544,-0.126876,2,satellite_51.509845_-0.127175.png,359.6,-222.3,False,422.7640594941817
pano_1950,51.509544,-0.126876,3,satellite_51.509311_-0.126317.png,-278.3,415.6,False,500.17421964751446
pano_1950,51.509544,-0.126876,4,satellite_51.509845_-0.126317.png,359.6,415.6,False,549.5775832400736
pano_1951,51.509554,-0.126903,1,satellite_51.509311_-0.127175.png,-290.3,-202.2,True,353.7780801576039
pano_1951,51.509554,-0.126903,2,satellite_51.509845_-0.127175.png,347.6,-202.2,False,402.13256520704715
pano_1951,51.509554,-0.126903,3,satellite_51.509311_-0.126317.png,-290.3,435.7,False,523.5537985727923
pano_1951,51.509554,-0.126903,4,satellite_51.509845_-0.126317.png,347.6,435.7,False,557.3690429150151
pano_1952,51.509625,-0.126831,1,satellite_51.509845_-0.127175.png,262.8,-255.8,True,366.7389807478883
pano_1952,51.509625,-0.126831,2,satellite_51.509311_-0.127175.png,-375.1,-255.8,False,454.01943790987633
pano_1952,51.509625,-0.126831,3,satellite_51.509845_-0.126317.png,262.8,382.2,False,463.83259911308517
pano_1952,51.509625,-0.126831,4,satellite_51.509311_-0.126317.png,-375.1,382.2,False,535.5154993088436
pano_1953,51.509559,-0.126962,1,satellite_51.509311_-0.127175.png,-296.3,-158.4,True,335.9825144259743
pano_1953,51.509559,-0.126962,2,satellite_51.509845_-0.127175.png,341.7,-158.4,False,376.629061544645
pano_1953,51.509559,-0.126962,3,satellite_51.509311_-0.126317.png,-296.3,479.6,False,563.7462638457127
pano_1953,51.509559,-0.126962,4,satellite_51.509845_-0.126317.png,341.7,479.6,False,588.8760905317858
pano_1954,51.509557,-0.126937,1,satellite_51.509311_-0.127175.png,-293.9,-177.0,True,343.08338636547234
pano_1954,51.509557,-0.126937,2,satellite_51.509845_-0.127175.png,344.1,-177.0,False,386.9545322127653
pano_1954,51.509557,-0.126937,3,satellite_51.509311_-0.126317.png,-293.9,461.0,False,546.71584026805
pano_1954,51.509557,-0.126937,4,satellite_51.509845_-0.126317.png,344.1,461.0,False,575.2615144436485
pano_1955,51.509431,-0.127134,1,satellite_51.509311_-0.127175.png,-143.4,-30.5,True,146.60767374186113
pano_1955,51.509431,-0.127134,2,satellite_51.509845_-0.127175.png,494.6,-30.5,False,495.5395140652257
pano_1955,51.509431,-0.127134,3,satellite_51.509311_-0.126317.png,-143.4,607.5,False,624.1953300049593
pano_1955,51.509431,-0.127134,4,satellite_51.509311_-0.128034.png,-143.4,-669.2,False,684.3918468246097
pano_1956,51.509118,-0.126948,1,satellite_51.509311_-0.127175.png,230.6,-168.8,True,285.7792854634499
pano_1956,51.509118,-0.126948,2,satellite_51.508776_-0.127175.png,-408.6,-168.8,False,442.09433382480717
pano_1956,51.509118,-0.126948,3,satellite_51.509311_-0.126317.png,230.6,469.2,False,522.8049349422785
pano_1956,51.509118,-0.126948,4,satellite_51.508776_-0.126317.png,-408.6,469.2,False,622.1756986575416
pano_1957,51.509068,-0.126954,1,satellite_51.509311_-0.127175.png,290.3,-164.3,True,333.56945303789433
pano_1957,51.509068,-0.126954,2,satellite_51.508776_-0.127175.png,-348.8,-164.3,False,385.5592431780102
pano_1957,51.509068,-0.126954,3,satellite_51.509311_-0.126317.png,290.3,473.6,False,555.4917191101953
pano_1957,51.509068,-0.126954,4,satellite_51.508776_-0.126317.png,-348.8,473.6,False,588.1822846703222
pano_1958,51.509427,-0.126905,1,satellite_51.509311_-0.127175.png,-138.6,-200.7,True,243.90664197598227
pano_1958,51.509427,-0.126905,2,satellite_51.509311_-0.126317.png,-138.6,437.2,False,458.64343448914644
pano_1958,51.509427,-0.126905,3,satellite_51.509845_-0.127175.png,499.4,-200.7,False,538.2200758054273
pano_1958,51.509427,-0.126905,4,satellite_51.509845_-0.126317.png,499.4,437.2,False,663.7350374961381
pano_1959,51.508378,-0.13182,1,satellite_51.508242_-0.131467.png,-162.5,262.5,True,308.7272258807117
pano_1959,51.508378,-0.13182,2,satellite_51.508242_-0.132325.png,-162.5,-375.5,False,409.1533942178654
pano_1959,51.508378,-0.13182,3,satellite_51.508776_-0.131467.png,475.4,262.5,False,543.0574647309435
pano_1959,51.508378,-0.13182,4,satellite_51.508776_-0.132325.png,475.4,-375.5,False,605.8097143493161
pano_196,51.506062,-0.126703,1,satellite_51.506105_-0.126317.png,51.4,287.0,True,291.56639038133324
pano_196,51.506062,-0.126703,2,satellite_51.506105_-0.127175.png,51.4,-350.9,False,354.6445685471582
pano_196,51.506062,-0.126703,3,satellite_51.505571_-0.126317.png,-586.5,287.0,False,652.9557795134369
pano_196,51.506062,-0.126703,4,satellite_51.505571_-0.127175.png,-586.5,-350.9,False,683.4566994331096
pano_1960,51.509756,-0.131042,1,satellite_51.509845_-0.131467.png,106.3,-316.0,True,333.4001949609508
pano_1960,51.509756,-0.131042,2,satellite_51.509845_-0.130608.png,106.3,322.7,False,339.7572368618511
pano_1960,51.509756,-0.131042,3,satellite_51.509311_-0.131467.png,-531.6,-316.0,False,618.4291066888751
pano_1960,51.509756,-0.131042,4,satellite_51.509311_-0.130608.png,-531.6,322.7,False,621.8792889299338
pano_1961,51.509188,-0.1312,1,satellite_51.509311_-0.131467.png,146.9,-198.5,True,246.9450546174189
pano_1961,51.509188,-0.1312,2,satellite_51.509311_-0.130608.png,146.9,440.2,False,464.06427356563444
pano_1961,51.509188,-0.1312,3,satellite_51.508776_-0.131467.png,-492.2,-198.5,False,530.7194079737427
pano_1961,51.509188,-0.1312,4,satellite_51.508776_-0.130608.png,-492.2,440.2,False,660.3308867529975
pano_1962,51.509161,-0.131268,1,satellite_51.509311_-0.131467.png,179.2,-148.0,True,232.41480159404648
pano_1962,51.509161,-0.131268,2,satellite_51.508776_-0.131467.png,-459.9,-148.0,False,483.12732276285095
pano_1962,51.509161,-0.131268,3,satellite_51.509311_-0.130608.png,179.2,490.7,False,522.3974827657576
pano_1962,51.509161,-0.131268,4,satellite_51.508776_-0.130608.png,-459.9,490.7,False,672.5284380604288
pano_1963,51.509398,-0.130635,1,satellite_51.509311_-0.130608.png,-103.9,20.1,True,105.8263672248084
pano_1963,51.509398,-0.130635,2,satellite_51.509845_-0.130608.png,534.0,20.1,False,534.3781526222792
pano_1963,51.509398,-0.130635,3,satellite_51.509311_-0.131467.png,-103.9,-618.6,False,627.2648324272611
pano_1963,51.509398,-0.130635,4,satellite_51.509311_-0.129750.png,-103.9,658.0,False,666.1525425906592
pano_1964,51.509373,-0.130728,1,satellite_51.509311_-0.130608.png,-74.1,89.2,True,115.9631406956538
pano_1964,51.509373,-0.130728,2,satellite_51.509311_-0.131467.png,-74.1,-549.5,False,554.4736783653485
pano_1964,51.509373,-0.130728,3,satellite_51.509845_-0.130608.png,563.9,89.2,False,570.9114204497927
pano_1964,51.509373,-0.130728,4,satellite_51.508776_-0.130608.png,-713.2,89.2,False,718.7564817099044
pano_1965,51.509341,-0.130663,1,satellite_51.509311_-0.130608.png,-35.8,40.9,True,54.3548525892583
pano_1965,51.509341,-0.130663,2,satellite_51.509311_-0.131467.png,-35.8,-597.8,False,598.8710044742523
pano_1965,51.509341,-0.130663,3,satellite_51.509845_-0.130608.png,602.1,40.9,False,603.4875475103029
pano_1965,51.509341,-0.130663,4,satellite_51.508776_-0.130608.png,-675.0,40.9,False,676.2379832573737
pano_1966,51.509144,-0.131147,1,satellite_51.509311_-0.131467.png,199.5,-237.9,True,310.4781151707798
pano_1966,51.509144,-0.131147,2,satellite_51.509311_-0.130608.png,199.5,400.8,False,447.70625414438877
pano_1966,51.509144,-0.131147,3,satellite_51.508776_-0.131467.png,-439.6,-237.9,False,499.8445458340023
pano_1966,51.509144,-0.131147,4,satellite_51.508776_-0.130608.png,-439.6,400.8,False,594.885535208245
pano_1967,51.509352,-0.130776,1,satellite_51.509311_-0.130608.png,-49.0,124.9,True,134.16784264494976
pano_1967,51.509352,-0.130776,2,satellite_51.509311_-0.131467.png,-49.0,-513.8,False,516.1312236243801
pano_1967,51.509352,-0.130776,3,satellite_51.509845_-0.130608.png,588.9,124.9,False,601.9993521591198
pano_1967,51.509352,-0.130776,4,satellite_51.508776_-0.130608.png,-688.1,124.9,False,699.3437066278641
pano_1968,51.509419,-0.130639,1,satellite_51.509311_-0.130608.png,-129.0,23.0,True,131.03434664239754
pano_1968,51.509419,-0.130639,2,satellite_51.509845_-0.130608.png,508.9,23.0,False,509.4194833337256
pano_1968,51.509419,-0.130639,3,satellite_51.509311_-0.131467.png,-129.0,-615.6,False,628.9708737294598
pano_1968,51.509419,-0.130639,4,satellite_51.509311_-0.129750.png,-129.0,661.0,False,673.4701181195792
pano_1969,51.509388,-0.130618,1,satellite_51.509311_-0.130608.png,-92.0,7.4,True,92.29712888275562
pano_1969,51.509388,-0.130618,2,satellite_51.509845_-0.130608.png,545.9,7.4,False,545.9501534023046
pano_1969,51.509388,-0.130618,3,satellite_51.509311_-0.131467.png,-92.0,-631.2,False,637.8694537285824
pano_1969,51.509388,-0.130618,4,satellite_51.509311_-0.129750.png,-92.0,645.4,False,651.924198047595
pano_197,51.506009,-0.126897,1,satellite_51.506105_-0.127175.png,114.7,-206.7,True,236.3915819144159
pano_197,51.506009,-0.126897,2,satellite_51.506105_-0.126317.png,114.7,431.2,False,446.1944979490446
pano_197,51.506009,-0.126897,3,satellite_51.505571_-0.127175.png,-523.2,-206.7,False,562.5505577279255
pano_197,51.506009,-0.126897,4,satellite_51.505571_-0.126317.png,-523.2,431.2,False,677.990914393401
pano_1970,51.509386,-0.130681,1,satellite_51.509311_-0.130608.png,-89.6,54.3,True,104.7695089231595
pano_1970,51.509386,-0.130681,2,satellite_51.509845_-0.130608.png,548.3,54.3,False,550.9821957196076
pano_1970,51.509386,-0.130681,3,satellite_51.509311_-0.131467.png,-89.6,-584.4,False,591.2288220308614
pano_1970,51.509386,-0.130681,4,satellite_51.509311_-0.129750.png,-89.6,692.2,False,697.974927916469
pano_1971,51.509704,-0.126932,1,satellite_51.509845_-0.127175.png,168.4,-180.7,True,247.00414976271148
pano_1971,51.509704,-0.126932,2,satellite_51.509845_-0.126317.png,168.4,457.3,False,487.3210953775755
pano_1971,51.509704,-0.126932,3,satellite_51.509311_-0.127175.png,-469.5,-180.7,False,503.0732948587114
pano_1971,51.509704,-0.126932,4,satellite_51.509311_-0.126317.png,-469.5,457.3,False,655.4033414623395
pano_1972,51.507517,-0.129776,1,satellite_51.507708_-0.129750.png,228.2,19.3,True,229.01469385172646
pano_1972,51.507517,-0.129776,2,satellite_51.507174_-0.129750.png,-409.7,19.3,False,410.1543368050617
pano_1972,51.507517,-0.129776,3,satellite_51.507708_-0.130608.png,228.2,-618.6,False,659.3490729499815
pano_1972,51.507517,-0.129776,4,satellite_51.507708_-0.128892.png,228.2,657.3,False,695.786267470119
pano_1973,51.508833,-0.130205,1,satellite_51.508776_-0.130608.png,-68.1,-299.6,True,307.24220087741855
pano_1973,51.508833,-0.130205,2,satellite_51.508776_-0.129750.png,-68.1,338.3,False,345.08622111002927
pano_1973,51.508833,-0.130205,3,satellite_51.509311_-0.130608.png,571.0,-299.6,False,644.8264572735831
pano_1973,51.508833,-0.130205,4,satellite_51.509311_-0.129750.png,571.0,338.3,False,663.692617105238
pano_1976,51.508853,-0.131121,1,satellite_51.508776_-0.131467.png,-92.0,-257.3,True,273.25316100641913
pano_1976,51.508853,-0.131121,2,satellite_51.508776_-0.130608.png,-92.0,381.4,False,392.33908803482734
pano_1976,51.508853,-0.131121,3,satellite_51.509311_-0.131467.png,547.1,-257.3,False,604.5839065009918
pano_1976,51.508853,-0.131121,4,satellite_51.509311_-0.130608.png,547.1,381.4,False,666.9215621045702
pano_1977,51.508864,-0.13111,1,satellite_51.508776_-0.131467.png,-105.1,-265.4,True,285.4525704911413
pano_1977,51.508864,-0.13111,2,satellite_51.508776_-0.130608.png,-105.1,373.2,False,387.71671359383
pano_1977,51.508864,-0.13111,3,satellite_51.509311_-0.131467.png,534.0,-265.4,False,596.3163254515174
pano_1977,51.508864,-0.13111,4,satellite_51.509311_-0.130608.png,534.0,373.2,False,651.4861779040289
pano_1978,51.508885,-0.13104,1,satellite_51.508776_-0.131467.png,-130.2,-317.5,True,343.15927788710593
pano_1978,51.508885,-0.13104,2,satellite_51.508776_-0.130608.png,-130.2,321.2,False,346.585458437021
pano_1978,51.508885,-0.13104,3,satellite_51.509311_-0.131467.png,508.9,-317.5,False,599.8211900224933
pano_1978,51.508885,-0.13104,4,satellite_51.509311_-0.130608.png,508.9,321.2,False,601.787877910481
pano_1979,51.508884,-0.131021,1,satellite_51.508776_-0.130608.png,-129.0,307.1,True,333.0936955272495
pano_1979,51.508884,-0.131021,2,satellite_51.508776_-0.131467.png,-129.0,-331.6,False,355.8083191832367
pano_1979,51.508884,-0.131021,3,satellite_51.509311_-0.130608.png,510.1,307.1,False,595.4094557529297
pano_1979,51.508884,-0.131021,4,satellite_51.509311_-0.131467.png,510.1,-331.6,False,608.4082264401098
pano_198,51.507761,-0.131168,1,satellite_51.507708_-0.131467.png,-63.3,-222.3,True,231.13671279136943
pano_198,51.507761,-0.131168,2,satellite_51.507708_-0.130608.png,-63.3,416.4,False,421.18386721240876
pano_198,51.507761,-0.131168,3,satellite_51.508242_-0.131467.png,574.6,-222.3,False,616.1026294376612
pano_198,51.507761,-0.131168,4,satellite_51.508242_-0.130608.png,574.6,416.4,False,709.6154733374971
pano_1980,51.508477,-0.130109,1,satellite_51.508242_-0.129750.png,-280.7,266.9,True,387.33460986594
pano_1980,51.508477,-0.130109,2,satellite_51.508776_-0.129750.png,357.2,266.9,False,445.9007176491197
pano_1980,51.508477,-0.130109,3,satellite_51.508242_-0.130608.png,-280.7,-371.0,False,465.2241287809565
pano_1980,51.508477,-0.130109,4,satellite_51.508776_-0.130608.png,357.2,-371.0,False,515.0076115942366
pano_1981,51.507854,-0.125585,1,satellite_51.507708_-0.125459.png,-174.4,93.7,True,197.97739769983846
pano_1981,51.507854,-0.125585,2,satellite_51.508242_-0.125459.png,463.5,93.7,False,472.8762417377299
pano_1981,51.507854,-0.125585,3,satellite_51.507708_-0.126317.png,-174.4,-544.3,False,571.5573899443519
pano_1981,51.507854,-0.125585,4,satellite_51.508242_-0.126317.png,463.5,-544.3,False,714.9089032876846
pano_1982,51.506598,-0.131113,1,satellite_51.506640_-0.131467.png,50.2,-263.2,True,267.9445465016969
pano_1982,51.506598,-0.131113,2,satellite_51.506640_-0.130608.png,50.2,375.5,False,378.8407185084518
pano_1982,51.506598,-0.131113,3,satellite_51.506105_-0.131467.png,-588.9,-263.2,False,645.0406576332998
pano_1982,51.506598,-0.131113,4,satellite_51.506105_-0.130608.png,-588.9,375.5,False,698.4292806004055
pano_1983,51.506759,-0.130648,1,satellite_51.506640_-0.130608.png,-142.2,29.7,True,145.26847558916558
pano_1983,51.506759,-0.130648,2,satellite_51.507174_-0.130608.png,495.7,29.7,False,496.58894470175227
pano_1983,51.506759,-0.130648,3,satellite_51.506640_-0.131467.png,-142.2,-608.9,False,625.2839754863385
pano_1983,51.506759,-0.130648,4,satellite_51.506640_-0.129750.png,-142.2,667.7,False,682.674248818571
pano_1984,51.506791,-0.130553,1,satellite_51.506640_-0.130608.png,-180.4,-40.9,True,184.97829602415524
pano_1984,51.506791,-0.130553,2,satellite_51.507174_-0.130608.png,457.5,-40.9,False,459.32456934067875
pano_1984,51.506791,-0.130553,3,satellite_51.506640_-0.129750.png,-180.4,597.0,False,623.6610938642877
pano_1984,51.506791,-0.130553,4,satellite_51.506640_-0.131467.png,-180.4,-679.6,False,703.1360608018906
pano_1985,51.506901,-0.130238,1,satellite_51.506640_-0.130608.png,-311.8,-275.1,True,415.8115558759761
pano_1985,51.506901,-0.130238,2,satellite_51.507174_-0.130608.png,326.1,-275.1,False,426.6394496527484
pano_1985,51.506901,-0.130238,3,satellite_51.506640_-0.129750.png,-311.8,362.8,False,478.3754592367798
pano_1985,51.506901,-0.130238,4,satellite_51.507174_-0.129750.png,326.1,362.8,False,487.81661513318716
pano_1986,51.506992,-0.124818,1,satellite_51.507174_-0.124600.png,217.4,162.1,True,271.181064973202
pano_1986,51.506992,-0.124818,2,satellite_51.506640_-0.124600.png,-420.5,162.1,False,450.6624679291587
pano_1986,51.506992,-0.124818,3,satellite_51.507174_-0.125459.png,217.4,-476.6,False,523.8418845415093
pano_1986,51.506992,-0.124818,4,satellite_51.506640_-0.125459.png,-420.5,-476.6,False,635.5846206446471
pano_1987,51.506838,-0.12382,1,satellite_51.506640_-0.123742.png,-236.5,58.0,True,243.50821341383948
pano_1987,51.506838,-0.12382,2,satellite_51.507174_-0.123742.png,401.4,58.0,False,405.56868715422297
pano_1987,51.506838,-0.12382,3,satellite_51.506640_-0.124600.png,-236.5,-579.9,False,626.2717141944062
pano_1987,51.506838,-0.12382,4,satellite_51.507174_-0.124600.png,401.4,-579.9,False,705.2701397337052
pano_1988,51.506285,-0.129281,1,satellite_51.506105_-0.128892.png,-215.0,289.2,True,360.3632056689473
pano_1988,51.506285,-0.129281,2,satellite_51.506105_-0.129750.png,-215.0,-348.7,False,409.65435430372276
pano_1988,51.506285,-0.129281,3,satellite_51.506640_-0.128892.png,424.1,289.2,False,513.3200268838144
pano_1988,51.506285,-0.129281,4,satellite_51.506640_-0.129750.png,424.1,-348.7,False,549.0469014574256
pano_1989,51.506393,-0.129172,1,satellite_51.506640_-0.128892.png,295.1,208.2,True,361.1526685489116
pano_1989,51.506393,-0.129172,2,satellite_51.506105_-0.128892.png,-344.0,208.2,False,402.0985451353934
pano_1989,51.506393,-0.129172,3,satellite_51.506640_-0.129750.png,295.1,-429.8,False,521.3559724410952
pano_1989,51.506393,-0.129172,4,satellite_51.506105_-0.129750.png,-344.0,-429.8,False,550.5125248348124
pano_199,51.5074,-0.130465,1,satellite_51.507174_-0.130608.png,-270.0,-106.3,True,290.17182840517097
pano_199,51.5074,-0.130465,2,satellite_51.507708_-0.130608.png,367.9,-106.3,False,382.94921334297055
pano_199,51.5074,-0.130465,3,satellite_51.507174_-0.129750.png,-270.0,531.6,False,596.2369998582778
pano_199,51.5074,-0.130465,4,satellite_51.507708_-0.129750.png,367.9,531.6,False,646.4897292300938
pano_1990,51.506355,-0.128788,1,satellite_51.506105_-0.128892.png,-298.6,-77.3,True,308.44326868972195
pano_1990,51.506355,-0.128788,2,satellite_51.506640_-0.128892.png,340.4,-77.3,False,349.06654093453295
pano_1990,51.506355,-0.128788,3,satellite_51.506105_-0.128034.png,-298.6,560.6,False,635.1647975132123
pano_1990,51.506355,-0.128788,4,satellite_51.506640_-0.128034.png,340.4,560.6,False,655.8540386396961
pano_1991,51.506414,-0.128013,1,satellite_51.506640_-0.128034.png,270.0,-15.6,True,270.45029118120766
pano_1991,51.506414,-0.128013,2,satellite_51.506105_-0.128034.png,-369.1,-15.6,False,369.4295196651183
pano_1991,51.506414,-0.128013,3,satellite_51.506640_-0.127175.png,270.0,623.1,False,679.0829183538635
pano_1991,51.506414,-0.128013,4,satellite_51.506640_-0.128892.png,270.0,-653.5,False,707.080087401703
pano_1992,51.507676,-0.12581,1,satellite_51.507708_-0.125459.png,38.2,261.0,True,263.780666463636
pano_1992,51.507676,-0.12581,2,satellite_51.507708_-0.126317.png,38.2,-377.0,False,378.93038938570237
pano_1992,51.507676,-0.12581,3,satellite_51.507174_-0.125459.png,-599.7,261.0,False,654.0344715685864
pano_1992,51.507676,-0.12581,4,satellite_51.507174_-0.126317.png,-599.7,-377.0,False,708.3566121664991
pano_1993,51.507685,-0.125797,1,satellite_51.507708_-0.125459.png,27.5,251.3,True,252.80019778473277
pano_1993,51.507685,-0.125797,2,satellite_51.507708_-0.126317.png,27.5,-386.6,False,387.57684399354923
pano_1993,51.507685,-0.125797,3,satellite_51.507174_-0.125459.png,-610.4,251.3,False,660.1059384674554
pano_1993,51.507685,-0.125797,4,satellite_51.508242_-0.125459.png,665.4,251.3,False,711.2726973531319
pano_1994,51.508849,-0.124204,1,satellite_51.508776_-0.124600.png,-87.2,-294.4,True,307.0426680446872
pano_1994,51.508849,-0.124204,2,satellite_51.508776_-0.123742.png,-87.2,343.5,False,354.3953865388205
pano_1994,51.508849,-0.124204,3,satellite_51.509311_-0.124600.png,551.9,-294.4,False,625.5117664760592
pano_1994,51.508849,-0.124204,4,satellite_51.509311_-0.123742.png,551.9,343.5,False,650.0660427987298
pano_1995,51.50814,-0.126112,1,satellite_51.508242_-0.126317.png,121.8,-152.4,True,195.0922858546693
pano_1995,51.50814,-0.126112,2,satellite_51.508242_-0.125459.png,121.8,485.5,False,500.54519276484916
pano_1995,51.50814,-0.126112,3,satellite_51.507708_-0.126317.png,-516.1,-152.4,False,538.1309970629828
pano_1995,51.50814,-0.126112,4,satellite_51.507708_-0.125459.png,-516.1,485.5,False,708.5685993607111
pano_1996,51.508639,-0.124687,1,satellite_51.508776_-0.124600.png,163.7,64.7,True,176.02210088508772
pano_1996,51.508639,-0.124687,2,satellite_51.508242_-0.124600.png,-474.3,64.7,False,478.69257357932764
pano_1996,51.508639,-0.124687,3,satellite_51.508776_-0.125459.png,163.7,-574.0,False,596.8866642839325
pano_1996,51.508639,-0.124687,4,satellite_51.508776_-0.123742.png,163.7,702.6,False,721.4183598994415
pano_1997,51.508688,-0.124772,1,satellite_51.508776_-0.124600.png,105.1,127.9,True,165.54280413234517
pano_1997,51.508688,-0.124772,2,satellite_51.508776_-0.125459.png,105.1,-510.8,False,521.5003835089674
pano_1997,51.508688,-0.124772,3,satellite_51.508242_-0.124600.png,-532.8,127.9,False,547.9363557932618
pano_1997,51.508688,-0.124772,4,satellite_51.508242_-0.125459.png,-532.8,-510.8,False,738.1005893508011
pano_1998,51.508656,-0.125104,1,satellite_51.508776_-0.125459.png,143.4,-263.9,True,300.34441895930075
pano_1998,51.508656,-0.125104,2,satellite_51.508776_-0.124600.png,143.4,374.7,False,401.20275422783425
pano_1998,51.508656,-0.125104,3,satellite_51.508242_-0.125459.png,-494.6,-263.9,False,560.6000089190153
pano_1998,51.508656,-0.125104,4,satellite_51.508242_-0.124600.png,-494.6,374.7,False,620.5072521735746
pano_1999,51.508584,-0.124988,1,satellite_51.508776_-0.124600.png,229.4,288.5,True,368.5873166564471
pano_1999,51.508584,-0.124988,2,satellite_51.508776_-0.125459.png,229.4,-350.2,False,418.64591243675125
pano_1999,51.508584,-0.124988,3,satellite_51.508242_-0.124600.png,-408.6,288.5,False,500.1861753387433
pano_1999,51.508584,-0.124988,4,satellite_51.508242_-0.125459.png,-408.6,-350.2,False,538.1393871479768
pano_2,51.5072,-0.12757,1,satellite_51.507174_-0.127175.png,-31.1,293.7,True,295.342005139804
pano_2,51.5072,-0.12757,2,satellite_51.507174_-0.128034.png,-31.1,-345.0,False,346.398917434798
pano_2,51.5072,-0.12757,3,satellite_51.507708_-0.127175.png,606.8,293.7,False,674.1408829020829
pano_2,51.5072,-0.12757,4,satellite_51.507708_-0.128034.png,606.8,-345.0,False,698.0195126212446
pano_20,51.509866,-0.128042,1,satellite_51.509845_-0.128034.png,-25.1,5.9,True,25.784103629949986
pano_20,51.509866,-0.128042,2,satellite_51.510379_-0.128034.png,612.8,5.9,False,612.8284017569681
pano_20,51.509866,-0.128042,3,satellite_51.509845_-0.128892.png,-25.1,-632.0,False,632.4982292465331
pano_20,51.509866,-0.128042,4,satellite_51.509845_-0.127175.png,-25.1,644.6,False,645.0884978047586
pano_200,51.508474,-0.130057,1,satellite_51.508242_-0.129750.png,-277.1,228.3,True,359.033842416004
pano_200,51.508474,-0.130057,2,satellite_51.508776_-0.129750.png,360.8,228.3,False,426.96314829268346
pano_200,51.508474,-0.130057,3,satellite_51.508242_-0.130608.png,-277.1,-409.7,False,494.6094418831893
pano_200,51.508474,-0.130057,4,satellite_51.508776_-0.130608.png,360.8,-409.7,False,545.9219083348827
pano_2000,51.508693,-0.124894,1,satellite_51.508776_-0.124600.png,99.2,218.6,True,240.0554102702124
pano_2000,51.508693,-0.124894,2,satellite_51.508776_-0.125459.png,99.2,-420.1,False,431.65339104424976
pano_2000,51.508693,-0.124894,3,satellite_51.508242_-0.124600.png,-538.8,218.6,False,581.4562752262632
pano_2000,51.508693,-0.124894,4,satellite_51.508242_-0.125459.png,-538.8,-420.1,False,683.2199133514772
pano_2001,51.508647,-0.124943,1,satellite_51.508776_-0.124600.png,154.1,255.0,True,297.94598503755674
pano_2001,51.508647,-0.124943,2,satellite_51.508776_-0.125459.png,154.1,-383.7,False,413.4882102309569
pano_2001,51.508647,-0.124943,3,satellite_51.508242_-0.124600.png,-483.8,255.0,False,546.8888735383085
pano_2001,51.508647,-0.124943,4,satellite_51.508242_-0.125459.png,-483.8,-383.7,False,617.4853277609112
pano_2002,51.50866,-0.124924,1,satellite_51.508776_-0.124600.png,138.6,240.9,True,277.92583543096526
pano_2002,51.50866,-0.124924,2,satellite_51.508776_-0.125459.png,138.6,-397.8,False,421.25384271244343
pano_2002,51.50866,-0.124924,3,satellite_51.508242_-0.124600.png,-499.3,240.9,False,554.3764966157927
pano_2002,51.50866,-0.124924,4,satellite_51.508242_-0.125459.png,-499.3,-397.8,False,638.3927709490451
pano_2003,51.507738,-0.126127,1,satellite_51.507708_-0.126317.png,-35.8,-141.3,True,145.76463905899814
pano_2003,51.507738,-0.126127,2,satellite_51.507708_-0.125459.png,-35.8,496.7,False,497.98848380258755
pano_2003,51.507738,-0.126127,3,satellite_51.508242_-0.126317.png,602.1,-141.3,False,618.4578401152337
pano_2003,51.507738,-0.126127,4,satellite_51.507174_-0.126317.png,-673.7,-141.3,False,688.3584676605642
pano_2004,51.507978,-0.125285,1,satellite_51.508242_-0.125459.png,315.4,-129.4,True,340.9127747679749
pano_2004,51.507978,-0.125285,2,satellite_51.507708_-0.125459.png,-322.5,-129.4,False,347.49188479732874
pano_2004,51.507978,-0.125285,3,satellite_51.508242_-0.124600.png,315.4,509.3,False,599.0522932098667
pano_2004,51.507978,-0.125285,4,satellite_51.507708_-0.124600.png,-322.5,509.3,False,602.8206532626433
pano_2005,51.50797,-0.125248,1,satellite_51.507708_-0.125459.png,-313.0,-156.9,True,350.1237067095
pano_2005,51.50797,-0.125248,2,satellite_51.508242_-0.125459.png,324.9,-156.9,False,360.8013580905704
pano_2005,51.50797,-0.125248,3,satellite_51.507708_-0.124600.png,-313.0,481.8,False,574.5435057504349
pano_2005,51.50797,-0.125248,4,satellite_51.508242_-0.124600.png,324.9,481.8,False,581.1120804113438
pano_2006,51.507983,-0.125338,1,satellite_51.508242_-0.125459.png,309.4,-90.0,True,322.22408351952834
pano_2006,51.507983,-0.125338,2,satellite_51.507708_-0.125459.png,-328.5,-90.0,False,340.6057104629927
pano_2006,51.507983,-0.125338,3,satellite_51.508242_-0.124600.png,309.4,548.7,False,629.9206696084833
pano_2006,51.507983,-0.125338,4,satellite_51.507708_-0.124600.png,-328.5,548.7,False,639.5185220148046
pano_2007,51.508286,-0.124707,1,satellite_51.508242_-0.124600.png,-52.6,79.6,True,95.40922387274722
pano_2007,51.508286,-0.124707,2,satellite_51.508242_-0.125459.png,-52.6,-559.1,False,561.5688470704193
pano_2007,51.508286,-0.124707,3,satellite_51.508776_-0.124600.png,585.3,79.6,False,590.6879463811666
pano_2007,51.508286,-0.124707,4,satellite_51.507708_-0.124600.png,-690.5,79.6,False,695.072953005654
pano_2008,51.508289,-0.125143,1,satellite_51.508242_-0.125459.png,-56.1,-235.0,True,241.60341471096802
pano_2008,51.508289,-0.125143,2,satellite_51.508242_-0.124600.png,-56.1,403.7,False,407.57931743404254
pano_2008,51.508289,-0.125143,3,satellite_51.508776_-0.125459.png,581.8,-235.0,False,627.4681187120186
pano_2008,51.508289,-0.125143,4,satellite_51.508776_-0.124600.png,581.8,403.7,False,708.1418855003565
pano_2009,51.508488,-0.124929,1,satellite_51.508242_-0.124600.png,-293.9,244.6,True,382.3694156179335
pano_2009,51.508488,-0.124929,2,satellite_51.508776_-0.124600.png,344.0,244.6,False,422.0961501838177
pano_2009,51.508488,-0.124929,3,satellite_51.508242_-0.125459.png,-293.9,-394.1,False,491.62182620384135
pano_2009,51.508488,-0.124929,4,satellite_51.508776_-0.125459.png,344.0,-394.1,False,523.1164401928122
pano_201,51.507537,-0.130038,1,satellite_51.507708_-0.129750.png,204.3,214.1,True,295.93462115811997
pano_201,51.507537,-0.130038,2,satellite_51.507708_-0.130608.png,204.3,-423.8,False,470.47309168538004
pano_201,51.507537,-0.130038,3,satellite_51.507174_-0.129750.png,-433.6,214.1,False,483.5780909015627
pano_201,51.507537,-0.130038,4,satellite_51.507174_-0.130608.png,-433.6,-423.8,False,606.3129554941079
pano_2010,51.507932,-0.12518,1,satellite_51.507708_-0.125459.png,-267.6,-207.4,True,338.56243146574906
pano_2010,51.507932,-0.12518,2,satellite_51.508242_-0.125459.png,370.3,-207.4,False,424.4253173409899
pano_2010,51.507932,-0.12518,3,satellite_51.507708_-0.124600.png,-267.6,431.2,False,507.4871426942756
pano_2010,51.507932,-0.12518,4,satellite_51.508242_-0.124600.png,370.3,431.2,False,568.3797410182738
pano_2011,51.507979,-0.125382,1,satellite_51.508242_-0.125459.png,314.2,-57.3,True,319.38210657455437
pano_2011,51.507979,-0.125382,2,satellite_51.507708_-0.125459.png,-323.7,-57.3,False,328.7323835584197
pano_2011,51.507979,-0.125382,3,satellite_51.508242_-0.124600.png,314.2,581.4,False,660.868822081962
pano_2011,51.507979,-0.125382,4,satellite_51.507708_-0.124600.png,-323.7,581.4,False,665.4379385036594
pano_2012,51.507078,-0.124005,1,satellite_51.507174_-0.123742.png,114.7,195.5,True,226.66349507585028
pano_2012,51.507078,-0.124005,2,satellite_51.507174_-0.124600.png,114.7,-442.4,False,457.0271873751057
pano_2012,51.507078,-0.124005,3,satellite_51.506640_-0.123742.png,-523.2,195.5,False,558.532443104248
pano_2012,51.507078,-0.124005,4,satellite_51.506640_-0.124600.png,-523.2,-442.4,False,685.1685923916829
pano_2013,51.507263,-0.125218,1,satellite_51.507174_-0.125459.png,-106.3,-179.2,True,208.35625740543526
pano_2013,51.507263,-0.125218,2,satellite_51.507174_-0.124600.png,-106.3,459.5,False,471.63538883336565
pano_2013,51.507263,-0.125218,3,satellite_51.507708_-0.125459.png,531.6,-179.2,False,560.9912655291524
pano_2013,51.507263,-0.125218,4,satellite_51.507708_-0.124600.png,531.6,459.5,False,702.6655036359762
pano_2014,51.508334,-0.124279,1,satellite_51.508242_-0.124600.png,-109.9,-238.7,True,262.78451248123434
pano_2014,51.508334,-0.124279,2,satellite_51.508242_-0.123742.png,-109.9,399.3,False,414.14792043423324
pano_2014,51.508334,-0.124279,3,satellite_51.508776_-0.124600.png,528.0,-238.7,False,579.4494714813363
pano_2014,51.508334,-0.124279,4,satellite_51.508776_-0.123742.png,528.0,399.3,False,661.985264186447
pano_2015,51.5075,-0.124845,1,satellite_51.507708_-0.124600.png,248.5,182.2,True,308.13810215551075
pano_2015,51.5075,-0.124845,2,satellite_51.507174_-0.124600.png,-389.4,182.2,False,429.9176665362799
pano_2015,51.5075,-0.124845,3,satellite_51.507708_-0.125459.png,248.5,-456.5,False,519.7542688617382
pano_2015,51.5075,-0.124845,4,satellite_51.507174_-0.125459.png,-389.4,-456.5,False,600.0205079828522
pano_2016,51.507473,-0.124904,1,satellite_51.507708_-0.124600.png,280.7,226.0,True,360.3727098435729
pano_2016,51.507473,-0.124904,2,satellite_51.507174_-0.124600.png,-357.2,226.0,False,422.6911875116395
pano_2016,51.507473,-0.124904,3,satellite_51.507708_-0.125459.png,280.7,-412.7,False,499.1129932189704
pano_2016,51.507473,-0.124904,4,satellite_51.507174_-0.125459.png,-357.2,-412.7,False,545.8141899950934
pano_2017,51.508075,-0.124155,1,satellite_51.508242_-0.123742.png,199.5,307.1,True,366.2112232032219
pano_2017,51.508075,-0.124155,2,satellite_51.508242_-0.124600.png,199.5,-330.9,False,386.38718922862853
pano_2017,51.508075,-0.124155,3,satellite_51.507708_-0.123742.png,-438.4,307.1,False,535.2615902528407
pano_2017,51.508075,-0.124155,4,satellite_51.507708_-0.124600.png,-438.4,-330.9,False,549.2625692690154
pano_2018,51.508068,-0.124193,1,satellite_51.508242_-0.124600.png,207.9,-302.6,True,367.13644602518013
pano_2018,51.508068,-0.124193,2,satellite_51.508242_-0.123742.png,207.9,335.3,False,394.52312986693187
pano_2018,51.508068,-0.124193,3,satellite_51.507708_-0.124600.png,-430.1,-302.6,False,525.8828481705788
pano_2018,51.508068,-0.124193,4,satellite_51.507708_-0.123742.png,-430.1,335.3,False,545.3550219810944
pano_2019,51.508231,-0.125232,1,satellite_51.508242_-0.125459.png,13.1,-168.8,True,169.3075603746035
pano_2019,51.508231,-0.125232,2,satellite_51.508242_-0.124600.png,13.1,469.9,False,470.0825672155903
pano_2019,51.508231,-0.125232,3,satellite_51.507708_-0.125459.png,-624.8,-168.8,False,647.2004944373883
pano_2019,51.508231,-0.125232,4,satellite_51.508776_-0.125459.png,651.1,-168.8,False,672.6251928080006
pano_202,51.507793,-0.130363,1,satellite_51.507708_-0.130608.png,-101.5,-182.2,True,208.5643545767109
pano_202,51.507793,-0.130363,2,satellite_51.507708_-0.129750.png,-101.5,455.8,False,466.9645489756155
pano_202,51.507793,-0.130363,3,satellite_51.508242_-0.130608.png,536.4,-182.2,False,566.4996028242208
pano_202,51.507793,-0.130363,4,satellite_51.508242_-0.129750.png,536.4,455.8,False,703.902408008383
pano_2020,51.508204,-0.124558,1,satellite_51.508242_-0.124600.png,45.4,-31.2,True,55.08720359575352
pano_2020,51.508204,-0.124558,2,satellite_51.507708_-0.124600.png,-592.5,-31.2,False,593.3208996824568
pano_2020,51.508204,-0.124558,3,satellite_51.508242_-0.123742.png,45.4,606.7,False,608.3962935455804
pano_2020,51.508204,-0.124558,4,satellite_51.508242_-0.125459.png,45.4,-669.9,False,671.4366463040277
pano_2021,51.508105,-0.124697,1,satellite_51.508242_-0.124600.png,163.7,72.1,True,178.8745370364379
pano_2021,51.508105,-0.124697,2,satellite_51.507708_-0.124600.png,-474.2,72.1,False,479.64992442405327
pano_2021,51.508105,-0.124697,3,satellite_51.508242_-0.125459.png,163.7,-566.6,False,589.7738973538927
pano_2021,51.508105,-0.124697,4,satellite_51.508242_-0.123742.png,163.7,710.1,False,728.7247079659095
pano_2022,51.508317,-0.125133,1,satellite_51.508242_-0.125459.png,-89.6,-242.4,True,258.429719653139
pano_2022,51.508317,-0.125133,2,satellite_51.508242_-0.124600.png,-89.6,396.3,False,406.30265812568837
pano_2022,51.508317,-0.125133,3,satellite_51.508776_-0.125459.png,548.3,-242.4,False,599.4919932743055
pano_2022,51.508317,-0.125133,4,satellite_51.508776_-0.124600.png,548.3,396.3,False,676.5253727688267
pano_2023,51.508169,-0.125266,1,satellite_51.508242_-0.125459.png,87.2,-143.5,True,167.9169139783125
pano_2023,51.508169,-0.125266,2,satellite_51.508242_-0.124600.png,87.2,495.2,False,502.8189336132839
pano_2023,51.508169,-0.125266,3,satellite_51.507708_-0.125459.png,-550.7,-143.5,False,569.0893954380103
pano_2023,51.508169,-0.125266,4,satellite_51.508776_-0.125459.png,725.1,-143.5,False,739.1632160761249
pano_2024,51.508048,-0.125047,1,satellite_51.508242_-0.125459.png,231.7,-306.3,True,384.0632499992677
pano_2024,51.508048,-0.125047,2,satellite_51.508242_-0.124600.png,231.7,332.4,False,405.1847109652584
pano_2024,51.508048,-0.125047,3,satellite_51.507708_-0.125459.png,-406.2,-306.3,False,508.74171246321055
pano_2024,51.508048,-0.125047,4,satellite_51.507708_-0.124600.png,-406.2,332.4,False,524.8696981156371
pano_2025,51.508154,-0.125287,1,satellite_51.508242_-0.125459.png,105.1,-127.9,True,165.54280413234517
pano_2025,51.508154,-0.125287,2,satellite_51.508242_-0.124600.png,105.1,510.8,False,521.5003835089674
pano_2025,51.508154,-0.125287,3,satellite_51.507708_-0.125459.png,-532.8,-127.9,False,547.9363557932618
pano_2025,51.508154,-0.125287,4,satellite_51.507708_-0.124600.png,-532.8,510.8,False,738.1005893508011
pano_2026,51.508032,-0.12507,1,satellite_51.508242_-0.125459.png,250.9,-289.2,True,382.8674052462549
pano_2026,51.508032,-0.12507,2,satellite_51.508242_-0.124600.png,250.9,349.5,False,430.2337271762873
pano_2026,51.508032,-0.12507,3,satellite_51.507708_-0.125459.png,-387.0,-289.2,False,483.1207302528013
pano_2026,51.508032,-0.12507,4,satellite_51.507708_-0.124600.png,-387.0,349.5,False,521.4587711411133
pano_2027,51.508229,-0.124812,1,satellite_51.508242_-0.124600.png,15.5,157.6,True,158.36038014604537
pano_2027,51.508229,-0.124812,2,satellite_51.508242_-0.125459.png,15.5,-481.1,False,481.3496234547193
pano_2027,51.508229,-0.124812,3,satellite_51.507708_-0.124600.png,-622.4,157.6,False,642.043238419345
pano_2027,51.508229,-0.124812,4,satellite_51.508776_-0.124600.png,653.4,157.6,False,672.1378727612364
pano_2028,51.50824,-0.124833,1,satellite_51.508242_-0.124600.png,2.4,173.2,True,173.21662737739697
pano_2028,51.50824,-0.124833,2,satellite_51.508242_-0.125459.png,2.4,-465.4,False,465.4061881840421
pano_2028,51.50824,-0.124833,3,satellite_51.507708_-0.124600.png,-635.5,173.2,False,658.679352948003
pano_2028,51.50824,-0.124833,4,satellite_51.508776_-0.124600.png,640.3,173.2,False,663.3116386737081
pano_2029,51.508218,-0.124827,1,satellite_51.508242_-0.124600.png,28.7,168.8,True,171.22245763917772
pano_2029,51.508218,-0.124827,2,satellite_51.508242_-0.125459.png,28.7,-469.9,False,470.7756365828631
pano_2029,51.508218,-0.124827,3,satellite_51.507708_-0.124600.png,-609.2,168.8,False,632.153525656545
pano_2029,51.508218,-0.124827,4,satellite_51.508776_-0.124600.png,666.6,168.8,False,687.6401675295009
pano_203,51.507649,-0.130284,1,satellite_51.507708_-0.130608.png,70.5,-240.9,True,251.00410355211326
pano_203,51.507649,-0.130284,2,satellite_51.507708_-0.129750.png,70.5,397.0,False,403.211172960274
pano_203,51.507649,-0.130284,3,satellite_51.507174_-0.130608.png,-567.4,-240.9,False,616.4215846318167
pano_203,51.507649,-0.130284,4,satellite_51.507174_-0.129750.png,-567.4,397.0,False,692.4967581151553
pano_2030,51.508247,-0.124787,1,satellite_51.508242_-0.124600.png,-6.0,139.0,True,139.12943613772032
pano_2030,51.508247,-0.124787,2,satellite_51.508242_-0.125459.png,-6.0,-499.6,False,499.63602752403676
pano_2030,51.508247,-0.124787,3,satellite_51.508776_-0.124600.png,631.9,139.0,False,647.0074265416124
pano_2030,51.508247,-0.124787,4,satellite_51.507708_-0.124600.png,-643.9,139.0,False,658.7322749038489
pano_2031,51.508266,-0.124823,1,satellite_51.508242_-0.124600.png,-28.7,165.8,True,168.26565306086684
pano_2031,51.508266,-0.124823,2,satellite_51.508242_-0.125459.png,-28.7,-472.9,False,473.7700919222318
pano_2031,51.508266,-0.124823,3,satellite_51.508776_-0.124600.png,609.2,165.8,False,631.3590737448857
pano_2031,51.508266,-0.124823,4,satellite_51.507708_-0.124600.png,-666.6,165.8,False,686.9098921983873
pano_2032,51.508276,-0.124809,1,satellite_51.508242_-0.124600.png,-40.6,155.4,True,160.61606395376523
pano_2032,51.508276,-0.124809,2,satellite_51.508242_-0.125459.png,-40.6,-483.3,False,485.002319582082
pano_2032,51.508276,-0.124809,3,satellite_51.508776_-0.124600.png,597.3,155.4,False,617.1842917638133
pano_2032,51.508276,-0.124809,4,satellite_51.507708_-0.124600.png,-678.5,155.4,False,696.0685382920277
pano_2033,51.508251,-0.124761,1,satellite_51.508242_-0.124600.png,-10.8,119.7,True,120.18623049251524
pano_2033,51.508251,-0.124761,2,satellite_51.508242_-0.125459.png,-10.8,-519.0,False,519.112357780086
pano_2033,51.508251,-0.124761,3,satellite_51.508776_-0.124600.png,627.2,119.7,False,638.5201093152823
pano_2033,51.508251,-0.124761,4,satellite_51.507708_-0.124600.png,-648.7,119.7,False,659.6512563468671
pano_2034,51.50806,-0.124235,1,satellite_51.508242_-0.124600.png,217.4,-271.4,True,347.73656695838014
pano_2034,51.50806,-0.124235,2,satellite_51.508242_-0.123742.png,217.4,366.6,False,426.213936890853
pano_2034,51.50806,-0.124235,3,satellite_51.507708_-0.124600.png,-420.5,-271.4,False,500.47798153365346
pano_2034,51.50806,-0.124235,4,satellite_51.507708_-0.123742.png,-420.5,366.6,False,557.8671974583199
pano_2035,51.50805,-0.124135,1,satellite_51.508242_-0.123742.png,229.4,292.2,True,371.4905113189299
pano_2035,51.50805,-0.124135,2,satellite_51.508242_-0.124600.png,229.4,-345.7,False,414.888961048616
pano_2035,51.50805,-0.124135,3,satellite_51.507708_-0.123742.png,-408.5,292.2,False,502.2480363326471
pano_2035,51.50805,-0.124135,4,satellite_51.507708_-0.124600.png,-408.5,-345.7,False,535.1455316079916
pano_2036,51.508177,-0.125329,1,satellite_51.508242_-0.125459.png,77.6,-96.7,True,123.98649119964642
pano_2036,51.508177,-0.125329,2,satellite_51.508242_-0.124600.png,77.6,542.0,False,547.5269491084434
pano_2036,51.508177,-0.125329,3,satellite_51.507708_-0.125459.png,-560.3,-96.7,False,568.5833096389657
pano_2036,51.508177,-0.125329,4,satellite_51.508776_-0.125459.png,715.6,-96.7,False,722.1040437499295
pano_2037,51.508199,-0.125273,1,satellite_51.508242_-0.125459.png,51.4,-138.3,True,147.54270568211768
pano_2037,51.508199,-0.125273,2,satellite_51.508242_-0.124600.png,51.4,500.4,False,503.0329213878551
pano_2037,51.508199,-0.125273,3,satellite_51.507708_-0.125459.png,-586.5,-138.3,False,602.585379842558
pano_2037,51.508199,-0.125273,4,satellite_51.508776_-0.125459.png,689.3,-138.3,False,703.0372536359648
pano_2038,51.507977,-0.124948,1,satellite_51.508242_-0.124600.png,316.6,258.7,True,408.8535801481993
pano_2038,51.507977,-0.124948,2,satellite_51.507708_-0.124600.png,-321.3,258.7,False,412.50379392194685
pano_2038,51.507977,-0.124948,3,satellite_51.508242_-0.125459.png,316.6,-379.9,False,494.52964521856524
pano_2038,51.507977,-0.124948,4,satellite_51.507708_-0.125459.png,-321.3,-379.9,False,497.5517058557834
pano_2039,51.50823,-0.124719,1,satellite_51.508242_-0.124600.png,14.3,88.5,True,89.64786667846592
pano_2039,51.50823,-0.124719,2,satellite_51.508242_-0.125459.png,14.3,-550.2,False,550.3858010523164
pano_2039,51.50823,-0.124719,3,satellite_51.507708_-0.124600.png,-623.6,88.5,False,629.8485611637134
pano_2039,51.50823,-0.124719,4,satellite_51.508776_-0.124600.png,652.2,88.5,False,658.1770962286671
pano_204,51.507918,-0.125526,1,satellite_51.507708_-0.125459.png,-250.9,49.8,True,255.79454646258588
pano_204,51.507918,-0.125526,2,satellite_51.508242_-0.125459.png,387.0,49.8,False,390.1910301378031
pano_204,51.507918,-0.125526,3,satellite_51.507708_-0.126317.png,-250.9,-588.1,False,639.3844070666722
pano_204,51.507918,-0.125526,4,satellite_51.508242_-0.126317.png,387.0,-588.1,False,704.0103763439854
pano_2040,51.508266,-0.124671,1,satellite_51.508242_-0.124600.png,-28.7,52.8,True,60.09600652289634
pano_2040,51.508266,-0.124671,2,satellite_51.508242_-0.125459.png,-28.7,-585.9,False,586.6025059612343
pano_2040,51.508266,-0.124671,3,satellite_51.508776_-0.124600.png,609.2,52.8,False,611.4838346187086
pano_2040,51.508266,-0.124671,4,satellite_51.507708_-0.124600.png,-666.6,52.8,False,668.687819539133
pano_2041,51.507897,-0.124433,1,satellite_51.507708_-0.124600.png,-225.8,-124.2,True,257.70386104984925
pano_2041,51.507897,-0.124433,2,satellite_51.508242_-0.124600.png,412.1,-124.2,False,430.409165794596
pano_2041,51.507897,-0.124433,3,satellite_51.507708_-0.123742.png,-225.8,513.8,False,561.2272979818426
pano_2041,51.507897,-0.124433,4,satellite_51.508242_-0.123742.png,412.1,513.8,False,658.6477434866075
pano_2042,51.507951,-0.124539,1,satellite_51.507708_-0.124600.png,-290.3,-45.4,True,293.82860650385965
pano_2042,51.507951,-0.124539,2,satellite_51.508242_-0.124600.png,347.6,-45.4,False,350.55230708126857
pano_2042,51.507951,-0.124539,3,satellite_51.507708_-0.123742.png,-290.3,592.6,False,659.8854824891968
pano_2042,51.507951,-0.124539,4,satellite_51.508242_-0.123742.png,347.6,592.6,False,687.0229399372339
pano_2043,51.508031,-0.125045,1,satellite_51.508242_-0.125459.png,252.1,-307.8,True,397.86335594020215
pano_2043,51.508031,-0.125045,2,satellite_51.508242_-0.124600.png,252.1,330.9,False,415.99185088172095
pano_2043,51.508031,-0.125045,3,satellite_51.507708_-0.125459.png,-385.9,-307.8,False,493.6189319708068
pano_2043,51.508031,-0.125045,4,satellite_51.507708_-0.124600.png,-385.9,330.9,False,508.34399770234324
pano_2044,51.507261,-0.123956,1,satellite_51.507174_-0.123742.png,-103.9,159.1,True,190.02110409109827
pano_2044,51.507261,-0.123956,2,satellite_51.507174_-0.124600.png,-103.9,-478.8,False,489.94351715274286
pano_2044,51.507261,-0.123956,3,satellite_51.507708_-0.123742.png,534.0,159.1,False,557.1972810414638
pano_2044,51.507261,-0.123956,4,satellite_51.507708_-0.124600.png,534.0,-478.8,False,717.2206355090461
pano_2045,51.508213,-0.125583,1,satellite_51.508242_-0.125459.png,34.6,92.2,True,98.47842403288143
pano_2045,51.508213,-0.125583,2,satellite_51.508242_-0.126317.png,34.6,-545.7,False,546.7958028368544
pano_2045,51.508213,-0.125583,3,satellite_51.507708_-0.125459.png,-603.3,92.2,False,610.3046206608631
pano_2045,51.508213,-0.125583,4,satellite_51.508776_-0.125459.png,672.6,92.2,False,678.8899763584672
pano_2046,51.508268,-0.128947,1,satellite_51.508242_-0.128892.png,-31.1,40.9,True,51.38112493902795
pano_2046,51.508268,-0.128947,2,satellite_51.508242_-0.129750.png,-31.1,-597.0,False,597.8095097938807
pano_2046,51.508268,-0.128947,3,satellite_51.508776_-0.128892.png,606.9,40.9,False,608.2765982675974
pano_2046,51.508268,-0.128947,4,satellite_51.507708_-0.128892.png,-669.0,40.9,False,670.2490656464953
pano_2047,51.508352,-0.12913,1,satellite_51.508242_-0.128892.png,-131.4,177.0,True,220.44264560197965
pano_2047,51.508352,-0.12913,2,satellite_51.508242_-0.129750.png,-131.4,-461.0,False,479.3609913207373
pano_2047,51.508352,-0.12913,3,satellite_51.508776_-0.128892.png,506.5,177.0,False,536.5363454603985
pano_2047,51.508352,-0.12913,4,satellite_51.508776_-0.129750.png,506.5,-461.0,False,684.881924129992
pano_2048,51.508358,-0.129176,1,satellite_51.508242_-0.128892.png,-138.6,211.2,True,252.6171015588612
pano_2048,51.508358,-0.129176,2,satellite_51.508242_-0.129750.png,-138.6,-426.8,False,448.7406823545198
pano_2048,51.508358,-0.129176,3,satellite_51.508776_-0.128892.png,499.3,211.2,False,542.1309159234511
pano_2048,51.508358,-0.129176,4,satellite_51.508776_-0.129750.png,499.3,-426.8,False,656.855181908463
pano_2049,51.508342,-0.129077,1,satellite_51.508242_-0.128892.png,-119.5,137.6,True,182.24711245997835
pano_2049,51.508342,-0.129077,2,satellite_51.508242_-0.129750.png,-119.5,-500.4,False,514.4710001545276
pano_2049,51.508342,-0.129077,3,satellite_51.508776_-0.128892.png,518.5,137.6,False,536.4475836463429
pano_2049,51.508342,-0.129077,4,satellite_51.508776_-0.129750.png,518.5,-500.4,False,720.5847694754588
pano_205,51.507869,-0.125594,1,satellite_51.507708_-0.125459.png,-192.3,100.4,True,216.93190175721045
pano_205,51.507869,-0.125594,2,satellite_51.508242_-0.125459.png,445.6,100.4,False,456.7707521284611
pano_205,51.507869,-0.125594,3,satellite_51.507708_-0.126317.png,-192.3,-537.6,False,570.958010715324
pano_205,51.507869,-0.125594,4,satellite_51.508242_-0.126317.png,445.6,-537.6,False,698.2643625447314
pano_2050,51.508224,-0.128918,1,satellite_51.508242_-0.128892.png,21.5,19.3,True,28.891867367825153
pano_2050,51.508224,-0.128918,2,satellite_51.507708_-0.128892.png,-616.4,19.3,False,616.7020755599902
pano_2050,51.508224,-0.128918,3,satellite_51.508242_-0.129750.png,21.5,-618.6,False,618.9735131651435
pano_2050,51.508224,-0.128918,4,satellite_51.508242_-0.128034.png,21.5,657.3,False,657.651533868811
pano_2051,51.50817,-0.128894,1,satellite_51.508242_-0.128892.png,86.0,1.5,True,86.01308040059953
pano_2051,51.50817,-0.128894,2,satellite_51.507708_-0.128892.png,-551.9,1.5,False,551.9020384089915
pano_2051,51.50817,-0.128894,3,satellite_51.508242_-0.129750.png,86.0,-636.4,False,642.1845217692497
pano_2051,51.50817,-0.128894,4,satellite_51.508242_-0.128034.png,86.0,639.4,False,645.1576241508736
pano_2052,51.507715,-0.128706,1,satellite_51.507708_-0.128892.png,-8.4,-138.3,True,138.5548627800555
pano_2052,51.507715,-0.128706,2,satellite_51.507708_-0.128034.png,-8.4,499.6,False,499.6706115032182
pano_2052,51.507715,-0.128706,3,satellite_51.508242_-0.128892.png,629.5,-138.3,False,644.5131030475641
pano_2052,51.507715,-0.128706,4,satellite_51.507174_-0.128892.png,-646.3,-138.3,False,660.9316000918703
pano_2053,51.508559,-0.129172,1,satellite_51.508776_-0.128892.png,259.2,208.2,True,332.4633513637255
pano_2053,51.508559,-0.129172,2,satellite_51.508242_-0.128892.png,-378.7,208.2,False,432.1584547362229
pano_2053,51.508559,-0.129172,3,satellite_51.508776_-0.129750.png,259.2,-429.8,False,501.9090355831423
pano_2053,51.508559,-0.129172,4,satellite_51.508242_-0.129750.png,-378.7,-429.8,False,572.836564824558
pano_2054,51.508516,-0.12735,1,satellite_51.508776_-0.127175.png,310.6,130.1,True,336.74674460193376
pano_2054,51.508516,-0.12735,2,satellite_51.508242_-0.127175.png,-327.3,130.1,False,352.20917080621285
pano_2054,51.508516,-0.12735,3,satellite_51.508776_-0.128034.png,310.6,-508.6,False,595.941540757145
pano_2054,51.508516,-0.12735,4,satellite_51.508242_-0.128034.png,-327.3,-508.6,False,604.8134009758712
pano_2055,51.508553,-0.127354,1,satellite_51.508776_-0.127175.png,266.4,133.1,True,297.7995466752762
pano_2055,51.508553,-0.127354,2,satellite_51.508242_-0.127175.png,-371.5,133.1,False,394.62369416952146
pano_2055,51.508553,-0.127354,3,satellite_51.508776_-0.128034.png,266.4,-505.6,False,571.4895624593681
pano_2055,51.508553,-0.127354,4,satellite_51.508242_-0.128034.png,-371.5,-505.6,False,627.41024059223
pano_2056,51.508431,-0.127534,1,satellite_51.508242_-0.127175.png,-225.8,266.9,True,349.60155892100937
pano_2056,51.508431,-0.127534,2,satellite_51.508242_-0.128034.png,-225.8,-371.8,False,434.9952643420386
pano_2056,51.508431,-0.127534,3,satellite_51.508776_-0.127175.png,412.1,266.9,False,490.9806717173294
pano_2056,51.508431,-0.127534,4,satellite_51.508776_-0.128034.png,412.1,-371.8,False,555.0330170359238
pano_2057,51.508441,-0.128484,1,satellite_51.508242_-0.128892.png,-237.7,-303.4,True,385.42554404190696
pano_2057,51.508441,-0.128484,2,satellite_51.508242_-0.128034.png,-237.7,334.6,False,410.43690136243845
pano_2057,51.508441,-0.128484,3,satellite_51.508776_-0.128892.png,400.2,-303.4,False,502.2067303412012
pano_2057,51.508441,-0.128484,4,satellite_51.508776_-0.128034.png,400.2,334.6,False,521.6485406861597
pano_2058,51.507649,-0.128432,1,satellite_51.507708_-0.128034.png,70.5,295.9,True,304.18260962783523
pano_2058,51.507649,-0.128432,2,satellite_51.507708_-0.128892.png,70.5,-342.0,False,349.1908503955967
pano_2058,51.507649,-0.128432,3,satellite_51.507174_-0.128034.png,-567.4,295.9,False,639.9215342524425
pano_2058,51.507649,-0.128432,4,satellite_51.507174_-0.128892.png,-567.4,-342.0,False,662.5003849055486
pano_2059,51.507763,-0.127493,1,satellite_51.507708_-0.127175.png,-65.7,236.4,True,245.3598377893171
pano_2059,51.507763,-0.127493,2,satellite_51.507708_-0.128034.png,-65.7,-402.2,False,407.5307718442866
pano_2059,51.507763,-0.127493,3,satellite_51.508242_-0.127175.png,572.2,236.4,False,619.110490946487
pano_2059,51.507763,-0.127493,4,satellite_51.508242_-0.128034.png,572.2,-402.2,False,699.4123819321474
pano_206,51.507013,-0.127665,1,satellite_51.507174_-0.128034.png,192.3,-274.4,True,335.0740962831952
pano_206,51.507013,-0.127665,2,satellite_51.507174_-0.127175.png,192.3,364.3,False,411.93904888951715
pano_206,51.507013,-0.127665,3,satellite_51.506640_-0.128034.png,-445.6,-274.4,False,523.3113031456516
pano_206,51.507013,-0.127665,4,satellite_51.506640_-0.127175.png,-445.6,364.3,False,575.5639408441082
pano_2060,51.507662,-0.128253,1,satellite_51.507708_-0.128034.png,55.0,162.8,True,171.8395763495709
pano_2060,51.507662,-0.128253,2,satellite_51.507708_-0.128892.png,55.0,-475.1,False,478.2729450847079
pano_2060,51.507662,-0.128253,3,satellite_51.507174_-0.128034.png,-583.0,162.8,False,605.3039236614942
pano_2060,51.507662,-0.128253,4,satellite_51.508242_-0.128034.png,692.9,162.8,False,711.768396320039
pano_2061,51.507795,-0.128308,1,satellite_51.507708_-0.128034.png,-103.9,203.7,True,228.66766277722786
pano_2061,51.507795,-0.128308,2,satellite_51.507708_-0.128892.png,-103.9,-434.2,False,446.45811673660944
pano_2061,51.507795,-0.128308,3,satellite_51.508242_-0.128034.png,534.0,203.7,False,571.5327549668523
pano_2061,51.507795,-0.128308,4,satellite_51.508242_-0.128892.png,534.0,-434.2,False,688.2482400994571
pano_2062,51.50792,-0.127566,1,satellite_51.507708_-0.127175.png,-253.3,290.7,True,385.57409145325107
pano_2062,51.50792,-0.127566,2,satellite_51.507708_-0.128034.png,-253.3,-348.0,False,430.4240815753691
pano_2062,51.50792,-0.127566,3,satellite_51.508242_-0.127175.png,384.7,290.7,False,482.1831394812556
pano_2062,51.50792,-0.127566,4,satellite_51.508242_-0.128034.png,384.7,-348.0,False,518.7466530012507
pano_2063,51.508291,-0.128972,1,satellite_51.508242_-0.128892.png,-58.5,59.5,True,83.44159634139318
pano_2063,51.508291,-0.128972,2,satellite_51.508242_-0.129750.png,-58.5,-578.5,False,581.4503418177686
pano_2063,51.508291,-0.128972,3,satellite_51.508776_-0.128892.png,579.4,59.5,False,582.4470877255718
pano_2063,51.508291,-0.128972,4,satellite_51.507708_-0.128892.png,-696.4,59.5,False,698.937200326324
pano_2064,51.508316,-0.129013,1,satellite_51.508242_-0.128892.png,-88.4,90.0,True,126.15292307354595
pano_2064,51.508316,-0.129013,2,satellite_51.508242_-0.129750.png,-88.4,-548.0,False,555.0842818887957
pano_2064,51.508316,-0.129013,3,satellite_51.508776_-0.128892.png,549.5,90.0,False,556.8215602865967
pano_2064,51.508316,-0.129013,4,satellite_51.507708_-0.128892.png,-726.3,90.0,False,731.8549651399517
pano_2065,51.508459,-0.127684,1,satellite_51.508242_-0.128034.png,-259.2,-260.2,True,367.2719428434467
pano_2065,51.508459,-0.127684,2,satellite_51.508242_-0.127175.png,-259.2,378.4,False,458.6624030809589
pano_2065,51.508459,-0.127684,3,satellite_51.508776_-0.128034.png,378.7,-260.2,False,459.47549444992165
pano_2065,51.508459,-0.127684,4,satellite_51.508776_-0.127175.png,378.7,378.4,False,535.3505860648702
pano_2066,51.508293,-0.128675,1,satellite_51.508242_-0.128892.png,-60.9,-161.3,True,172.41374655171785
pano_2066,51.508293,-0.128675,2,satellite_51.508242_-0.128034.png,-60.9,476.6,False,480.4751502419246
pano_2066,51.508293,-0.128675,3,satellite_51.508776_-0.128892.png,577.0,-161.3,False,599.1215986759282
pano_2066,51.508293,-0.128675,4,satellite_51.507708_-0.128892.png,-698.8,-161.3,False,717.1744069610961
pano_2067,51.508612,-0.127445,1,satellite_51.508776_-0.127175.png,195.9,200.7,True,280.45908792549403
pano_2067,51.508612,-0.127445,2,satellite_51.508776_-0.128034.png,195.9,-437.9,False,479.72202367621185
pano_2067,51.508612,-0.127445,3,satellite_51.508242_-0.127175.png,-442.0,200.7,False,485.4322712799387
pano_2067,51.508612,-0.127445,4,satellite_51.508242_-0.128034.png,-442.0,-437.9,False,622.1900111702212
pano_2068,51.508544,-0.127423,1,satellite_51.508776_-0.127175.png,277.1,184.4,True,332.84796829784017
pano_2068,51.508544,-0.127423,2,satellite_51.508242_-0.127175.png,-360.8,184.4,False,405.19131283876266
pano_2068,51.508544,-0.127423,3,satellite_51.508776_-0.128034.png,277.1,-454.3,False,532.1399252076469
pano_2068,51.508544,-0.127423,4,satellite_51.508242_-0.128034.png,-360.8,-454.3,False,580.142335983162
pano_2069,51.507743,-0.128615,1,satellite_51.507708_-0.128892.png,-41.8,-206.0,True,210.19809704181435
pano_2069,51.507743,-0.128615,2,satellite_51.507708_-0.128034.png,-41.8,432.0,False,434.0175572485519
pano_2069,51.507743,-0.128615,3,satellite_51.508242_-0.128892.png,596.1,-206.0,False,630.6910574917009
pano_2069,51.507743,-0.128615,4,satellite_51.507174_-0.128892.png,-679.7,-206.0,False,710.2310117137945
pano_207,51.508219,-0.128991,1,satellite_51.508242_-0.128892.png,27.5,73.6,True,78.56977790473891
pano_207,51.508219,-0.128991,2,satellite_51.508242_-0.129750.png,27.5,-564.3,False,564.9696806024195
pano_207,51.508219,-0.128991,3,satellite_51.507708_-0.128892.png,-610.4,73.6,False,614.8212097837875
pano_207,51.508219,-0.128991,4,satellite_51.508776_-0.128892.png,665.4,73.6,False,669.4580793447786
pano_2070,51.507564,-0.128488,1,satellite_51.507708_-0.128892.png,172.0,-300.4,True,346.1562652906921
pano_2070,51.507564,-0.128488,2,satellite_51.507708_-0.128034.png,172.0,337.6,False,378.89016878245866
pano_2070,51.507564,-0.128488,3,satellite_51.507174_-0.128892.png,-465.9,-300.4,False,554.3491408850563
pano_2070,51.507564,-0.128488,4,satellite_51.507174_-0.128034.png,-465.9,337.6,False,575.3577756492042
pano_2071,51.507436,-0.127278,1,satellite_51.507174_-0.127175.png,-313.0,76.6,True,322.23680733274404
pano_2071,51.507436,-0.127278,2,satellite_51.507708_-0.127175.png,324.9,76.6,False,333.8076841536156
pano_2071,51.507436,-0.127278,3,satellite_51.507174_-0.128034.png,-313.0,-562.1,False,643.3703521300931
pano_2071,51.507436,-0.127278,4,satellite_51.507708_-0.128034.png,324.9,-562.1,False,649.2429591454959
pano_2072,51.507292,-0.127144,1,satellite_51.507174_-0.127175.png,-141.0,-23.0,True,142.86357128393507
pano_2072,51.507292,-0.127144,2,satellite_51.507708_-0.127175.png,496.9,-23.0,False,497.4320154553786
pano_2072,51.507292,-0.127144,3,satellite_51.507174_-0.126317.png,-141.0,614.9,False,630.8589461995447
pano_2072,51.507292,-0.127144,4,satellite_51.507174_-0.128034.png,-141.0,-661.7,False,676.5559030856209
pano_2073,51.507209,-0.127434,1,satellite_51.507174_-0.127175.png,-41.8,192.6,True,197.08373854785685
pano_2073,51.507209,-0.127434,2,satellite_51.507174_-0.128034.png,-41.8,-446.1,False,448.05407039775906
pano_2073,51.507209,-0.127434,3,satellite_51.507708_-0.127175.png,596.1,192.6,False,626.4423117893618
pano_2073,51.507209,-0.127434,4,satellite_51.506640_-0.127175.png,-679.7,192.6,False,706.460791551803
pano_2074,51.507992,-0.126782,1,satellite_51.508242_-0.127175.png,298.6,-292.2,True,417.78319736437464
pano_2074,51.507992,-0.126782,2,satellite_51.507708_-0.127175.png,-339.3,-292.2,False,447.7782151914048
pano_2074,51.507992,-0.126782,3,satellite_51.508242_-0.126317.png,298.6,345.7,False,456.8046081203647
pano_2074,51.507992,-0.126782,4,satellite_51.507708_-0.126317.png,-339.3,345.7,False,484.38928559579017
pano_2075,51.508025,-0.126815,1,satellite_51.508242_-0.127175.png,259.2,-267.7,True,372.6230400820647
pano_2075,51.508025,-0.126815,2,satellite_51.508242_-0.126317.png,259.2,370.3,False,452.00301990141617
pano_2075,51.508025,-0.126815,3,satellite_51.507708_-0.127175.png,-378.7,-267.7,False,463.7639270145965
pano_2075,51.508025,-0.126815,4,satellite_51.507708_-0.126317.png,-378.7,370.3,False,529.6562847734368
pano_2076,51.508026,-0.126896,1,satellite_51.508242_-0.127175.png,258.0,-207.4,True,331.0268267074438
pano_2076,51.508026,-0.126896,2,satellite_51.507708_-0.127175.png,-379.9,-207.4,False,432.8264894851053
pano_2076,51.508026,-0.126896,3,satellite_51.508242_-0.126317.png,258.0,430.5,False,501.89067534673325
pano_2076,51.508026,-0.126896,4,satellite_51.507708_-0.126317.png,-379.9,430.5,False,574.1552577482853
pano_2077,51.508066,-0.126913,1,satellite_51.508242_-0.127175.png,210.2,-194.8,True,286.5852054799759
pano_2077,51.508066,-0.126913,2,satellite_51.507708_-0.127175.png,-427.7,-194.8,False,469.9726906959595
pano_2077,51.508066,-0.126913,3,satellite_51.508242_-0.126317.png,210.2,443.1,False,490.43006637032363
pano_2077,51.508066,-0.126913,4,satellite_51.507708_-0.126317.png,-427.7,443.1,False,615.8448668293014
pano_2078,51.508083,-0.126976,1,satellite_51.508242_-0.127175.png,189.9,-148.0,True,240.76131333750445
pano_2078,51.508083,-0.126976,2,satellite_51.507708_-0.127175.png,-448.0,-148.0,False,471.8135224853141
pano_2078,51.508083,-0.126976,3,satellite_51.508242_-0.126317.png,189.9,490.0,False,525.511189224359
pano_2078,51.508083,-0.126976,4,satellite_51.507708_-0.126317.png,-448.0,490.0,False,663.9307192772451
pano_2079,51.508746,-0.127335,1,satellite_51.508776_-0.127175.png,35.8,119.0,True,124.2684191578858
pano_2079,51.508746,-0.127335,2,satellite_51.508776_-0.128034.png,35.8,-519.7,False,520.9315981969227
pano_2079,51.508746,-0.127335,3,satellite_51.508242_-0.127175.png,-602.1,119.0,False,613.7470244327055
pano_2079,51.508746,-0.127335,4,satellite_51.509311_-0.127175.png,674.9,119.0,False,685.3108856570133
pano_208,51.507604,-0.128356,1,satellite_51.507708_-0.128034.png,124.2,239.4,True,269.69983314789056
pano_208,51.507604,-0.128356,2,satellite_51.507708_-0.128892.png,124.2,-398.5,False,417.40614513923964
pano_208,51.507604,-0.128356,3,satellite_51.507174_-0.128034.png,-513.7,239.4,False,566.7451367237305
pano_208,51.507604,-0.128356,4,satellite_51.507174_-0.128892.png,-513.7,-398.5,False,650.1460912748765
pano_2080,51.508489,-0.127418,1,satellite_51.508242_-0.127175.png,-295.1,180.7,True,346.0296230093603
pano_2080,51.508489,-0.127418,2,satellite_51.508776_-0.127175.png,342.8,180.7,False,387.5104256662006
pano_2080,51.508489,-0.127418,3,satellite_51.508242_-0.128034.png,-295.1,-458.0,False,544.8375996569987
pano_2080,51.508489,-0.127418,4,satellite_51.508776_-0.128034.png,342.8,-458.0,False,572.0802740874745
pano_2081,51.508457,-0.127466,1,satellite_51.508242_-0.127175.png,-256.8,216.4,True,335.8201899826751
pano_2081,51.508457,-0.127466,2,satellite_51.508776_-0.127175.png,381.1,216.4,False,438.2535453364867
pano_2081,51.508457,-0.127466,3,satellite_51.508242_-0.128034.png,-256.8,-422.3,False,494.2504729385699
pano_2081,51.508457,-0.127466,4,satellite_51.508776_-0.128034.png,381.1,-422.3,False,568.836092385144
pano_2082,51.507679,-0.12892,1,satellite_51.507708_-0.128892.png,34.6,20.8,True,40.37078151336682
pano_2082,51.507679,-0.12892,2,satellite_51.507174_-0.128892.png,-603.3,20.8,False,603.6584547573239
pano_2082,51.507679,-0.12892,3,satellite_51.507708_-0.129750.png,34.6,-617.1,False,618.0692275142001
pano_2082,51.507679,-0.12892,4,satellite_51.507708_-0.128034.png,34.6,658.8,False,659.7079656939121
pano_2083,51.507954,-0.126995,1,satellite_51.507708_-0.127175.png,-293.9,-133.8,True,322.92359777507744
pano_2083,51.507954,-0.126995,2,satellite_51.508242_-0.127175.png,344.0,-133.8,False,369.1049173338117
pano_2083,51.507954,-0.126995,3,satellite_51.507708_-0.126317.png,-293.9,504.1,False,583.5186543719061
pano_2083,51.507954,-0.126995,4,satellite_51.508242_-0.126317.png,344.0,504.1,False,610.2891200078861
pano_2084,51.507873,-0.126989,1,satellite_51.507708_-0.127175.png,-197.1,-138.3,True,240.7806055312595
pano_2084,51.507873,-0.126989,2,satellite_51.508242_-0.127175.png,440.8,-138.3,False,461.98650413188483
pano_2084,51.507873,-0.126989,3,satellite_51.507708_-0.126317.png,-197.1,499.6,False,537.074082413218
pano_2084,51.507873,-0.126989,4,satellite_51.508242_-0.126317.png,440.8,499.6,False,666.261810401887
pano_2085,51.507959,-0.127326,1,satellite_51.507708_-0.127175.png,-299.8,112.3,True,320.14267132014754
pano_2085,51.507959,-0.127326,2,satellite_51.508242_-0.127175.png,338.1,112.3,False,356.26240329285383
pano_2085,51.507959,-0.127326,3,satellite_51.507708_-0.128034.png,-299.8,-526.4,False,605.7862659387384
pano_2085,51.507959,-0.127326,4,satellite_51.508242_-0.128034.png,338.1,-526.4,False,625.6265419561418
pano_2086,51.50797,-0.127253,1,satellite_51.507708_-0.127175.png,-313.0,58.0,True,318.3284467338727
pano_2086,51.50797,-0.127253,2,satellite_51.508242_-0.127175.png,324.9,58.0,False,330.0363767829237
pano_2086,51.50797,-0.127253,3,satellite_51.507708_-0.128034.png,-313.0,-580.7,False,659.682870779589
pano_2086,51.50797,-0.127253,4,satellite_51.508242_-0.128034.png,324.9,-580.7,False,665.4115268012721
pano_2087,51.50812,-0.127309,1,satellite_51.508242_-0.127175.png,145.7,99.6,True,176.48980140506703
pano_2087,51.50812,-0.127309,2,satellite_51.507708_-0.127175.png,-492.2,99.6,False,502.176263875544
pano_2087,51.50812,-0.127309,3,satellite_51.508242_-0.128034.png,145.7,-539.0,False,558.3453142993143
pano_2087,51.50812,-0.127309,4,satellite_51.507708_-0.128034.png,-492.2,-539.0,False,729.9190640064144
pano_2088,51.508416,-0.127418,1,satellite_51.508242_-0.127175.png,-207.9,180.7,True,275.4539888983276
pano_2088,51.508416,-0.127418,2,satellite_51.508776_-0.127175.png,430.1,180.7,False,466.5174166094981
pano_2088,51.508416,-0.127418,3,satellite_51.508242_-0.128034.png,-207.9,-458.0,False,502.9775442303563
pano_2088,51.508416,-0.127418,4,satellite_51.508776_-0.128034.png,430.1,-458.0,False,628.2913416560824
pano_2089,51.507731,-0.128684,1,satellite_51.507708_-0.128892.png,-27.5,-154.7,True,157.12523667444387
pano_2089,51.507731,-0.128684,2,satellite_51.507708_-0.128034.png,-27.5,483.3,False,484.0817492944761
pano_2089,51.507731,-0.128684,3,satellite_51.508242_-0.128892.png,610.4,-154.7,False,629.6985389851242
pano_2089,51.507731,-0.128684,4,satellite_51.507174_-0.128892.png,-665.4,-154.7,False,683.1465801714885
pano_209,51.507547,-0.128842,1,satellite_51.507708_-0.128892.png,192.3,-37.2,True,195.8650811145264
pano_209,51.507547,-0.128842,2,satellite_51.507174_-0.128892.png,-445.6,-37.2,False,447.1500866599491
pano_209,51.507547,-0.128842,3,satellite_51.507708_-0.128034.png,192.3,600.8,False,630.8248013513736
pano_209,51.507547,-0.128842,4,satellite_51.507708_-0.129750.png,192.3,-675.1,False,701.9539158662768
pano_2090,51.508173,-0.128875,1,satellite_51.508242_-0.128892.png,82.4,-12.6,True,83.35778307992602
pano_2090,51.508173,-0.128875,2,satellite_51.507708_-0.128892.png,-555.5,-12.6,False,555.6428799147884
pano_2090,51.508173,-0.128875,3,satellite_51.508242_-0.128034.png,82.4,625.3,False,630.7058347597555
pano_2090,51.508173,-0.128875,4,satellite_51.508242_-0.129750.png,82.4,-650.6,False,655.7973162494644
pano_2091,51.508028,-0.128812,1,satellite_51.508242_-0.128892.png,255.6,-59.5,True,262.4340107531796
pano_2091,51.508028,-0.128812,2,satellite_51.507708_-0.128892.png,-382.3,-59.5,False,386.9024941765044
pano_2091,51.508028,-0.128812,3,satellite_51.508242_-0.128034.png,255.6,578.5,False,632.4504802749382
pano_2091,51.508028,-0.128812,4,satellite_51.507708_-0.128034.png,-382.3,578.5,False,693.4086385386325
pano_2092,51.50788,-0.128749,1,satellite_51.507708_-0.128892.png,-205.5,-106.3,True,231.3653820259202
pano_2092,51.50788,-0.128749,2,satellite_51.508242_-0.128892.png,432.4,-106.3,False,445.2745782098951
pano_2092,51.50788,-0.128749,3,satellite_51.507708_-0.128034.png,-205.5,531.6,False,569.9375492104376
pano_2092,51.50788,-0.128749,4,satellite_51.508242_-0.128034.png,432.4,531.6,False,685.2505527177632
pano_2093,51.508404,-0.125011,1,satellite_51.508242_-0.124600.png,-193.5,305.6,True,361.70928934712197
pano_2093,51.508404,-0.125011,2,satellite_51.508242_-0.125459.png,-193.5,-333.1,False,385.2244280935465
pano_2093,51.508404,-0.125011,3,satellite_51.508776_-0.124600.png,444.4,305.6,False,539.3354429295371
pano_2093,51.508404,-0.125011,4,satellite_51.508776_-0.125459.png,444.4,-333.1,False,555.3800230472824
pano_2094,51.508421,-0.124925,1,satellite_51.508242_-0.124600.png,-213.8,241.6,True,322.61587065735
pano_2094,51.508421,-0.124925,2,satellite_51.508242_-0.125459.png,-213.8,-397.0,False,450.9095696478397
pano_2094,51.508421,-0.124925,3,satellite_51.508776_-0.124600.png,424.1,241.6,False,488.0895102335227
pano_2094,51.508421,-0.124925,4,satellite_51.508776_-0.125459.png,424.1,-397.0,False,580.9215179350822
pano_2095,51.508412,-0.125034,1,satellite_51.508242_-0.125459.png,-203.1,-316.0,True,375.6402667446609
pano_2095,51.508412,-0.125034,2,satellite_51.508242_-0.124600.png,-203.1,322.7,False,381.293718804808
pano_2095,51.508412,-0.125034,3,satellite_51.508776_-0.125459.png,434.8,-316.0,False,537.5007348832186
pano_2095,51.508412,-0.125034,4,satellite_51.508776_-0.124600.png,434.8,322.7,False,541.4668318558396
pano_2096,51.508363,-0.125105,1,satellite_51.508242_-0.125459.png,-144.5,-263.2,True,300.25737293195647
pano_2096,51.508363,-0.125105,2,satellite_51.508242_-0.124600.png,-144.5,375.5,False,402.34375849514555
pano_2096,51.508363,-0.125105,3,satellite_51.508776_-0.125459.png,493.4,-263.2,False,559.2117666859309
pano_2096,51.508363,-0.125105,4,satellite_51.508776_-0.124600.png,493.4,375.5,False,620.0353296385617
pano_2097,51.508407,-0.125017,1,satellite_51.508242_-0.124600.png,-197.1,310.0,True,367.3532496113244
pano_2097,51.508407,-0.125017,2,satellite_51.508242_-0.125459.png,-197.1,-328.6,False,383.179292237981
pano_2097,51.508407,-0.125017,3,satellite_51.508776_-0.124600.png,440.8,310.0,False,538.8920485588927
pano_2097,51.508407,-0.125017,4,satellite_51.508776_-0.125459.png,440.8,-328.6,False,549.8023281143869
pano_2098,51.508338,-0.125057,1,satellite_51.508242_-0.125459.png,-114.7,-298.9,True,320.1519951523026
pano_2098,51.508338,-0.125057,2,satellite_51.508242_-0.124600.png,-114.7,339.8,False,358.63648726809714
pano_2098,51.508338,-0.125057,3,satellite_51.508776_-0.125459.png,523.2,-298.9,False,602.5607438258819
pano_2098,51.508338,-0.125057,4,satellite_51.508776_-0.124600.png,523.2,339.8,False,623.860785752719
pano_2099,51.508184,-0.125294,1,satellite_51.508242_-0.125459.png,69.3,-122.7,True,140.91763551805715
pano_2099,51.508184,-0.125294,2,satellite_51.508242_-0.124600.png,69.3,516.0,False,520.6327784532972
pano_2099,51.508184,-0.125294,3,satellite_51.507708_-0.125459.png,-568.6,-122.7,False,581.6882756253559
pano_2099,51.508184,-0.125294,4,satellite_51.508776_-0.125459.png,707.2,-122.7,False,717.7653725278199
pano_21,51.509827,-0.12545,1,satellite_51.509845_-0.125459.png,21.5,-6.7,True,22.51976909295475
pano_21,51.509827,-0.12545,2,satellite_51.509311_-0.125459.png,-616.4,-6.7,False,616.4364119680147
pano_21,51.509827,-0.12545,3,satellite_51.509845_-0.124600.png,21.5,632.0,False,632.3655983685387
pano_21,51.509827,-0.12545,4,satellite_51.509845_-0.126317.png,21.5,-644.6,False,644.9584560264328
pano_210,51.508051,-0.126801,1,satellite_51.508242_-0.127175.png,228.2,-278.1,True,359.74275531273736
pano_210,51.508051,-0.126801,2,satellite_51.508242_-0.126317.png,228.2,359.9,False,426.14932828763204
pano_210,51.508051,-0.126801,3,satellite_51.507708_-0.127175.png,-409.7,-278.1,False,495.1703747196514
pano_210,51.508051,-0.126801,4,satellite_51.507708_-0.126317.png,-409.7,359.9,False,545.3275162688932
pano_2100,51.508188,-0.125432,1,satellite_51.508242_-0.125459.png,64.5,-20.1,True,67.55930727886425
pano_2100,51.508188,-0.125432,2,satellite_51.507708_-0.125459.png,-573.4,-20.1,False,573.752185181024
pano_2100,51.508188,-0.125432,3,satellite_51.508242_-0.124600.png,64.5,618.6,False,621.9535432811682
pano_2100,51.508188,-0.125432,4,satellite_51.508242_-0.126317.png,64.5,-658.0,False,661.1537264509669
pano_2101,51.508689,-0.129225,1,satellite_51.508776_-0.128892.png,103.9,247.6,True,268.51623787026364
pano_2101,51.508689,-0.129225,2,satellite_51.508776_-0.129750.png,103.9,-390.3,False,403.8926837663688
pano_2101,51.508689,-0.129225,3,satellite_51.508242_-0.128892.png,-534.0,247.6,False,588.6100236999026
pano_2101,51.508689,-0.129225,4,satellite_51.508242_-0.129750.png,-534.0,-390.3,False,661.4303364678702
pano_2102,51.508641,-0.129503,1,satellite_51.508776_-0.129750.png,161.3,-183.6,True,244.3903639671581
pano_2102,51.508641,-0.129503,2,satellite_51.508776_-0.128892.png,161.3,454.3,False,482.0852414252069
pano_2102,51.508641,-0.129503,3,satellite_51.508242_-0.129750.png,-476.6,-183.6,False,510.7411477451176
pano_2102,51.508641,-0.129503,4,satellite_51.508242_-0.128892.png,-476.6,454.3,False,658.4345449625195
pano_2103,51.508632,-0.129499,1,satellite_51.508776_-0.129750.png,172.0,-186.6,True,253.77856489467348
pano_2103,51.508632,-0.129499,2,satellite_51.508776_-0.128892.png,172.0,451.3,False,482.9655163673697
pano_2103,51.508632,-0.129499,3,satellite_51.508242_-0.129750.png,-465.9,-186.6,False,501.8788399604032
pano_2103,51.508632,-0.129499,4,satellite_51.508242_-0.128892.png,-465.9,451.3,False,648.640501356491
pano_2104,51.508725,-0.129685,1,satellite_51.508776_-0.129750.png,60.9,-48.3,True,77.72837319795134
pano_2104,51.508725,-0.129685,2,satellite_51.508242_-0.129750.png,-577.0,-48.3,False,579.0180394426412
pano_2104,51.508725,-0.129685,3,satellite_51.508776_-0.128892.png,60.9,589.6,False,592.7368471758779
pano_2104,51.508725,-0.129685,4,satellite_51.508776_-0.130608.png,60.9,-686.3,False,688.9967343899389
pano_2105,51.508524,-0.12798,1,satellite_51.508776_-0.128034.png,301.0,-40.1,True,303.6593650787013
pano_2105,51.508524,-0.12798,2,satellite_51.508242_-0.128034.png,-336.9,-40.1,False,339.2780865307985
pano_2105,51.508524,-0.12798,3,satellite_51.508776_-0.127175.png,301.0,598.5,False,669.9277946167034
pano_2105,51.508524,-0.12798,4,satellite_51.508242_-0.127175.png,-336.9,598.5,False,686.8070034587591
pano_2106,51.508659,-0.129511,1,satellite_51.508776_-0.129750.png,139.8,-177.7,True,226.1002653691499
pano_2106,51.508659,-0.129511,2,satellite_51.508776_-0.128892.png,139.8,460.2,False,480.96577840840195
pano_2106,51.508659,-0.129511,3,satellite_51.508242_-0.129750.png,-498.1,-177.7,False,528.8486550989801
pano_2106,51.508659,-0.129511,4,satellite_51.508242_-0.128892.png,-498.1,460.2,False,678.150167735731
pano_2107,51.508735,-0.129545,1,satellite_51.508776_-0.129750.png,49.0,-152.4,True,160.08360315785
pano_2107,51.508735,-0.129545,2,satellite_51.508776_-0.128892.png,49.0,485.5,False,487.9664435184042
pano_2107,51.508735,-0.129545,3,satellite_51.508242_-0.129750.png,-588.9,-152.4,False,608.3000657570242
pano_2107,51.508735,-0.129545,4,satellite_51.509311_-0.129750.png,688.1,-152.4,False,704.7746944946307
pano_2108,51.508764,-0.129558,1,satellite_51.508776_-0.129750.png,14.3,-142.8,True,143.514215323779
pano_2108,51.508764,-0.129558,2,satellite_51.508776_-0.128892.png,14.3,495.2,False,495.4064291064459
pano_2108,51.508764,-0.129558,3,satellite_51.508242_-0.129750.png,-623.6,-142.8,False,639.741197672934
pano_2108,51.508764,-0.129558,4,satellite_51.509311_-0.129750.png,653.4,-142.8,False,668.8223979503078
pano_2109,51.508724,-0.129848,1,satellite_51.508776_-0.129750.png,62.1,72.9,True,95.76439839522828
pano_2109,51.508724,-0.129848,2,satellite_51.508776_-0.130608.png,62.1,-565.1,False,568.5019085280189
pano_2109,51.508724,-0.129848,3,satellite_51.508242_-0.129750.png,-575.8,72.9,False,580.3964593275875
pano_2109,51.508724,-0.129848,4,satellite_51.509311_-0.129750.png,701.2,72.9,False,704.9793259380023
pano_211,51.506965,-0.127624,1,satellite_51.507174_-0.128034.png,249.7,-304.8,True,394.0217379790105
pano_211,51.506965,-0.127624,2,satellite_51.507174_-0.127175.png,249.7,333.8,False,416.8603243293849
pano_211,51.506965,-0.127624,3,satellite_51.506640_-0.128034.png,-388.2,-304.8,False,493.56081692127873
pano_211,51.506965,-0.127624,4,satellite_51.506640_-0.127175.png,-388.2,333.8,False,511.9782026610117
pano_2110,51.508574,-0.129824,1,satellite_51.508776_-0.129750.png,241.3,55.0,True,247.48876742187716
pano_2110,51.508574,-0.129824,2,satellite_51.508242_-0.129750.png,-396.6,55.0,False,400.3955044702675
pano_2110,51.508574,-0.129824,3,satellite_51.508776_-0.130608.png,241.3,-582.9,False,630.8709059704687
pano_2110,51.508574,-0.129824,4,satellite_51.508242_-0.130608.png,-396.6,-582.9,False,705.0276377561379
pano_2111,51.508812,-0.129608,1,satellite_51.508776_-0.129750.png,-43.0,-105.6,True,114.0191212034192
pano_2111,51.508812,-0.129608,2,satellite_51.508776_-0.128892.png,-43.0,532.4,False,534.1336536860414
pano_2111,51.508812,-0.129608,3,satellite_51.509311_-0.129750.png,596.1,-105.6,False,605.3813426262822
pano_2111,51.508812,-0.129608,4,satellite_51.508242_-0.129750.png,-680.9,-105.6,False,689.0400351213273
pano_2112,51.508728,-0.129648,1,satellite_51.508776_-0.129750.png,57.3,-75.8,True,95.02068195924505
pano_2112,51.508728,-0.129648,2,satellite_51.508776_-0.128892.png,57.3,562.1,False,565.0130086997998
pano_2112,51.508728,-0.129648,3,satellite_51.508242_-0.129750.png,-580.6,-75.8,False,585.527112950374
pano_2112,51.508728,-0.129648,4,satellite_51.509311_-0.129750.png,696.5,-75.8,False,700.6125105934093
pano_2113,51.508635,-0.129607,1,satellite_51.508776_-0.129750.png,168.4,-106.3,True,199.1437922708112
pano_2113,51.508635,-0.129607,2,satellite_51.508242_-0.129750.png,-469.5,-106.3,False,481.383360742766
pano_2113,51.508635,-0.129607,3,satellite_51.508776_-0.128892.png,168.4,531.6,False,557.635293000721
pano_2113,51.508635,-0.129607,4,satellite_51.508242_-0.128892.png,-469.5,531.6,False,709.2452396738381
pano_2114,51.508649,-0.129533,1,satellite_51.508776_-0.129750.png,151.7,-161.3,True,221.42849861749954
pano_2114,51.508649,-0.129533,2,satellite_51.508776_-0.128892.png,151.7,476.6,False,500.1604242640555
pano_2114,51.508649,-0.129533,3,satellite_51.508242_-0.129750.png,-486.2,-161.3,False,512.2578745124373
pano_2114,51.508649,-0.129533,4,satellite_51.508242_-0.128892.png,-486.2,476.6,False,680.8362505037463
pano_2115,51.508648,-0.129962,1,satellite_51.508776_-0.129750.png,152.9,157.6,True,219.5818070788197
pano_2115,51.508648,-0.129962,2,satellite_51.508776_-0.130608.png,152.9,-480.3,False,504.0500967165863
pano_2115,51.508648,-0.129962,3,satellite_51.508242_-0.129750.png,-485.0,157.6,False,509.96348888915566
pano_2115,51.508648,-0.129962,4,satellite_51.508242_-0.130608.png,-485.0,-480.3,False,682.5782665746104
pano_2116,51.508655,-0.129535,1,satellite_51.508776_-0.129750.png,144.5,-159.9,True,215.5185838854738
pano_2116,51.508655,-0.129535,2,satellite_51.508776_-0.128892.png,144.5,478.1,False,499.4595679331812
pano_2116,51.508655,-0.129535,3,satellite_51.508242_-0.129750.png,-493.4,-159.9,False,518.6632529879092
pano_2116,51.508655,-0.129535,4,satellite_51.508242_-0.128892.png,-493.4,478.1,False,687.039423905208
pano_2117,51.508627,-0.129523,1,satellite_51.508776_-0.129750.png,178.0,-168.8,True,245.31090477188332
pano_2117,51.508627,-0.129523,2,satellite_51.508242_-0.129750.png,-459.9,-168.8,False,489.8994284544533
pano_2117,51.508627,-0.129523,3,satellite_51.508776_-0.128892.png,178.0,469.2,False,501.82929368461544
pano_2117,51.508627,-0.129523,4,satellite_51.508242_-0.128892.png,-459.9,469.2,False,657.0058218920134
pano_2118,51.508298,-0.12984,1,satellite_51.508242_-0.129750.png,-66.9,66.9,True,94.61088732276006
pano_2118,51.508298,-0.12984,2,satellite_51.508776_-0.129750.png,571.0,66.9,False,574.905740100062
pano_2118,51.508298,-0.12984,3,satellite_51.508242_-0.130608.png,-66.9,-571.0,False,574.905740100062
pano_2118,51.508298,-0.12984,4,satellite_51.507708_-0.129750.png,-704.8,66.9,False,707.9679724394317
pano_2119,51.508302,-0.129824,1,satellite_51.508242_-0.129750.png,-71.7,55.0,True,90.36531414209769
pano_2119,51.508302,-0.129824,2,satellite_51.508776_-0.129750.png,566.2,55.0,False,568.8650455072802
pano_2119,51.508302,-0.129824,3,satellite_51.508242_-0.130608.png,-71.7,-582.9,False,587.2931976449241
pano_2119,51.508302,-0.129824,4,satellite_51.508242_-0.128892.png,-71.7,693.0,False,696.6992823306193
pano_212,51.507487,-0.127954,1,satellite_51.507708_-0.128034.png,264.0,-59.5,True,270.62196880519514
pano_212,51.507487,-0.127954,2,satellite_51.507174_-0.128034.png,-373.9,-59.5,False,378.60462226444093
pano_212,51.507487,-0.127954,3,satellite_51.507708_-0.127175.png,264.0,579.2,False,636.5285853753938
pano_212,51.507487,-0.127954,4,satellite_51.507174_-0.127175.png,-373.9,579.2,False,689.4010806489935
pano_2120,51.508379,-0.129608,1,satellite_51.508242_-0.129750.png,-163.7,-105.6,True,194.80515906926078
pano_2120,51.508379,-0.129608,2,satellite_51.508776_-0.129750.png,474.3,-105.6,False,485.91341821357435
pano_2120,51.508379,-0.129608,3,satellite_51.508242_-0.128892.png,-163.7,532.4,False,556.9986086158564
pano_2120,51.508379,-0.129608,4,satellite_51.508776_-0.128892.png,474.3,532.4,False,713.0289264819486
pano_2121,51.508647,-0.12965,1,satellite_51.508776_-0.129750.png,154.1,-74.4,True,171.12033777432768
pano_2121,51.508647,-0.12965,2,satellite_51.508242_-0.129750.png,-483.8,-74.4,False,489.48728277658046
pano_2121,51.508647,-0.12965,3,satellite_51.508776_-0.128892.png,154.1,563.6,False,584.2874035951828
pano_2121,51.508647,-0.12965,4,satellite_51.508776_-0.130608.png,154.1,-712.3,False,728.7784985851325
pano_2122,51.508269,-0.127364,1,satellite_51.508242_-0.127175.png,-32.3,140.5,True,144.16497494190466
pano_2122,51.508269,-0.127364,2,satellite_51.508242_-0.128034.png,-32.3,-498.2,False,499.2459614258286
pano_2122,51.508269,-0.127364,3,satellite_51.508776_-0.127175.png,605.7,140.5,False,621.7819071024824
pano_2122,51.508269,-0.127364,4,satellite_51.507708_-0.127175.png,-670.2,140.5,False,684.7687857956145
pano_2123,51.507885,-0.127985,1,satellite_51.507708_-0.128034.png,-211.4,-36.4,True,214.5108855046755
pano_2123,51.507885,-0.127985,2,satellite_51.508242_-0.128034.png,426.5,-36.4,False,428.05047599553023
pano_2123,51.507885,-0.127985,3,satellite_51.507708_-0.127175.png,-211.4,602.2,False,638.2278589970826
pano_2123,51.507885,-0.127985,4,satellite_51.507708_-0.128892.png,-211.4,-674.4,False,706.7569030437552
pano_2124,51.508306,-0.128642,1,satellite_51.508242_-0.128892.png,-76.5,-185.9,True,201.0250233179939
pano_2124,51.508306,-0.128642,2,satellite_51.508242_-0.128034.png,-76.5,452.1,False,458.5266186384385
pano_2124,51.508306,-0.128642,3,satellite_51.508776_-0.128892.png,561.5,-185.9,False,591.4736342390927
pano_2124,51.508306,-0.128642,4,satellite_51.508776_-0.128034.png,561.5,452.1,False,720.886024278457
pano_2125,51.508533,-0.12947,1,satellite_51.508776_-0.129750.png,290.3,-208.2,True,357.24127701037014
pano_2125,51.508533,-0.12947,2,satellite_51.508242_-0.129750.png,-347.6,-208.2,False,405.18267485172663
pano_2125,51.508533,-0.12947,3,satellite_51.508776_-0.128892.png,290.3,429.8,False,518.6541525911077
pano_2125,51.508533,-0.12947,4,satellite_51.508242_-0.128892.png,-347.6,429.8,False,552.7692104305377
pano_2126,51.508628,-0.129572,1,satellite_51.508776_-0.129750.png,176.8,-132.3,True,220.82013042293045
pano_2126,51.508628,-0.129572,2,satellite_51.508242_-0.129750.png,-461.1,-132.3,False,479.70459660086647
pano_2126,51.508628,-0.129572,3,satellite_51.508776_-0.128892.png,176.8,505.6,False,535.620761360125
pano_2126,51.508628,-0.129572,4,satellite_51.508242_-0.128892.png,-461.1,505.6,False,684.2839834454699
pano_2127,51.508665,-0.129365,1,satellite_51.508776_-0.129750.png,132.6,-286.3,True,315.5161644036641
pano_2127,51.508665,-0.129365,2,satellite_51.508776_-0.128892.png,132.6,351.7,False,375.8665321626814
pano_2127,51.508665,-0.129365,3,satellite_51.508242_-0.129750.png,-505.3,-286.3,False,580.7717107435589
pano_2127,51.508665,-0.129365,4,satellite_51.508242_-0.128892.png,-505.3,351.7,False,615.6467980912432
pano_2128,51.508645,-0.12948,1,satellite_51.508776_-0.129750.png,156.5,-200.7,True,254.5048918979751
pano_2128,51.508645,-0.12948,2,satellite_51.508776_-0.128892.png,156.5,437.2,False,464.3663316822183
pano_2128,51.508645,-0.12948,3,satellite_51.508242_-0.129750.png,-481.4,-200.7,False,521.5615495797211
pano_2128,51.508645,-0.12948,4,satellite_51.508242_-0.128892.png,-481.4,437.2,False,650.2997770259498
pano_2129,51.508547,-0.129459,1,satellite_51.508776_-0.129750.png,273.6,-216.4,True,348.8350899780583
pano_2129,51.508547,-0.129459,2,satellite_51.508242_-0.129750.png,-364.4,-216.4,False,423.8116562814194
pano_2129,51.508547,-0.129459,3,satellite_51.508776_-0.128892.png,273.6,421.6,False,502.59677675050807
pano_2129,51.508547,-0.129459,4,satellite_51.508242_-0.128892.png,-364.4,421.6,False,557.255704322531
pano_213,51.50703,-0.127693,1,satellite_51.507174_-0.128034.png,172.0,-253.5,True,306.3433531186861
pano_213,51.50703,-0.127693,2,satellite_51.507174_-0.127175.png,172.0,385.1,False,421.76534945393513
pano_213,51.50703,-0.127693,3,satellite_51.506640_-0.128034.png,-465.9,-253.5,False,530.400848415611
pano_213,51.50703,-0.127693,4,satellite_51.506640_-0.127175.png,-465.9,385.1,False,604.4541504531174
pano_2130,51.508814,-0.129596,1,satellite_51.508776_-0.129750.png,-45.4,-114.5,True,123.17227772514399
pano_2130,51.508814,-0.129596,2,satellite_51.508776_-0.128892.png,-45.4,523.4,False,525.365320515163
pano_2130,51.508814,-0.129596,3,satellite_51.509311_-0.129750.png,593.7,-114.5,False,604.6403393754009
pano_2130,51.508814,-0.129596,4,satellite_51.508242_-0.129750.png,-683.3,-114.5,False,692.8269192229759
pano_2131,51.507784,-0.125515,1,satellite_51.507708_-0.125459.png,-90.8,41.6,True,99.87592302452077
pano_2131,51.507784,-0.125515,2,satellite_51.508242_-0.125459.png,547.1,41.6,False,548.6792961284397
pano_2131,51.507784,-0.125515,3,satellite_51.507708_-0.126317.png,-90.8,-596.3,False,603.1735488232222
pano_2131,51.507784,-0.125515,4,satellite_51.507708_-0.124600.png,-90.8,680.3,False,686.3328128539389
pano_2132,51.508421,-0.129574,1,satellite_51.508242_-0.129750.png,-213.8,-130.9,True,250.6895490442312
pano_2132,51.508421,-0.129574,2,satellite_51.508776_-0.129750.png,424.1,-130.9,False,443.84188626131265
pano_2132,51.508421,-0.129574,3,satellite_51.508242_-0.128892.png,-213.8,507.1,False,550.3279476821072
pano_2132,51.508421,-0.129574,4,satellite_51.508776_-0.128892.png,424.1,507.1,False,661.068241560582
pano_2133,51.508437,-0.129525,1,satellite_51.508242_-0.129750.png,-232.9,-167.3,True,286.76070163116844
pano_2133,51.508437,-0.129525,2,satellite_51.508776_-0.129750.png,405.0,-167.3,False,438.19435185771164
pano_2133,51.508437,-0.129525,3,satellite_51.508242_-0.128892.png,-232.9,470.6,False,525.0778704154271
pano_2133,51.508437,-0.129525,4,satellite_51.508776_-0.128892.png,405.0,470.6,False,620.8778945976414
pano_2134,51.508569,-0.129692,1,satellite_51.508776_-0.129750.png,247.3,-43.1,True,251.02768771591712
pano_2134,51.508569,-0.129692,2,satellite_51.508242_-0.129750.png,-390.6,-43.1,False,392.9706986532202
pano_2134,51.508569,-0.129692,3,satellite_51.508776_-0.128892.png,247.3,594.8,False,644.1617265873532
pano_2134,51.508569,-0.129692,4,satellite_51.508242_-0.128892.png,-390.6,594.8,False,711.5865372532002
pano_2135,51.508813,-0.129602,1,satellite_51.508776_-0.129750.png,-44.2,-110.0,True,118.54804933021884
pano_2135,51.508813,-0.129602,2,satellite_51.508776_-0.128892.png,-44.2,527.9,False,529.7471566700476
pano_2135,51.508813,-0.129602,3,satellite_51.509311_-0.129750.png,594.9,-110.0,False,604.984305581558
pano_2135,51.508813,-0.129602,4,satellite_51.508242_-0.129750.png,-682.1,-110.0,False,690.9127368922939
pano_2136,51.50873,-0.129616,1,satellite_51.508776_-0.129750.png,55.0,-99.6,True,113.77679904092925
pano_2136,51.50873,-0.129616,2,satellite_51.508776_-0.128892.png,55.0,538.3,False,541.1024764312209
pano_2136,51.50873,-0.129616,3,satellite_51.508242_-0.129750.png,-583.0,-99.6,False,591.4466670799659
pano_2136,51.50873,-0.129616,4,satellite_51.509311_-0.129750.png,694.1,-99.6,False,701.2096476803496
pano_2137,51.508182,-0.125338,1,satellite_51.508242_-0.125459.png,71.7,-90.0,True,115.06906621677261
pano_2137,51.508182,-0.125338,2,satellite_51.508242_-0.124600.png,71.7,548.7,False,553.3647802309071
pano_2137,51.508182,-0.125338,3,satellite_51.507708_-0.125459.png,-566.2,-90.0,False,573.3083289121134
pano_2137,51.508182,-0.125338,4,satellite_51.508776_-0.125459.png,709.6,-90.0,False,715.2846706032501
pano_2138,51.508447,-0.125191,1,satellite_51.508242_-0.125459.png,-244.9,-199.3,True,315.74752572268875
pano_2138,51.508447,-0.125191,2,satellite_51.508776_-0.125459.png,393.0,-199.3,False,440.6466725166548
pano_2138,51.508447,-0.125191,3,satellite_51.508242_-0.124600.png,-244.9,439.4,False,503.0391336665568
pano_2138,51.508447,-0.125191,4,satellite_51.508776_-0.124600.png,393.0,439.4,False,589.5094231647192
pano_2139,51.507891,-0.127267,1,satellite_51.507708_-0.127175.png,-218.6,68.4,True,229.05134795499458
pano_2139,51.507891,-0.127267,2,satellite_51.508242_-0.127175.png,419.3,68.4,False,424.8423825373359
pano_2139,51.507891,-0.127267,3,satellite_51.507708_-0.128034.png,-218.6,-570.3,False,610.7602230008107
pano_2139,51.507891,-0.127267,4,satellite_51.508242_-0.128034.png,419.3,-570.3,False,707.8520890694608
pano_214,51.507168,-0.127809,1,satellite_51.507174_-0.128034.png,7.2,-167.3,True,167.4548595890845
pano_214,51.507168,-0.127809,2,satellite_51.507174_-0.127175.png,7.2,471.4,False,471.45498194419366
pano_214,51.507168,-0.127809,3,satellite_51.506640_-0.128034.png,-630.7,-167.3,False,652.5119002746234
pano_214,51.507168,-0.127809,4,satellite_51.507708_-0.128034.png,645.1,-167.3,False,666.4407700613762
pano_2140,51.50795,-0.127027,1,satellite_51.507708_-0.127175.png,-289.1,-110.0,True,309.31991529806163
pano_2140,51.50795,-0.127027,2,satellite_51.508242_-0.127175.png,348.8,-110.0,False,365.73411106977704
pano_2140,51.50795,-0.127027,3,satellite_51.507708_-0.126317.png,-289.1,527.9,False,601.8780773545419
pano_2140,51.50795,-0.127027,4,satellite_51.508242_-0.126317.png,348.8,527.9,False,632.7241500053558
pano_2141,51.507515,-0.127165,1,satellite_51.507708_-0.127175.png,230.6,-7.4,True,230.71870318636934
pano_2141,51.507515,-0.127165,2,satellite_51.507174_-0.127175.png,-407.3,-7.4,False,407.36721763048143
pano_2141,51.507515,-0.127165,3,satellite_51.507708_-0.126317.png,230.6,630.5,False,671.3468626574493
pano_2141,51.507515,-0.127165,4,satellite_51.507708_-0.128034.png,230.6,-646.1,False,686.0186367730836
pano_2142,51.508268,-0.125542,1,satellite_51.508242_-0.125459.png,-31.1,61.7,True,69.09486232709347
pano_2142,51.508268,-0.125542,2,satellite_51.508242_-0.126317.png,-31.1,-576.2,False,577.0386902106305
pano_2142,51.508268,-0.125542,3,satellite_51.508776_-0.125459.png,606.9,61.7,False,610.028278033076
pano_2142,51.508268,-0.125542,4,satellite_51.507708_-0.125459.png,-669.0,61.7,False,671.8391846267974
pano_2143,51.508254,-0.125566,1,satellite_51.508242_-0.125459.png,-14.3,79.6,True,80.87428515912829
pano_2143,51.508254,-0.125566,2,satellite_51.508242_-0.126317.png,-14.3,-558.4,False,558.5830734993676
pano_2143,51.508254,-0.125566,3,satellite_51.508776_-0.125459.png,623.6,79.6,False,628.6597808035758
pano_2143,51.508254,-0.125566,4,satellite_51.507708_-0.125459.png,-652.2,79.6,False,657.0395726286204
pano_2144,51.50831,-0.125614,1,satellite_51.508242_-0.125459.png,-81.2,115.2,True,140.94140626515687
pano_2144,51.50831,-0.125614,2,satellite_51.508242_-0.126317.png,-81.2,-522.7,False,528.9694981754619
pano_2144,51.50831,-0.125614,3,satellite_51.508776_-0.125459.png,556.7,115.2,False,568.4944414855787
pano_2144,51.50831,-0.125614,4,satellite_51.507708_-0.125459.png,-719.1,115.2,False,728.2690780199308
pano_2145,51.508295,-0.125641,1,satellite_51.508242_-0.125459.png,-63.3,135.3,True,149.37529916288034
pano_2145,51.508295,-0.125641,2,satellite_51.508242_-0.126317.png,-63.3,-502.6,False,506.57047880823063
pano_2145,51.508295,-0.125641,3,satellite_51.508776_-0.125459.png,574.6,135.3,False,590.3145348032691
pano_2145,51.508295,-0.125641,4,satellite_51.507708_-0.125459.png,-701.2,135.3,False,714.1341120545917
pano_2146,51.50816,-0.125649,1,satellite_51.508242_-0.125459.png,98.0,141.3,True,171.95839613115726
pano_2146,51.50816,-0.125649,2,satellite_51.508242_-0.126317.png,98.0,-496.7,False,506.27550799935005
pano_2146,51.50816,-0.125649,3,satellite_51.507708_-0.125459.png,-540.0,141.3,False,558.1806965490656
pano_2146,51.50816,-0.125649,4,satellite_51.507708_-0.126317.png,-540.0,-496.7,False,733.6967289009813
pano_2147,51.508174,-0.125593,1,satellite_51.508242_-0.125459.png,81.2,99.6,True,128.50525281092598
pano_2147,51.508174,-0.125593,2,satellite_51.508242_-0.126317.png,81.2,-538.3,False,544.389869486933
pano_2147,51.508174,-0.125593,3,satellite_51.507708_-0.125459.png,-556.7,99.6,False,565.5396095765531
pano_2147,51.508174,-0.125593,4,satellite_51.508776_-0.125459.png,719.1,99.6,False,725.964854521209
pano_2148,51.508318,-0.125543,1,satellite_51.508242_-0.125459.png,-90.8,62.5,True,110.23107547329836
pano_2148,51.508318,-0.125543,2,satellite_51.508776_-0.125459.png,547.1,62.5,False,550.6583877505182
pano_2148,51.508318,-0.125543,3,satellite_51.508242_-0.126317.png,-90.8,-575.5,False,582.6189921380868
pano_2148,51.508318,-0.125543,4,satellite_51.508242_-0.124600.png,-90.8,701.1,False,706.9553380518461
pano_2149,51.508449,-0.125334,1,satellite_51.508242_-0.125459.png,-247.3,-92.9,True,264.17361715356816
pano_2149,51.508449,-0.125334,2,satellite_51.508776_-0.125459.png,390.6,-92.9,False,401.4956662281674
pano_2149,51.508449,-0.125334,3,satellite_51.508242_-0.124600.png,-247.3,545.7,False,599.1208392302842
pano_2149,51.508449,-0.125334,4,satellite_51.508776_-0.124600.png,390.6,545.7,False,671.0863208261662
pano_215,51.508162,-0.128962,1,satellite_51.508242_-0.128892.png,95.6,52.0,True,108.82720248173247
pano_215,51.508162,-0.128962,2,satellite_51.507708_-0.128892.png,-542.3,52.0,False,544.7873805440063
pano_215,51.508162,-0.128962,3,satellite_51.508242_-0.129750.png,95.6,-585.9,False,593.648187060316
pano_215,51.508162,-0.128962,4,satellite_51.508242_-0.128034.png,95.6,690.0,False,696.5912431261248
pano_2150,51.508467,-0.125142,1,satellite_51.508242_-0.125459.png,-268.8,-235.7,True,357.50234964262825
pano_2150,51.508467,-0.125142,2,satellite_51.508776_-0.125459.png,369.1,-235.7,False,437.9375526259423
pano_2150,51.508467,-0.125142,3,satellite_51.508242_-0.124600.png,-268.8,403.0,False,484.4196940670352
pano_2150,51.508467,-0.125142,4,satellite_51.508776_-0.124600.png,369.1,403.0,False,546.4831287423245
pano_2151,51.508446,-0.125105,1,satellite_51.508242_-0.125459.png,-243.7,-263.2,True,358.69754668801403
pano_2151,51.508446,-0.125105,2,satellite_51.508242_-0.124600.png,-243.7,375.5,False,447.64934937962323
pano_2151,51.508446,-0.125105,3,satellite_51.508776_-0.125459.png,394.2,-263.2,False,473.9914345217643
pano_2151,51.508446,-0.125105,4,satellite_51.508776_-0.124600.png,394.2,375.5,False,544.4206921122671
pano_2152,51.508514,-0.125226,1,satellite_51.508776_-0.125459.png,313.0,-173.2,True,357.725089978324
pano_2152,51.508514,-0.125226,2,satellite_51.508242_-0.125459.png,-324.9,-173.2,False,368.1823597077948
pano_2152,51.508514,-0.125226,3,satellite_51.508776_-0.124600.png,313.0,465.4,False,560.8619794566217
pano_2152,51.508514,-0.125226,4,satellite_51.508242_-0.124600.png,-324.9,465.4,False,567.5889093349164
pano_2153,51.508238,-0.125205,1,satellite_51.508242_-0.125459.png,4.8,-188.9,True,188.9609748069691
pano_2153,51.508238,-0.125205,2,satellite_51.508242_-0.124600.png,4.8,449.8,False,449.8256106537288
pano_2153,51.508238,-0.125205,3,satellite_51.507708_-0.125459.png,-633.1,-188.9,False,660.6805733484223
pano_2153,51.508238,-0.125205,4,satellite_51.508776_-0.125459.png,642.7,-188.9,False,669.8854379668213
pano_2154,51.508349,-0.125247,1,satellite_51.508242_-0.125459.png,-127.8,-157.6,True,202.90539667539647
pano_2154,51.508349,-0.125247,2,satellite_51.508242_-0.124600.png,-127.8,481.1,False,497.78514441473646
pano_2154,51.508349,-0.125247,3,satellite_51.508776_-0.125459.png,510.1,-157.6,False,533.8911593199498
pano_2154,51.508349,-0.125247,4,satellite_51.508776_-0.124600.png,510.1,481.1,False,701.1841555540171
pano_2155,51.508512,-0.125007,1,satellite_51.508776_-0.124600.png,315.4,302.6,True,437.0857124180565
pano_2155,51.508512,-0.125007,2,satellite_51.508242_-0.124600.png,-322.5,302.6,False,442.23637344750375
pano_2155,51.508512,-0.125007,3,satellite_51.508776_-0.125459.png,315.4,-336.1,False,460.91254051067
pano_2155,51.508512,-0.125007,4,satellite_51.508242_-0.125459.png,-322.5,-336.1,False,465.79980678398744
pano_2156,51.508553,-0.124891,1,satellite_51.508776_-0.124600.png,266.4,216.4,True,343.2170158951913
pano_2156,51.508553,-0.124891,2,satellite_51.508242_-0.124600.png,-371.5,216.4,False,429.9316341001206
pano_2156,51.508553,-0.124891,3,satellite_51.508776_-0.125459.png,266.4,-422.3,False,499.3057680419885
pano_2156,51.508553,-0.124891,4,satellite_51.508242_-0.125459.png,-371.5,-422.3,False,562.4495888521922
pano_2157,51.508326,-0.125061,1,satellite_51.508242_-0.125459.png,-100.3,-295.9,True,312.4370336563833
pano_2157,51.508326,-0.125061,2,satellite_51.508242_-0.124600.png,-100.3,342.8,False,357.17212937181984
pano_2157,51.508326,-0.125061,3,satellite_51.508776_-0.125459.png,537.6,-295.9,False,613.6534608392591
pano_2157,51.508326,-0.125061,4,satellite_51.508776_-0.124600.png,537.6,342.8,False,637.5936009716535
pano_2158,51.508331,-0.125647,1,satellite_51.508242_-0.125459.png,-106.3,139.8,True,175.62383095696325
pano_2158,51.508331,-0.125647,2,satellite_51.508242_-0.126317.png,-106.3,-498.2,False,509.4143009378516
pano_2158,51.508331,-0.125647,3,satellite_51.508776_-0.125459.png,531.6,139.8,False,549.6749948833401
pano_2158,51.508331,-0.125647,4,satellite_51.508776_-0.126317.png,531.6,-498.2,False,728.5614593155474
pano_2159,51.508292,-0.125584,1,satellite_51.508242_-0.125459.png,-59.7,92.9,True,110.42871003502668
pano_2159,51.508292,-0.125584,2,satellite_51.508242_-0.126317.png,-59.7,-545.0,False,548.2600569073038
pano_2159,51.508292,-0.125584,3,satellite_51.508776_-0.125459.png,578.2,92.9,False,585.6156162535286
pano_2159,51.508292,-0.125584,4,satellite_51.507708_-0.125459.png,-697.6,92.9,False,703.7586020788663
pano_216,51.506995,-0.127833,1,satellite_51.507174_-0.128034.png,213.8,-149.4,True,260.8271458265033
pano_216,51.506995,-0.127833,2,satellite_51.506640_-0.128034.png,-424.1,-149.4,False,449.6456048934539
pano_216,51.506995,-0.127833,3,satellite_51.507174_-0.127175.png,213.8,489.2,False,533.8792747428954
pano_216,51.506995,-0.127833,4,satellite_51.506640_-0.127175.png,-424.1,489.2,False,647.4391477196912
pano_2160,51.508575,-0.125176,1,satellite_51.508776_-0.125459.png,240.1,-210.4,True,319.2431205210223
pano_2160,51.508575,-0.125176,2,satellite_51.508242_-0.125459.png,-397.8,-210.4,False,450.0144442126275
pano_2160,51.508575,-0.125176,3,satellite_51.508776_-0.124600.png,240.1,428.3,False,491.0080447406132
pano_2160,51.508575,-0.125176,4,satellite_51.508242_-0.124600.png,-397.8,428.3,False,584.5389037523507
pano_2161,51.508537,-0.125111,1,satellite_51.508776_-0.125459.png,285.5,-258.7,True,385.2738506569061
pano_2161,51.508537,-0.125111,2,satellite_51.508242_-0.125459.png,-352.4,-258.7,False,437.1629558871611
pano_2161,51.508537,-0.125111,3,satellite_51.508776_-0.124600.png,285.5,379.9,False,475.22022263367535
pano_2161,51.508537,-0.125111,4,satellite_51.508242_-0.124600.png,-352.4,379.9,False,518.1792836461141
pano_2162,51.508611,-0.125156,1,satellite_51.508776_-0.125459.png,197.1,-225.3,True,299.34678885867476
pano_2162,51.508611,-0.125156,2,satellite_51.508776_-0.124600.png,197.1,413.4,False,457.98249966565317
pano_2162,51.508611,-0.125156,3,satellite_51.508242_-0.125459.png,-440.8,-225.3,False,495.040129686473
pano_2162,51.508611,-0.125156,4,satellite_51.508242_-0.124600.png,-440.8,413.4,False,604.3212721723438
pano_2163,51.508554,-0.125246,1,satellite_51.508776_-0.125459.png,265.2,-158.4,True,308.9038685416549
pano_2163,51.508554,-0.125246,2,satellite_51.508242_-0.125459.png,-372.7,-158.4,False,404.96401074663413
pano_2163,51.508554,-0.125246,3,satellite_51.508776_-0.124600.png,265.2,480.3,False,548.6521028848791
pano_2163,51.508554,-0.125246,4,satellite_51.508242_-0.124600.png,-372.7,480.3,False,607.9419215681709
pano_2164,51.508586,-0.125196,1,satellite_51.508776_-0.125459.png,227.0,-195.5,True,299.58179183655335
pano_2164,51.508586,-0.125196,2,satellite_51.508242_-0.125459.png,-410.9,-195.5,False,455.03742703210685
pano_2164,51.508586,-0.125196,3,satellite_51.508776_-0.124600.png,227.0,443.1,False,497.86203912328966
pano_2164,51.508586,-0.125196,4,satellite_51.508242_-0.124600.png,-410.9,443.1,False,604.2982872721054
pano_2165,51.50825,-0.12551,1,satellite_51.508242_-0.125459.png,-9.6,37.9,True,39.096930825833375
pano_2165,51.50825,-0.12551,2,satellite_51.508242_-0.126317.png,-9.6,-600.0,False,600.076795085429
pano_2165,51.50825,-0.12551,3,satellite_51.508776_-0.125459.png,628.4,37.9,False,629.5418731109155
pano_2165,51.50825,-0.12551,4,satellite_51.507708_-0.125459.png,-647.5,37.9,False,648.6082484828573
pano_2166,51.508518,-0.125078,1,satellite_51.508776_-0.125459.png,308.2,-283.3,True,418.6240915188709
pano_2166,51.508518,-0.125078,2,satellite_51.508242_-0.125459.png,-329.7,-283.3,False,434.6964228056173
pano_2166,51.508518,-0.125078,3,satellite_51.508776_-0.124600.png,308.2,355.4,False,470.42151311350545
pano_2166,51.508518,-0.125078,4,satellite_51.508242_-0.124600.png,-329.7,355.4,False,484.77958909178506
pano_2167,51.50758,-0.127103,1,satellite_51.507708_-0.127175.png,152.9,-53.5,True,161.98969103001588
pano_2167,51.50758,-0.127103,2,satellite_51.507174_-0.127175.png,-485.0,-53.5,False,487.94185104374884
pano_2167,51.50758,-0.127103,3,satellite_51.507708_-0.126317.png,152.9,584.4,False,604.0709974829117
pano_2167,51.50758,-0.127103,4,satellite_51.507708_-0.128034.png,152.9,-692.2,False,708.885921710962
pano_2168,51.507456,-0.127559,1,satellite_51.507708_-0.127175.png,301.0,285.5,True,414.8629291705876
pano_2168,51.507456,-0.127559,2,satellite_51.507174_-0.127175.png,-336.9,285.5,False,441.60147191783676
pano_2168,51.507456,-0.127559,3,satellite_51.507708_-0.128034.png,301.0,-353.2,False,464.0595220443171
pano_2168,51.507456,-0.127559,4,satellite_51.507174_-0.128034.png,-336.9,-353.2,False,488.11048954104643
pano_2169,51.507432,-0.127565,1,satellite_51.507174_-0.127175.png,-308.2,290.0,True,423.18700358115916
pano_2169,51.507432,-0.127565,2,satellite_51.507708_-0.127175.png,329.7,290.0,False,439.09234791783837
pano_2169,51.507432,-0.127565,3,satellite_51.507174_-0.128034.png,-308.2,-348.7,False,465.38041428491596
pano_2169,51.507432,-0.127565,4,satellite_51.507708_-0.128034.png,329.7,-348.7,False,479.88934141112156
pano_217,51.508041,-0.126829,1,satellite_51.508242_-0.127175.png,240.1,-257.3,True,351.9251340839412
pano_217,51.508041,-0.126829,2,satellite_51.508242_-0.126317.png,240.1,380.7,False,450.089435556979
pano_217,51.508041,-0.126829,3,satellite_51.507708_-0.127175.png,-397.8,-257.3,False,473.75956982418836
pano_217,51.508041,-0.126829,4,satellite_51.507708_-0.126317.png,-397.8,380.7,False,550.6154102456632
pano_2170,51.507387,-0.127226,1,satellite_51.507174_-0.127175.png,-254.4,37.9,True,257.20763985542885
pano_2170,51.507387,-0.127226,2,satellite_51.507708_-0.127175.png,383.5,37.9,False,385.36821353090346
pano_2170,51.507387,-0.127226,3,satellite_51.507174_-0.128034.png,-254.4,-600.8,False,652.441568264929
pano_2170,51.507387,-0.127226,4,satellite_51.507708_-0.128034.png,383.5,-600.8,False,712.7642597661586
pano_2171,51.507492,-0.127197,1,satellite_51.507708_-0.127175.png,258.0,16.4,True,258.5207148373221
pano_2171,51.507492,-0.127197,2,satellite_51.507174_-0.127175.png,-379.9,16.4,False,380.25382312345
pano_2171,51.507492,-0.127197,3,satellite_51.507708_-0.128034.png,258.0,-622.3,False,673.6625935882146
pano_2171,51.507492,-0.127197,4,satellite_51.507708_-0.126317.png,258.0,654.3,False,703.3295742395594
pano_2172,51.50826,-0.125827,1,satellite_51.508242_-0.125459.png,-21.5,273.6,True,274.44345501396094
pano_2172,51.50826,-0.125827,2,satellite_51.508242_-0.126317.png,-21.5,-364.3,False,364.9338844229185
pano_2172,51.50826,-0.125827,3,satellite_51.508776_-0.125459.png,616.4,273.6,False,674.393001149923
pano_2172,51.50826,-0.125827,4,satellite_51.507708_-0.125459.png,-659.4,273.6,False,713.9084815296706
pano_2173,51.508299,-0.125702,1,satellite_51.508242_-0.125459.png,-68.1,180.7,True,193.10644732892789
pano_2173,51.508299,-0.125702,2,satellite_51.508242_-0.126317.png,-68.1,-457.3,False,462.34283816233165
pano_2173,51.508299,-0.125702,3,satellite_51.508776_-0.125459.png,569.8,180.7,False,597.7662837597985
pano_2173,51.508299,-0.125702,4,satellite_51.507708_-0.125459.png,-706.0,180.7,False,728.7581834874995
pano_2174,51.507958,-0.127238,1,satellite_51.507708_-0.127175.png,-298.6,46.8,True,302.2452646444606
pano_2174,51.507958,-0.127238,2,satellite_51.508242_-0.127175.png,339.3,46.8,False,342.5123793383241
pano_2174,51.507958,-0.127238,3,satellite_51.507708_-0.128034.png,-298.6,-591.8,False,662.8643903544676
pano_2174,51.507958,-0.127238,4,satellite_51.508242_-0.128034.png,339.3,-591.8,False,682.1669370469372
pano_2175,51.507413,-0.127572,1,satellite_51.507174_-0.127175.png,-285.5,295.2,True,410.67418959559654
pano_2175,51.507413,-0.127572,2,satellite_51.507174_-0.128034.png,-285.5,-343.5,False,446.6570272591712
pano_2175,51.507413,-0.127572,3,satellite_51.507708_-0.127175.png,352.4,295.2,False,459.7051228776986
pano_2175,51.507413,-0.127572,4,satellite_51.507708_-0.128034.png,352.4,-343.5,False,492.1158501816417
pano_2176,51.50532,-0.129137,1,satellite_51.505571_-0.128892.png,299.8,182.2,True,350.82314632874494
pano_2176,51.50532,-0.129137,2,satellite_51.505037_-0.128892.png,-338.0,182.2,False,383.9802599092823
pano_2176,51.50532,-0.129137,3,satellite_51.505571_-0.129750.png,299.8,-455.8,False,545.5581362238125
pano_2176,51.50532,-0.129137,4,satellite_51.505037_-0.129750.png,-338.0,-455.8,False,567.4483588838724
pano_2177,51.505324,-0.129208,1,satellite_51.505571_-0.128892.png,295.0,235.0,True,377.1604433129222
pano_2177,51.505324,-0.129208,2,satellite_51.505037_-0.128892.png,-342.8,235.0,False,415.61621720043604
pano_2177,51.505324,-0.129208,3,satellite_51.505571_-0.129750.png,295.0,-403.0,False,499.4336792808431
pano_2177,51.505324,-0.129208,4,satellite_51.505037_-0.129750.png,-342.8,-403.0,False,529.0754577562637
pano_2178,51.505332,-0.129149,1,satellite_51.505571_-0.128892.png,285.5,191.1,True,343.5541587581207
pano_2178,51.505332,-0.129149,2,satellite_51.505037_-0.128892.png,-352.4,191.1,False,400.8802439632065
pano_2178,51.505332,-0.129149,3,satellite_51.505571_-0.129750.png,285.5,-446.9,False,530.3110973758705
pano_2178,51.505332,-0.129149,4,satellite_51.505037_-0.129750.png,-352.4,-446.9,False,569.1268487780206
pano_2179,51.505333,-0.129142,1,satellite_51.505571_-0.128892.png,284.3,185.9,True,339.68411796844435
pano_2179,51.505333,-0.129142,2,satellite_51.505037_-0.128892.png,-353.6,185.9,False,399.48938659243504
pano_2179,51.505333,-0.129142,3,satellite_51.505571_-0.129750.png,284.3,-452.1,False,534.0607643330486
pano_2179,51.505333,-0.129142,4,satellite_51.505037_-0.129750.png,-353.6,-452.1,False,573.9576378096209
pano_218,51.507679,-0.128769,1,satellite_51.507708_-0.128892.png,34.6,-91.5,True,97.82336121806487
pano_218,51.507679,-0.128769,2,satellite_51.507708_-0.128034.png,34.6,546.5,False,547.5942019415472
pano_218,51.507679,-0.128769,3,satellite_51.507174_-0.128892.png,-603.3,-91.5,False,610.1992625364275
pano_218,51.507679,-0.128769,4,satellite_51.508242_-0.128892.png,672.5,-91.5,False,678.6961765031538
pano_2180,51.505323,-0.129215,1,satellite_51.505571_-0.128892.png,296.2,240.2,True,381.35348431606076
pano_2180,51.505323,-0.129215,2,satellite_51.505037_-0.128892.png,-341.6,240.2,False,417.59621645795596
pano_2180,51.505323,-0.129215,3,satellite_51.505571_-0.129750.png,296.2,-397.8,False,495.9629824896209
pano_2180,51.505323,-0.129215,4,satellite_51.505037_-0.129750.png,-341.6,-397.8,False,524.3428267841566
pano_2181,51.505253,-0.12939,1,satellite_51.505037_-0.129750.png,-258.0,-267.7,True,371.7893086144355
pano_2181,51.505253,-0.12939,2,satellite_51.505037_-0.128892.png,-258.0,370.3,False,451.3159536289405
pano_2181,51.505253,-0.12939,3,satellite_51.505571_-0.129750.png,379.9,-267.7,False,464.74433831946783
pano_2181,51.505253,-0.12939,4,satellite_51.505571_-0.128892.png,379.9,370.3,False,530.514938526711
pano_2182,51.506002,-0.127134,1,satellite_51.506105_-0.127175.png,123.0,-30.5,True,126.72509617277866
pano_2182,51.506002,-0.127134,2,satellite_51.505571_-0.127175.png,-514.8,-30.5,False,515.702714749496
pano_2182,51.506002,-0.127134,3,satellite_51.506105_-0.126317.png,123.0,607.5,False,619.8267903212961
pano_2182,51.506002,-0.127134,4,satellite_51.506105_-0.128034.png,123.0,-669.2,False,680.4099058655746
pano_2183,51.505874,-0.127126,1,satellite_51.506105_-0.127175.png,275.9,-36.4,True,278.2908011415397
pano_2183,51.505874,-0.127126,2,satellite_51.505571_-0.127175.png,-361.9,-36.4,False,363.72595453170504
pano_2183,51.505874,-0.127126,3,satellite_51.506105_-0.126317.png,275.9,601.5,False,661.7575537914169
pano_2183,51.505874,-0.127126,4,satellite_51.505571_-0.126317.png,-361.9,601.5,False,701.9785324352875
pano_2184,51.505688,-0.127011,1,satellite_51.505571_-0.127175.png,-139.8,-121.9,True,185.4822093894722
pano_2184,51.505688,-0.127011,2,satellite_51.506105_-0.127175.png,498.1,-121.9,False,512.7993954754627
pano_2184,51.505688,-0.127011,3,satellite_51.505571_-0.126317.png,-139.8,516.0,False,534.6026935959077
pano_2184,51.505688,-0.127011,4,satellite_51.506105_-0.126317.png,498.1,516.0,False,717.1886850752736
pano_2185,51.50575,-0.127034,1,satellite_51.505571_-0.127175.png,-213.8,-104.8,True,238.10392688907928
pano_2185,51.50575,-0.127034,2,satellite_51.506105_-0.127175.png,424.1,-104.8,False,436.8567843126624
pano_2185,51.50575,-0.127034,3,satellite_51.505571_-0.126317.png,-213.8,533.1,False,574.3744858539593
pano_2185,51.50575,-0.127034,4,satellite_51.506105_-0.126317.png,424.1,533.1,False,681.2168670841908
pano_2186,51.506003,-0.12713,1,satellite_51.506105_-0.127175.png,121.8,-33.5,True,126.32295911670214
pano_2186,51.506003,-0.12713,2,satellite_51.505571_-0.127175.png,-516.0,-33.5,False,517.0863080763211
pano_2186,51.506003,-0.12713,3,satellite_51.506105_-0.126317.png,121.8,604.5,False,616.6485952307034
pano_2186,51.506003,-0.12713,4,satellite_51.506105_-0.128034.png,121.8,-672.1,False,683.0473263251969
pano_2187,51.505749,-0.127041,1,satellite_51.505571_-0.127175.png,-212.6,-99.6,True,234.7741893820528
pano_2187,51.505749,-0.127041,2,satellite_51.506105_-0.127175.png,425.3,-99.6,False,436.8068795245789
pano_2187,51.505749,-0.127041,3,satellite_51.505571_-0.126317.png,-212.6,538.3,False,578.7621704983835
pano_2187,51.505749,-0.127041,4,satellite_51.506105_-0.126317.png,425.3,538.3,False,686.0371564281339
pano_2188,51.505906,-0.127098,1,satellite_51.506105_-0.127175.png,237.7,-57.3,True,244.50885464538905
pano_2188,51.505906,-0.127098,2,satellite_51.505571_-0.127175.png,-400.2,-57.3,False,404.28125111115406
pano_2188,51.505906,-0.127098,3,satellite_51.506105_-0.126317.png,237.7,580.7,False,627.4661584499996
pano_2188,51.505906,-0.127098,4,satellite_51.505571_-0.126317.png,-400.2,580.7,False,705.2464321072458
pano_2189,51.505907,-0.127092,1,satellite_51.506105_-0.127175.png,236.5,-61.7,True,244.4159160120306
pano_2189,51.505907,-0.127092,2,satellite_51.505571_-0.127175.png,-401.4,-61.7,False,406.11433119258425
pano_2189,51.505907,-0.127092,3,satellite_51.506105_-0.126317.png,236.5,576.2,False,622.8472445150577
pano_2189,51.505907,-0.127092,4,satellite_51.505571_-0.126317.png,-401.4,576.2,False,702.2310161193395
pano_219,51.508598,-0.126228,1,satellite_51.508776_-0.126317.png,212.6,-66.2,True,222.6683632669895
pano_219,51.508598,-0.126228,2,satellite_51.508242_-0.126317.png,-425.3,-66.2,False,430.42134008434107
pano_219,51.508598,-0.126228,3,satellite_51.508776_-0.125459.png,212.6,571.8,False,610.0442606893372
pano_219,51.508598,-0.126228,4,satellite_51.508242_-0.125459.png,-425.3,571.8,False,712.6256590945908
pano_2190,51.505854,-0.127079,1,satellite_51.506105_-0.127175.png,299.8,-71.4,True,308.18500936937215
pano_2190,51.505854,-0.127079,2,satellite_51.505571_-0.127175.png,-338.1,-71.4,False,345.55689835394696
pano_2190,51.505854,-0.127079,3,satellite_51.506105_-0.126317.png,299.8,566.6,False,641.0269885114043
pano_2190,51.505854,-0.127079,4,satellite_51.505571_-0.126317.png,-338.1,566.6,False,659.8084343201442
pano_2191,51.505855,-0.127073,1,satellite_51.506105_-0.127175.png,298.6,-75.8,True,308.07077109002086
pano_2191,51.505855,-0.127073,2,satellite_51.505571_-0.127175.png,-339.2,-75.8,False,347.56622390560335
pano_2191,51.505855,-0.127073,3,satellite_51.506105_-0.126317.png,298.6,562.1,False,636.4890965287623
pano_2191,51.505855,-0.127073,4,satellite_51.505571_-0.126317.png,-339.2,562.1,False,656.5158413930315
pano_2192,51.505867,-0.127078,1,satellite_51.506105_-0.127175.png,284.3,-72.1,True,293.30001704739124
pano_2192,51.505867,-0.127078,2,satellite_51.505571_-0.127175.png,-353.6,-72.1,False,360.87583737346563
pano_2192,51.505867,-0.127078,3,satellite_51.506105_-0.126317.png,284.3,565.8,False,633.2109680035556
pano_2192,51.505867,-0.127078,4,satellite_51.505571_-0.126317.png,-353.6,565.8,False,667.2050659280098
pano_2193,51.505877,-0.127107,1,satellite_51.506105_-0.127175.png,272.4,-50.6,True,277.0597769435325
pano_2193,51.505877,-0.127107,2,satellite_51.505571_-0.127175.png,-365.5,-50.6,False,368.98592114063104
pano_2193,51.505877,-0.127107,3,satellite_51.506105_-0.126317.png,272.4,587.4,False,647.4878531679185
pano_2193,51.505877,-0.127107,4,satellite_51.505571_-0.126317.png,-365.5,587.4,False,691.8301887024012
pano_2194,51.505682,-0.126955,1,satellite_51.505571_-0.127175.png,-132.6,-163.6,True,210.58898356751712
pano_2194,51.505682,-0.126955,2,satellite_51.505571_-0.126317.png,-132.6,474.4,False,492.5831097388541
pano_2194,51.505682,-0.126955,3,satellite_51.506105_-0.127175.png,505.3,-163.6,False,531.1243263116462
pano_2194,51.505682,-0.126955,4,satellite_51.506105_-0.126317.png,505.3,474.4,False,693.0969989835478
pano_2195,51.505896,-0.127072,1,satellite_51.506105_-0.127175.png,249.7,-76.6,True,261.18508762944333
pano_2195,51.505896,-0.127072,2,satellite_51.505571_-0.127175.png,-388.2,-76.6,False,395.6852284329047
pano_2195,51.505896,-0.127072,3,satellite_51.506105_-0.126317.png,249.7,561.4,False,614.4266026141771
pano_2195,51.505896,-0.127072,4,satellite_51.505571_-0.126317.png,-388.2,561.4,False,682.546115658129
pano_2196,51.505869,-0.127063,1,satellite_51.506105_-0.127175.png,281.9,-83.3,True,293.94982565056915
pano_2196,51.505869,-0.127063,2,satellite_51.505571_-0.127175.png,-356.0,-83.3,False,365.6157682595213
pano_2196,51.505869,-0.127063,3,satellite_51.506105_-0.126317.png,281.9,554.7,False,622.2215843250699
pano_2196,51.505869,-0.127063,4,satellite_51.505571_-0.126317.png,-356.0,554.7,False,659.1115914623259
pano_2197,51.505897,-0.127068,1,satellite_51.506105_-0.127175.png,248.5,-79.6,True,260.93755958083153
pano_2197,51.505897,-0.127068,2,satellite_51.505571_-0.127175.png,-389.4,-79.6,False,397.45253804699746
pano_2197,51.505897,-0.127068,3,satellite_51.506105_-0.126317.png,248.5,558.4,False,611.1978484909775
pano_2197,51.505897,-0.127068,4,satellite_51.505571_-0.126317.png,-389.4,558.4,False,680.7664210285345
pano_2198,51.505908,-0.127057,1,satellite_51.506105_-0.127175.png,235.3,-87.7,True,251.1122856413043
pano_2198,51.505908,-0.127057,2,satellite_51.505571_-0.127175.png,-402.6,-87.7,False,412.041320743442
pano_2198,51.505908,-0.127057,3,satellite_51.506105_-0.126317.png,235.3,550.2,False,598.4029829471107
pano_2198,51.505908,-0.127057,4,satellite_51.505571_-0.126317.png,-402.6,550.2,False,681.7674090186478
pano_2199,51.505905,-0.127058,1,satellite_51.506105_-0.127175.png,238.9,-87.0,True,254.24832349496427
pano_2199,51.505905,-0.127058,2,satellite_51.505571_-0.127175.png,-399.0,-87.0,False,408.37482782365515
pano_2199,51.505905,-0.127058,3,satellite_51.506105_-0.126317.png,238.9,550.9,False,600.4698327143504
pano_2199,51.505905,-0.127058,4,satellite_51.505571_-0.126317.png,-399.0,550.9,False,680.2145323352038
pano_22,51.509988,-0.130104,1,satellite_51.509845_-0.129750.png,-170.8,263.2,True,313.7624579200004
pano_22,51.509988,-0.130104,2,satellite_51.509845_-0.130608.png,-170.8,-374.7,False,411.79209560165185
pano_22,51.509988,-0.130104,3,satellite_51.510379_-0.129750.png,467.1,263.2,False,536.1498391308161
pano_22,51.509988,-0.130104,4,satellite_51.510379_-0.130608.png,467.1,-374.7,False,598.8175849121334
pano_220,51.506836,-0.127981,1,satellite_51.506640_-0.128034.png,-234.1,-39.4,True,237.392438801239
pano_220,51.506836,-0.127981,2,satellite_51.507174_-0.128034.png,403.8,-39.4,False,405.71763580105807
pano_220,51.506836,-0.127981,3,satellite_51.506640_-0.127175.png,-234.1,599.3,False,643.3997979483673
pano_220,51.506836,-0.127981,4,satellite_51.506640_-0.128892.png,-234.1,-677.3,False,716.6157268718011
pano_2200,51.505902,-0.127059,1,satellite_51.506105_-0.127175.png,242.5,-86.2,True,257.364896596253
pano_2200,51.505902,-0.127059,2,satellite_51.505571_-0.127175.png,-395.4,-86.2,False,404.68703957502765
pano_2200,51.505902,-0.127059,3,satellite_51.506105_-0.126317.png,242.5,551.7,False,602.6434600989212
pano_2200,51.505902,-0.127059,4,satellite_51.505571_-0.126317.png,-395.4,551.7,False,678.7591988326935
pano_2201,51.505898,-0.127064,1,satellite_51.506105_-0.127175.png,247.3,-82.5,True,260.6981779759882
pano_2201,51.505898,-0.127064,2,satellite_51.505571_-0.127175.png,-390.6,-82.5,False,399.21749711153694
pano_2201,51.505898,-0.127064,3,satellite_51.506105_-0.126317.png,247.3,555.4,False,607.9691192815635
pano_2201,51.505898,-0.127064,4,satellite_51.505571_-0.126317.png,-390.6,555.4,False,678.9974374031171
pano_2202,51.5059,-0.127061,1,satellite_51.506105_-0.127175.png,244.9,-84.8,True,259.16606645160937
pano_2202,51.5059,-0.127061,2,satellite_51.505571_-0.127175.png,-393.0,-84.8,False,402.04482337172306
pano_2202,51.5059,-0.127061,3,satellite_51.506105_-0.126317.png,244.9,553.2,False,604.9845039337785
pano_2202,51.5059,-0.127061,4,satellite_51.505571_-0.126317.png,-393.0,553.2,False,678.5862067563709
pano_2203,51.50587,-0.127061,1,satellite_51.506105_-0.127175.png,280.7,-84.8,True,293.229483510782
pano_2203,51.50587,-0.127061,2,satellite_51.505571_-0.127175.png,-357.2,-84.8,False,367.12787962779396
pano_2203,51.50587,-0.127061,3,satellite_51.506105_-0.126317.png,280.7,553.2,False,620.3408176156072
pano_2203,51.50587,-0.127061,4,satellite_51.505571_-0.126317.png,-357.2,553.2,False,658.4998709187421
pano_2204,51.505863,-0.127037,1,satellite_51.506105_-0.127175.png,289.1,-102.6,True,306.76631170974434
pano_2204,51.505863,-0.127037,2,satellite_51.505571_-0.127175.png,-348.8,-102.6,False,363.5769519647801
pano_2204,51.505863,-0.127037,3,satellite_51.506105_-0.126317.png,289.1,535.3,False,608.3789115345797
pano_2204,51.505863,-0.127037,4,satellite_51.505571_-0.126317.png,-348.8,535.3,False,638.911206663336
pano_2205,51.505867,-0.127042,1,satellite_51.506105_-0.127175.png,284.3,-98.9,True,301.0111293623543
pano_2205,51.505867,-0.127042,2,satellite_51.505571_-0.127175.png,-353.6,-98.9,False,367.1704917337449
pano_2205,51.505867,-0.127042,3,satellite_51.506105_-0.126317.png,284.3,539.0,False,609.3828763593542
pano_2205,51.505867,-0.127042,4,satellite_51.505571_-0.126317.png,-353.6,539.0,False,644.6347492960646
pano_2206,51.50587,-0.127054,1,satellite_51.506105_-0.127175.png,280.7,-90.0,True,294.77532121939925
pano_2206,51.50587,-0.127054,2,satellite_51.505571_-0.127175.png,-357.2,-90.0,False,368.36373328545795
pano_2206,51.50587,-0.127054,3,satellite_51.506105_-0.126317.png,280.7,548.0,False,615.7081207845159
pano_2206,51.50587,-0.127054,4,satellite_51.505571_-0.126317.png,-357.2,548.0,False,654.1374779050655
pano_2207,51.505869,-0.12705,1,satellite_51.506105_-0.127175.png,281.9,-92.9,True,296.8131061796295
pano_2207,51.505869,-0.12705,2,satellite_51.505571_-0.127175.png,-356.0,-92.9,False,367.92174439682145
pano_2207,51.505869,-0.12705,3,satellite_51.506105_-0.126317.png,281.9,545.0,False,613.5899363581511
pano_2207,51.505869,-0.12705,4,satellite_51.505571_-0.126317.png,-356.0,545.0,False,650.969277308845
pano_2208,51.505868,-0.127046,1,satellite_51.506105_-0.127175.png,283.1,-95.9,True,298.9020240814706
pano_2208,51.505868,-0.127046,2,satellite_51.505571_-0.127175.png,-354.8,-95.9,False,367.532107440969
pano_2208,51.505868,-0.127046,3,satellite_51.506105_-0.126317.png,283.1,542.0,False,611.4814878636965
pano_2208,51.505868,-0.127046,4,satellite_51.505571_-0.126317.png,-354.8,542.0,False,647.8016980527298
pano_2209,51.505865,-0.127039,1,satellite_51.506105_-0.127175.png,286.7,-101.1,True,304.00345392774733
pano_2209,51.505865,-0.127039,2,satellite_51.505571_-0.127175.png,-351.2,-101.1,False,365.4622415517094
pano_2209,51.505865,-0.127039,3,satellite_51.506105_-0.126317.png,286.7,536.8,False,608.5648116675824
pano_2209,51.505865,-0.127039,4,satellite_51.505571_-0.126317.png,-351.2,536.8,False,641.4792903905784
pano_221,51.507034,-0.12775,1,satellite_51.507174_-0.128034.png,167.2,-211.2,True,269.3720104242458
pano_221,51.507034,-0.12775,2,satellite_51.507174_-0.127175.png,167.2,427.5,False,459.03386585305446
pano_221,51.507034,-0.12775,3,satellite_51.506640_-0.128034.png,-470.7,-211.2,False,515.9107771698514
pano_221,51.507034,-0.12775,4,satellite_51.506640_-0.127175.png,-470.7,427.5,False,635.8574840323892
pano_2210,51.505668,-0.126977,1,satellite_51.505571_-0.127175.png,-115.9,-147.2,True,187.35167466558713
pano_2210,51.505668,-0.126977,2,satellite_51.505571_-0.126317.png,-115.9,490.7,False,504.2016461694666
pano_2210,51.505668,-0.126977,3,satellite_51.506105_-0.127175.png,522.0,-147.2,False,542.3576679646006
pano_2210,51.505668,-0.126977,4,satellite_51.506105_-0.126317.png,522.0,490.7,False,716.4289846174566
pano_2211,51.50525,-0.127548,1,satellite_51.505037_-0.127175.png,-254.4,277.3,True,376.31721990894863
pano_2211,51.50525,-0.127548,2,satellite_51.505037_-0.128034.png,-254.4,-361.3,False,441.87899927468834
pano_2211,51.50525,-0.127548,3,satellite_51.505571_-0.127175.png,383.4,277.3,False,473.17105786385537
pano_2211,51.50525,-0.127548,4,satellite_51.505571_-0.128034.png,383.4,-361.3,False,526.8142462006888
pano_2212,51.505466,-0.126943,1,satellite_51.505571_-0.127175.png,125.4,-172.5,True,213.26370999305064
pano_2212,51.505466,-0.126943,2,satellite_51.505571_-0.126317.png,125.4,465.4,False,481.9982572582602
pano_2212,51.505466,-0.126943,3,satellite_51.505037_-0.127175.png,-512.4,-172.5,False,540.6570169710183
pano_2212,51.505466,-0.126943,4,satellite_51.505037_-0.126317.png,-512.4,465.4,False,692.2072810943265
pano_2213,51.505472,-0.126938,1,satellite_51.505571_-0.127175.png,118.3,-176.2,True,212.2294277427143
pano_2213,51.505472,-0.126938,2,satellite_51.505571_-0.126317.png,118.3,461.7,False,476.61491793690215
pano_2213,51.505472,-0.126938,3,satellite_51.505037_-0.127175.png,-519.6,-176.2,False,548.6625556751618
pano_2213,51.505472,-0.126938,4,satellite_51.505037_-0.126317.png,-519.6,461.7,False,695.0906775378303
pano_2214,51.505471,-0.126938,1,satellite_51.505571_-0.127175.png,119.5,-176.2,True,212.90065758470544
pano_2214,51.505471,-0.126938,2,satellite_51.505571_-0.126317.png,119.5,461.7,False,476.9141851528428
pano_2214,51.505471,-0.126938,3,satellite_51.505037_-0.127175.png,-518.4,-176.2,False,547.5262550782383
pano_2214,51.505471,-0.126938,4,satellite_51.505037_-0.126317.png,-518.4,461.7,False,694.1941010985328
pano_2215,51.505469,-0.126938,1,satellite_51.505571_-0.127175.png,121.8,-176.2,True,214.20009337066125
pano_2215,51.505469,-0.126938,2,satellite_51.505571_-0.126317.png,121.8,461.7,False,477.4956858443854
pano_2215,51.505469,-0.126938,3,satellite_51.505037_-0.127175.png,-516.0,-176.2,False,545.2544727005915
pano_2215,51.505469,-0.126938,4,satellite_51.505037_-0.126317.png,-516.0,461.7,False,692.4037044961559
pano_2216,51.505467,-0.12694,1,satellite_51.505571_-0.127175.png,124.2,-174.7,True,214.34955096757258
pano_2216,51.505467,-0.12694,2,satellite_51.505571_-0.126317.png,124.2,463.2,False,479.5621753224497
pano_2216,51.505467,-0.12694,3,satellite_51.505037_-0.127175.png,-513.6,-174.7,False,542.4988940080892
pano_2216,51.505467,-0.12694,4,satellite_51.505037_-0.126317.png,-513.6,463.2,False,691.620705300239
pano_2217,51.505468,-0.126939,1,satellite_51.505571_-0.127175.png,123.0,-175.5,True,214.31110563850862
pano_2217,51.505468,-0.126939,2,satellite_51.505571_-0.126317.png,123.0,462.5,False,478.57627396267776
pano_2217,51.505468,-0.126939,3,satellite_51.505037_-0.127175.png,-514.8,-175.5,False,543.8927192011306
pano_2217,51.505468,-0.126939,4,satellite_51.505037_-0.126317.png,-514.8,462.5,False,692.0442832651679
pano_2218,51.505482,-0.126942,1,satellite_51.505571_-0.127175.png,106.3,-173.2,True,203.21892136314472
pano_2218,51.505482,-0.126942,2,satellite_51.505571_-0.126317.png,106.3,464.7,False,476.70303124691793
pano_2218,51.505482,-0.126942,3,satellite_51.505037_-0.127175.png,-531.6,-173.2,False,559.1035682232765
pano_2218,51.505482,-0.126942,4,satellite_51.505037_-0.126317.png,-531.6,464.7,False,706.0769433992305
pano_2219,51.505678,-0.127008,1,satellite_51.505571_-0.127175.png,-127.8,-124.2,True,178.20909067721544
pano_2219,51.505678,-0.127008,2,satellite_51.506105_-0.127175.png,510.1,-124.2,False,525.0025238034575
pano_2219,51.505678,-0.127008,3,satellite_51.505571_-0.126317.png,-127.8,513.8,False,529.4556449788782
pano_2219,51.505678,-0.127008,4,satellite_51.506105_-0.126317.png,510.1,513.8,False,724.0113604081085
pano_222,51.506851,-0.127902,1,satellite_51.506640_-0.128034.png,-252.1,-98.1,True,270.51436191078653
pano_222,51.506851,-0.127902,2,satellite_51.507174_-0.128034.png,385.8,-98.1,False,398.0769397993308
pano_222,51.506851,-0.127902,3,satellite_51.506640_-0.127175.png,-252.1,540.5,False,596.4014252162716
pano_222,51.506851,-0.127902,4,satellite_51.507174_-0.127175.png,385.8,540.5,False,664.064673055268
pano_2220,51.505426,-0.126927,1,satellite_51.505571_-0.127175.png,173.2,-184.4,True,252.98537507136652
pano_2220,51.505426,-0.126927,2,satellite_51.505571_-0.126317.png,173.2,453.5,False,485.4487511571124
pano_2220,51.505426,-0.126927,3,satellite_51.505037_-0.127175.png,-464.7,-184.4,False,499.9494474444391
pano_2220,51.505426,-0.126927,4,satellite_51.505037_-0.126317.png,-464.7,453.5,False,649.313745426662
pano_2221,51.505428,-0.126927,1,satellite_51.505571_-0.127175.png,170.8,-184.4,True,251.34836382996411
pano_2221,51.505428,-0.126927,2,satellite_51.505571_-0.126317.png,170.8,453.5,False,484.5976578564944
pano_2221,51.505428,-0.126927,3,satellite_51.505037_-0.127175.png,-467.1,-184.4,False,502.1810131815021
pano_2221,51.505428,-0.126927,4,satellite_51.505037_-0.126317.png,-467.1,453.5,False,651.0335321625147
pano_2222,51.505424,-0.126903,1,satellite_51.505571_-0.127175.png,175.6,-202.2,True,267.80627326483597
pano_2222,51.505424,-0.126903,2,satellite_51.505571_-0.126317.png,175.6,435.7,False,469.755095767997
pano_2222,51.505424,-0.126903,3,satellite_51.505037_-0.127175.png,-462.3,-202.2,False,504.5851067956723
pano_2222,51.505424,-0.126903,4,satellite_51.505037_-0.126317.png,-462.3,435.7,False,635.2604032993085
pano_2223,51.505284,-0.127351,1,satellite_51.505037_-0.127175.png,-295.0,130.9,True,322.7379897068208
pano_2223,51.505284,-0.127351,2,satellite_51.505571_-0.127175.png,342.8,130.9,False,366.942297916171
pano_2223,51.505284,-0.127351,3,satellite_51.505037_-0.128034.png,-295.0,-507.8,False,587.2698187375204
pano_2223,51.505284,-0.127351,4,satellite_51.505571_-0.128034.png,342.8,-507.8,False,612.6766520767704
pano_2224,51.50531,-0.12921,1,satellite_51.505571_-0.128892.png,311.8,236.4,True,391.2853178947557
pano_2224,51.50531,-0.12921,2,satellite_51.505037_-0.128892.png,-326.1,236.4,False,402.7730998962071
pano_2224,51.50531,-0.12921,3,satellite_51.505571_-0.129750.png,311.8,-401.5,False,508.3517384646186
pano_2224,51.50531,-0.12921,4,satellite_51.505037_-0.129750.png,-326.1,-401.5,False,517.2460343008925
pano_2225,51.507311,-0.127545,1,satellite_51.507174_-0.127175.png,-163.7,275.1,True,320.12138322829986
pano_2225,51.507311,-0.127545,2,satellite_51.507174_-0.128034.png,-163.7,-363.6,False,398.751363634032
pano_2225,51.507311,-0.127545,3,satellite_51.507708_-0.127175.png,474.2,275.1,False,548.2204392395453
pano_2225,51.507311,-0.127545,4,satellite_51.507708_-0.128034.png,474.2,-363.6,False,597.5538469460305
pano_2226,51.507344,-0.12777,1,satellite_51.507174_-0.128034.png,-203.1,-196.3,True,282.4593776103035
pano_2226,51.507344,-0.12777,2,satellite_51.507708_-0.128034.png,434.8,-196.3,False,477.05841361409824
pano_2226,51.507344,-0.12777,3,satellite_51.507174_-0.127175.png,-203.1,442.4,False,486.7929436629089
pano_2226,51.507344,-0.12777,4,satellite_51.507708_-0.127175.png,434.8,442.4,False,620.2973480517227
pano_2227,51.507293,-0.127708,1,satellite_51.507174_-0.128034.png,-142.2,-242.4,True,281.0313149810889
pano_2227,51.507293,-0.127708,2,satellite_51.507174_-0.127175.png,-142.2,396.3,False,421.0398199695606
pano_2227,51.507293,-0.127708,3,satellite_51.507708_-0.128034.png,495.7,-242.4,False,551.7936661470482
pano_2227,51.507293,-0.127708,4,satellite_51.507708_-0.127175.png,495.7,396.3,False,634.6433486612776
pano_2228,51.507271,-0.127645,1,satellite_51.507174_-0.128034.png,-115.9,-289.2,True,311.5597053535646
pano_2228,51.507271,-0.127645,2,satellite_51.507174_-0.127175.png,-115.9,349.5,False,368.2160507093628
pano_2228,51.507271,-0.127645,3,satellite_51.507708_-0.128034.png,522.0,-289.2,False,596.7584435933857
pano_2228,51.507271,-0.127645,4,satellite_51.507708_-0.127175.png,522.0,349.5,False,628.1992120338898
pano_2229,51.507274,-0.127606,1,satellite_51.507174_-0.128034.png,-119.5,-318.2,True,339.8992350682772
pano_2229,51.507274,-0.127606,2,satellite_51.507174_-0.127175.png,-119.5,320.5,False,342.0533584106433
pano_2229,51.507274,-0.127606,3,satellite_51.507708_-0.128034.png,518.4,-318.2,False,608.2678686236845
pano_2229,51.507274,-0.127606,4,satellite_51.507708_-0.127175.png,518.4,320.5,False,609.4742078217912
pano_223,51.507576,-0.12763,1,satellite_51.507708_-0.128034.png,157.7,-300.4,True,339.2778359987578
pano_223,51.507576,-0.12763,2,satellite_51.507708_-0.127175.png,157.7,338.3,False,373.2508271926534
pano_223,51.507576,-0.12763,3,satellite_51.507174_-0.128034.png,-480.2,-300.4,False,566.4205151651906
pano_223,51.507576,-0.12763,4,satellite_51.507174_-0.127175.png,-480.2,338.3,False,587.400144705464
pano_2230,51.507289,-0.127571,1,satellite_51.507174_-0.127175.png,-137.4,294.4,True,324.8847795757751
pano_2230,51.507289,-0.127571,2,satellite_51.507174_-0.128034.png,-137.4,-344.2,False,370.6108471159472
pano_2230,51.507289,-0.127571,3,satellite_51.507708_-0.127175.png,500.5,294.4,False,580.6648000352699
pano_2230,51.507289,-0.127571,4,satellite_51.507708_-0.128034.png,500.5,-344.2,False,607.4322102095015
pano_2231,51.507449,-0.127714,1,satellite_51.507708_-0.128034.png,309.4,-237.9,True,390.28806028368325
pano_2231,51.507449,-0.127714,2,satellite_51.507174_-0.128034.png,-328.5,-237.9,False,405.5966715839764
pano_2231,51.507449,-0.127714,3,satellite_51.507708_-0.127175.png,309.4,400.8,False,506.32894446199697
pano_2231,51.507449,-0.127714,4,satellite_51.507174_-0.127175.png,-328.5,400.8,False,518.2208891968752
pano_2232,51.507415,-0.127843,1,satellite_51.507174_-0.128034.png,-287.9,-142.0,True,321.0146569862504
pano_2232,51.507415,-0.127843,2,satellite_51.507708_-0.128034.png,350.0,-142.0,False,377.7088826066975
pano_2232,51.507415,-0.127843,3,satellite_51.507174_-0.127175.png,-287.9,496.7,False,574.105652297554
pano_2232,51.507415,-0.127843,4,satellite_51.507708_-0.127175.png,350.0,496.7,False,607.6272623903571
pano_2233,51.507382,-0.127487,1,satellite_51.507174_-0.127175.png,-248.5,232.0,True,339.96507173531813
pano_2233,51.507382,-0.127487,2,satellite_51.507708_-0.127175.png,389.4,232.0,False,453.27294205588754
pano_2233,51.507382,-0.127487,3,satellite_51.507174_-0.128034.png,-248.5,-406.7,False,476.61005025072643
pano_2233,51.507382,-0.127487,4,satellite_51.507708_-0.128034.png,389.4,-406.7,False,563.0606095261859
pano_2234,51.507452,-0.127477,1,satellite_51.507708_-0.127175.png,305.8,224.5,True,379.35984236605753
pano_2234,51.507452,-0.127477,2,satellite_51.507174_-0.127175.png,-332.1,224.5,False,400.86239534284084
pano_2234,51.507452,-0.127477,3,satellite_51.507708_-0.128034.png,305.8,-414.1,False,514.7741737888567
pano_2234,51.507452,-0.127477,4,satellite_51.507174_-0.128034.png,-332.1,-414.1,False,530.8193854787145
pano_2235,51.507451,-0.127629,1,satellite_51.507708_-0.128034.png,307.0,-301.1,True,430.0118719291364
pano_2235,51.507451,-0.127629,2,satellite_51.507174_-0.128034.png,-330.9,-301.1,False,447.3879971568303
pano_2235,51.507451,-0.127629,3,satellite_51.507708_-0.127175.png,307.0,337.6,False,456.3143214934197
pano_2235,51.507451,-0.127629,4,satellite_51.507174_-0.127175.png,-330.9,337.6,False,472.72462385621503
pano_2236,51.507782,-0.127243,1,satellite_51.507708_-0.127175.png,-88.4,50.6,True,101.85735123200486
pano_2236,51.507782,-0.127243,2,satellite_51.508242_-0.127175.png,549.5,50.6,False,551.8248000951027
pano_2236,51.507782,-0.127243,3,satellite_51.507708_-0.128034.png,-88.4,-588.1,False,594.7067933023802
pano_2236,51.507782,-0.127243,4,satellite_51.507708_-0.126317.png,-88.4,688.5,False,694.1518637877449
pano_2237,51.507617,-0.127116,1,satellite_51.507708_-0.127175.png,108.7,-43.9,True,117.23011558469095
pano_2237,51.507617,-0.127116,2,satellite_51.507174_-0.127175.png,-529.2,-43.9,False,531.0177492325469
pano_2237,51.507617,-0.127116,3,satellite_51.507708_-0.126317.png,108.7,594.1,False,603.9623332625968
pano_2237,51.507617,-0.127116,4,satellite_51.507708_-0.128034.png,108.7,-682.5,False,691.1019751093177
pano_2238,51.506251,-0.129303,1,satellite_51.506105_-0.128892.png,-174.4,305.6,True,351.86179104870143
pano_2238,51.506251,-0.129303,2,satellite_51.506105_-0.129750.png,-174.4,-332.4,False,375.373307521992
pano_2238,51.506251,-0.129303,3,satellite_51.506640_-0.128892.png,464.7,305.6,False,556.1811305680911
pano_2238,51.506251,-0.129303,4,satellite_51.506640_-0.129750.png,464.7,-332.4,False,571.3456484475926
pano_2239,51.506265,-0.129331,1,satellite_51.506105_-0.129750.png,-191.1,-311.5,True,365.44693185194484
pano_2239,51.506265,-0.129331,2,satellite_51.506105_-0.128892.png,-191.1,326.4,False,378.22766953251846
pano_2239,51.506265,-0.129331,3,satellite_51.506640_-0.129750.png,448.0,-311.5,False,545.6521327732532
pano_2239,51.506265,-0.129331,4,satellite_51.506640_-0.128892.png,448.0,326.4,False,554.2932076076704
pano_224,51.506963,-0.127639,1,satellite_51.507174_-0.128034.png,252.1,-293.7,True,387.05826434788855
pano_224,51.506963,-0.127639,2,satellite_51.507174_-0.127175.png,252.1,345.0,False,427.2931195327161
pano_224,51.506963,-0.127639,3,satellite_51.506640_-0.128034.png,-385.8,-293.7,False,484.872488392567
pano_224,51.506963,-0.127639,4,satellite_51.506640_-0.127175.png,-385.8,345.0,False,517.5583445371159
pano_2240,51.506259,-0.129148,1,satellite_51.506105_-0.128892.png,-184.0,190.3,True,264.7075556156265
pano_2240,51.506259,-0.129148,2,satellite_51.506105_-0.129750.png,-184.0,-447.6,False,483.9439636982778
pano_2240,51.506259,-0.129148,3,satellite_51.506640_-0.128892.png,455.1,190.3,False,493.28500889445246
pano_2240,51.506259,-0.129148,4,satellite_51.506640_-0.129750.png,455.1,-447.6,False,638.3273219908419
pano_2241,51.50627,-0.129067,1,satellite_51.506105_-0.128892.png,-197.1,130.1,True,236.16608562619655
pano_2241,51.50627,-0.129067,2,satellite_51.506640_-0.128892.png,442.0,130.1,False,460.7494004336848
pano_2241,51.50627,-0.129067,3,satellite_51.506105_-0.129750.png,-197.1,-507.8,False,544.7102440747741
pano_2241,51.50627,-0.129067,4,satellite_51.506640_-0.129750.png,442.0,-507.8,False,673.2197560975168
pano_2242,51.506276,-0.129027,1,satellite_51.506105_-0.128892.png,-204.3,100.4,True,227.63710154542034
pano_2242,51.506276,-0.129027,2,satellite_51.506640_-0.128892.png,434.8,100.4,False,446.24119038923334
pano_2242,51.506276,-0.129027,3,satellite_51.506105_-0.129750.png,-204.3,-537.6,False,575.1106415290888
pano_2242,51.506276,-0.129027,4,satellite_51.506640_-0.129750.png,434.8,-537.6,False,691.4223022147897
pano_2243,51.506319,-0.129053,1,satellite_51.506105_-0.128892.png,-255.6,119.7,True,282.24005739795336
pano_2243,51.506319,-0.129053,2,satellite_51.506640_-0.128892.png,383.4,119.7,False,401.651154610565
pano_2243,51.506319,-0.129053,3,satellite_51.506105_-0.129750.png,-255.6,-518.2,False,577.8084457672802
pano_2243,51.506319,-0.129053,4,satellite_51.506640_-0.129750.png,383.4,-518.2,False,644.6136827589064
pano_2244,51.506236,-0.129004,1,satellite_51.506105_-0.128892.png,-156.5,83.3,True,177.28829628602108
pano_2244,51.506236,-0.129004,2,satellite_51.506640_-0.128892.png,482.6,83.3,False,489.73630659774454
pano_2244,51.506236,-0.129004,3,satellite_51.506105_-0.129750.png,-156.5,-554.7,False,576.3543528073681
pano_2244,51.506236,-0.129004,4,satellite_51.506640_-0.129750.png,482.6,-554.7,False,735.25155559169
pano_2245,51.506322,-0.129323,1,satellite_51.506105_-0.129750.png,-259.2,-317.5,True,409.8669174256444
pano_2245,51.506322,-0.129323,2,satellite_51.506105_-0.128892.png,-259.2,320.5,False,412.1952086087367
pano_2245,51.506322,-0.129323,3,satellite_51.506640_-0.129750.png,379.9,-317.5,False,495.1063118159573
pano_2245,51.506322,-0.129323,4,satellite_51.506640_-0.128892.png,379.9,320.5,False,497.03547157119476
pano_2246,51.506832,-0.128499,1,satellite_51.506640_-0.128892.png,-229.4,-292.2,True,371.4905113189299
pano_2246,51.506832,-0.128499,2,satellite_51.506640_-0.128034.png,-229.4,345.7,False,414.888961048616
pano_2246,51.506832,-0.128499,3,satellite_51.507174_-0.128892.png,408.5,-292.2,False,502.2480363326471
pano_2246,51.506832,-0.128499,4,satellite_51.507174_-0.128034.png,408.5,345.7,False,535.1455316079916
pano_2247,51.50625,-0.129854,1,satellite_51.506105_-0.129750.png,-173.2,77.3,True,189.66689220841891
pano_2247,51.50625,-0.129854,2,satellite_51.506640_-0.129750.png,465.9,77.3,False,472.26909701990877
pano_2247,51.50625,-0.129854,3,satellite_51.506105_-0.130608.png,-173.2,-560.6,False,586.7457711820342
pano_2247,51.50625,-0.129854,4,satellite_51.506640_-0.130608.png,465.9,-560.6,False,728.927410652117
pano_2248,51.50941,-0.130701,1,satellite_51.509311_-0.130608.png,-118.3,69.1,True,137.00255472070583
pano_2248,51.50941,-0.130701,2,satellite_51.509845_-0.130608.png,519.7,69.1,False,524.273688067597
pano_2248,51.50941,-0.130701,3,satellite_51.509311_-0.131467.png,-118.3,-569.5,False,581.6572358356767
pano_2248,51.50941,-0.130701,4,satellite_51.509311_-0.129750.png,-118.3,707.1,False,716.9276811506165
pano_2249,51.509514,-0.129921,1,satellite_51.509311_-0.129750.png,-242.5,127.1,True,273.7894446467942
pano_2249,51.509514,-0.129921,2,satellite_51.509845_-0.129750.png,395.4,127.1,False,415.3258600183716
pano_2249,51.509514,-0.129921,3,satellite_51.509311_-0.130608.png,-242.5,-510.8,False,565.4404389500277
pano_2249,51.509514,-0.129921,4,satellite_51.509845_-0.130608.png,395.4,-510.8,False,645.9549519896879
pano_225,51.507174,-0.127674,1,satellite_51.507174_-0.128034.png,0.0,-267.7,True,267.7
pano_225,51.507174,-0.127674,2,satellite_51.507174_-0.127175.png,0.0,371.0,False,371.0
pano_225,51.507174,-0.127674,3,satellite_51.506640_-0.128034.png,-637.9,-267.7,False,691.7945504266422
pano_225,51.507174,-0.127674,4,satellite_51.507708_-0.128034.png,637.9,-267.7,False,691.7945504266422
pano_2250,51.509457,-0.129948,1,satellite_51.509311_-0.129750.png,-174.4,147.2,True,228.21744017493492
pano_2250,51.509457,-0.129948,2,satellite_51.509845_-0.129750.png,463.5,147.2,False,486.31274916456795
pano_2250,51.509457,-0.129948,3,satellite_51.509311_-0.130608.png,-174.4,-490.7,False,520.7704388691816
pano_2250,51.509457,-0.129948,4,satellite_51.509845_-0.130608.png,463.5,-490.7,False,674.9953629470353
pano_2251,51.509326,-0.124067,1,satellite_51.509311_-0.123742.png,-17.9,241.6,True,242.26219267562158
pano_2251,51.509326,-0.124067,2,satellite_51.509311_-0.124600.png,-17.9,-396.3,False,396.7040458578662
pano_2251,51.509326,-0.124067,3,satellite_51.509845_-0.123742.png,620.0,241.6,False,665.4100690551654
pano_2251,51.509326,-0.124067,4,satellite_51.508776_-0.123742.png,-657.0,241.6,False,700.013971289145
pano_2252,51.508759,-0.12499,1,satellite_51.508776_-0.124600.png,20.3,290.0,True,290.70963176338
pano_2252,51.508759,-0.12499,2,satellite_51.508776_-0.125459.png,20.3,-348.7,False,349.290394943806
pano_2252,51.508759,-0.12499,3,satellite_51.508242_-0.124600.png,-617.6,290.0,False,682.2974131564622
pano_2252,51.508759,-0.12499,4,satellite_51.508242_-0.125459.png,-617.6,-348.7,False,709.2400510405487
pano_2253,51.508808,-0.125057,1,satellite_51.508776_-0.125459.png,-38.2,-298.9,True,301.3311301541877
pano_2253,51.508808,-0.125057,2,satellite_51.508776_-0.124600.png,-38.2,339.8,False,341.94046265395383
pano_2253,51.508808,-0.125057,3,satellite_51.509311_-0.125459.png,600.9,-298.9,False,671.1348746712541
pano_2253,51.508808,-0.125057,4,satellite_51.509311_-0.124600.png,600.9,339.8,False,690.3222798084964
pano_2254,51.50882,-0.125074,1,satellite_51.508776_-0.125459.png,-52.6,-286.3,True,291.0918240006064
pano_2254,51.50882,-0.125074,2,satellite_51.508776_-0.124600.png,-52.6,352.4,False,356.3039713503064
pano_2254,51.50882,-0.125074,3,satellite_51.509311_-0.125459.png,586.6,-286.3,False,652.7382706720972
pano_2254,51.50882,-0.125074,4,satellite_51.509311_-0.124600.png,586.6,352.4,False,684.3137584471029
pano_2255,51.510077,-0.124748,1,satellite_51.509845_-0.124600.png,-277.2,110.0,True,298.2278323698175
pano_2255,51.510077,-0.124748,2,satellite_51.510379_-0.124600.png,360.8,110.0,False,377.1957581946011
pano_2255,51.510077,-0.124748,3,satellite_51.509845_-0.125459.png,-277.2,-528.6,False,596.8733534008701
pano_2255,51.510077,-0.124748,4,satellite_51.510379_-0.125459.png,360.8,-528.6,False,639.9957812360954
pano_2256,51.507624,-0.131274,1,satellite_51.507708_-0.131467.png,100.3,-143.5,True,175.07809685965861
pano_2256,51.507624,-0.131274,2,satellite_51.507708_-0.130608.png,100.3,495.2,False,505.25550961864826
pano_2256,51.507624,-0.131274,3,satellite_51.507174_-0.131467.png,-537.6,-143.5,False,556.4225103282577
pano_2256,51.507624,-0.131274,4,satellite_51.507174_-0.130608.png,-537.6,495.2,False,730.9150429427486
pano_2257,51.507633,-0.131283,1,satellite_51.507708_-0.131467.png,89.6,-136.8,True,163.53103680953043
pano_2257,51.507633,-0.131283,2,satellite_51.507708_-0.130608.png,89.6,501.9,False,509.83504194984476
pano_2257,51.507633,-0.131283,3,satellite_51.507174_-0.131467.png,-548.3,-136.8,False,565.1080693106408
pano_2257,51.507633,-0.131283,4,satellite_51.508242_-0.131467.png,727.5,-136.8,False,740.2502887537431
pano_2258,51.506225,-0.124175,1,satellite_51.506105_-0.124600.png,-143.3,-316.0,True,346.9739039178595
pano_2258,51.506225,-0.124175,2,satellite_51.506105_-0.123742.png,-143.3,321.9,False,352.3556442005719
pano_2258,51.506225,-0.124175,3,satellite_51.506640_-0.124600.png,495.7,-316.0,False,587.8558411719662
pano_2258,51.506225,-0.124175,4,satellite_51.506640_-0.123742.png,495.7,321.9,False,591.0483059784539
pano_2259,51.509856,-0.130126,1,satellite_51.509845_-0.129750.png,-13.1,279.6,True,279.9067166039429
pano_2259,51.509856,-0.130126,2,satellite_51.509845_-0.130608.png,-13.1,-358.4,False,358.63933136230327
pano_2259,51.509856,-0.130126,3,satellite_51.510379_-0.129750.png,624.8,279.6,False,684.5079984923477
pano_2259,51.509856,-0.130126,4,satellite_51.509311_-0.129750.png,-651.1,279.6,False,708.5953499706303
pano_226,51.508286,-0.12934,1,satellite_51.508242_-0.129750.png,-52.6,-304.8,True,309.30535074582855
pano_226,51.508286,-0.12934,2,satellite_51.508242_-0.128892.png,-52.6,333.1,False,337.2274751558657
pano_226,51.508286,-0.12934,3,satellite_51.508776_-0.129750.png,585.3,-304.8,False,659.9084254652307
pano_226,51.508286,-0.12934,4,satellite_51.508776_-0.128892.png,585.3,333.1,False,673.4476223137178
pano_2260,51.509845,-0.130143,1,satellite_51.509845_-0.129750.png,0.0,292.2,True,292.2
pano_2260,51.509845,-0.130143,2,satellite_51.509845_-0.130608.png,0.0,-345.7,False,345.7
pano_2260,51.509845,-0.130143,3,satellite_51.509311_-0.129750.png,-637.9,292.2,False,701.6389741170312
pano_2260,51.509845,-0.130143,4,satellite_51.510379_-0.129750.png,637.9,292.2,False,701.6389741170312
pano_2261,51.50761,-0.125851,1,satellite_51.507708_-0.125459.png,117.1,291.5,True,314.1411466204324
pano_2261,51.50761,-0.125851,2,satellite_51.507708_-0.126317.png,117.1,-346.5,False,365.752183862243
pano_2261,51.50761,-0.125851,3,satellite_51.507174_-0.125459.png,-520.8,291.5,False,596.8290291197303
pano_2261,51.50761,-0.125851,4,satellite_51.507174_-0.126317.png,-520.8,-346.5,False,625.5356824354626
pano_2262,51.507239,-0.125332,1,satellite_51.507174_-0.125459.png,-77.6,-94.4,True,122.20114565747737
pano_2262,51.507239,-0.125332,2,satellite_51.507174_-0.124600.png,-77.6,544.3,False,549.8038286516382
pano_2262,51.507239,-0.125332,3,satellite_51.507708_-0.125459.png,560.2,-94.4,False,568.0980549165787
pano_2262,51.507239,-0.125332,4,satellite_51.506640_-0.125459.png,-715.5,-94.4,False,721.700498822053
pano_2263,51.507265,-0.125368,1,satellite_51.507174_-0.125459.png,-108.7,-67.7,True,128.05850225580494
pano_2263,51.507265,-0.125368,2,satellite_51.507708_-0.125459.png,529.2,-67.7,False,533.5128208393871
pano_2263,51.507265,-0.125368,3,satellite_51.507174_-0.124600.png,-108.7,571.0,False,581.254410735953
pano_2263,51.507265,-0.125368,4,satellite_51.507174_-0.126317.png,-108.7,-705.6,False,713.9237004050223
pano_2264,51.509527,-0.126473,1,satellite_51.509311_-0.126317.png,-258.0,116.0,True,282.8780656042458
pano_2264,51.509527,-0.126473,2,satellite_51.509845_-0.126317.png,379.9,116.0,False,397.2153194427425
pano_2264,51.509527,-0.126473,3,satellite_51.509311_-0.127175.png,-258.0,-521.9,False,582.1886378142397
pano_2264,51.509527,-0.126473,4,satellite_51.509845_-0.127175.png,379.9,-521.9,False,645.5258476621985
pano_2265,51.505052,-0.125526,1,satellite_51.505037_-0.125459.png,-17.9,49.8,True,52.919278150783576
pano_2265,51.505052,-0.125526,2,satellite_51.505037_-0.126317.png,-17.9,-588.1,False,588.3723480926003
pano_2265,51.505052,-0.125526,3,satellite_51.505571_-0.125459.png,619.9,49.8,False,621.897137796919
pano_2265,51.505052,-0.125526,4,satellite_51.504503_-0.125459.png,-655.8,49.8,False,657.6881327802714
pano_2266,51.505183,-0.125585,1,satellite_51.505037_-0.125459.png,-174.4,93.7,True,197.97739769983846
pano_2266,51.505183,-0.125585,2,satellite_51.505571_-0.125459.png,463.5,93.7,False,472.8762417377299
pano_2266,51.505183,-0.125585,3,satellite_51.505037_-0.126317.png,-174.4,-544.3,False,571.5573899443519
pano_2266,51.505183,-0.125585,4,satellite_51.505571_-0.126317.png,463.5,-544.3,False,714.9089032876846
pano_2267,51.505233,-0.125606,1,satellite_51.505037_-0.125459.png,-234.1,109.3,True,258.3588589539751
pano_2267,51.505233,-0.125606,2,satellite_51.505571_-0.125459.png,403.7,109.3,False,418.23459923827437
pano_2267,51.505233,-0.125606,3,satellite_51.505037_-0.126317.png,-234.1,-528.6,False,578.1183010422694
pano_2267,51.505233,-0.125606,4,satellite_51.505571_-0.126317.png,403.7,-528.6,False,665.1252889493828
pano_2268,51.505285,-0.125732,1,satellite_51.505037_-0.125459.png,-296.2,203.0,True,359.08695325784254
pano_2268,51.505285,-0.125732,2,satellite_51.505571_-0.125459.png,341.6,203.0,False,397.36577608042694
pano_2268,51.505285,-0.125732,3,satellite_51.505037_-0.126317.png,-296.2,-435.0,False,526.2693606889917
pano_2268,51.505285,-0.125732,4,satellite_51.505571_-0.126317.png,341.6,-435.0,False,553.0963388054562
pano_2269,51.505306,-0.125731,1,satellite_51.505571_-0.125459.png,316.5,202.2,True,375.5756781262599
pano_2269,51.505306,-0.125731,2,satellite_51.505037_-0.125459.png,-321.3,202.2,False,379.6294640830714
pano_2269,51.505306,-0.125731,3,satellite_51.505571_-0.126317.png,316.5,-435.7,False,538.5227386099866
pano_2269,51.505306,-0.125731,4,satellite_51.505037_-0.126317.png,-321.3,-435.7,False,541.3577190730728
pano_227,51.506934,-0.128137,1,satellite_51.507174_-0.128034.png,286.7,76.6,True,296.7565500540805
pano_227,51.506934,-0.128137,2,satellite_51.506640_-0.128034.png,-351.2,76.6,False,359.45653422910533
pano_227,51.506934,-0.128137,3,satellite_51.507174_-0.128892.png,286.7,-561.4,False,630.370406983069
pano_227,51.506934,-0.128137,4,satellite_51.506640_-0.128892.png,-351.2,-561.4,False,662.201932947949
pano_2270,51.505326,-0.125719,1,satellite_51.505571_-0.125459.png,292.7,193.3,True,350.76798599644184
pano_2270,51.505326,-0.125719,2,satellite_51.505037_-0.125459.png,-345.2,193.3,False,395.63610805890806
pano_2270,51.505326,-0.125719,3,satellite_51.505571_-0.126317.png,292.7,-444.6,False,532.299210970672
pano_2270,51.505326,-0.125719,4,satellite_51.505037_-0.126317.png,-345.2,-444.6,False,562.8784948814442
pano_2271,51.505342,-0.125697,1,satellite_51.505571_-0.125459.png,273.5,177.0,True,325.7779151507972
pano_2271,51.505342,-0.125697,2,satellite_51.505037_-0.125459.png,-364.3,177.0,False,405.02282651722237
pano_2271,51.505342,-0.125697,3,satellite_51.505571_-0.126317.png,273.5,-461.0,False,536.0254191733821
pano_2271,51.505342,-0.125697,4,satellite_51.505037_-0.126317.png,-364.3,-461.0,False,587.5674344277429
pano_2272,51.505353,-0.125668,1,satellite_51.505571_-0.125459.png,260.4,155.4,True,303.2446537039029
pano_2272,51.505353,-0.125668,2,satellite_51.505037_-0.125459.png,-377.5,155.4,False,408.2345036863004
pano_2272,51.505353,-0.125668,3,satellite_51.505571_-0.126317.png,260.4,-482.5,False,548.2831476527434
pano_2272,51.505353,-0.125668,4,satellite_51.505037_-0.126317.png,-377.5,-482.5,False,612.6275377421423
pano_2273,51.505357,-0.125635,1,satellite_51.505571_-0.125459.png,255.6,130.9,True,287.16923581748796
pano_2273,51.505357,-0.125635,2,satellite_51.505037_-0.125459.png,-382.2,130.9,False,403.9946163007621
pano_2273,51.505357,-0.125635,3,satellite_51.505571_-0.126317.png,255.6,-507.1,False,567.8747837331748
pano_2273,51.505357,-0.125635,4,satellite_51.505037_-0.126317.png,-382.2,-507.1,False,635.0017716510719
pano_2274,51.505354,-0.125603,1,satellite_51.505571_-0.125459.png,259.2,107.1,True,280.45507661655904
pano_2274,51.505354,-0.125603,2,satellite_51.505037_-0.125459.png,-378.7,107.1,False,393.553173027483
pano_2274,51.505354,-0.125603,3,satellite_51.505571_-0.126317.png,259.2,-530.9,False,590.7956076343154
pano_2274,51.505354,-0.125603,4,satellite_51.505037_-0.126317.png,-378.7,-530.9,False,652.1261381051982
pano_2275,51.505345,-0.125573,1,satellite_51.505571_-0.125459.png,270.0,84.8,True,283.0036042173315
pano_2275,51.505345,-0.125573,2,satellite_51.505037_-0.125459.png,-367.9,84.8,False,377.5466196378932
pano_2275,51.505345,-0.125573,3,satellite_51.505571_-0.126317.png,270.0,-553.2,False,615.5730988274261
pano_2275,51.505345,-0.125573,4,satellite_51.505037_-0.126317.png,-367.9,-553.2,False,664.3648470531836
pano_2276,51.505331,-0.12555,1,satellite_51.505571_-0.125459.png,286.7,67.7,True,294.58475860098395
pano_2276,51.505331,-0.12555,2,satellite_51.505037_-0.125459.png,-351.2,67.7,False,357.6656679078941
pano_2276,51.505331,-0.12555,3,satellite_51.505571_-0.126317.png,286.7,-570.3,False,638.309470398176
pano_2276,51.505331,-0.12555,4,satellite_51.505037_-0.126317.png,-351.2,-570.3,False,669.7637867188699
pano_2277,51.505313,-0.125535,1,satellite_51.505571_-0.125459.png,308.2,56.5,True,313.33606559092425
pano_2277,51.505313,-0.125535,2,satellite_51.505037_-0.125459.png,-329.7,56.5,False,334.506113546524
pano_2277,51.505313,-0.125535,3,satellite_51.505571_-0.126317.png,308.2,-581.4,False,658.0373849562044
pano_2277,51.505313,-0.125535,4,satellite_51.505037_-0.126317.png,-329.7,-581.4,False,668.3771764505427
pano_2278,51.505293,-0.12553,1,satellite_51.505037_-0.125459.png,-305.8,52.8,True,310.324797591169
pano_2278,51.505293,-0.12553,2,satellite_51.505571_-0.125459.png,332.1,52.8,False,336.2710959925043
pano_2278,51.505293,-0.12553,3,satellite_51.505037_-0.126317.png,-305.8,-585.1,False,660.1936458343113
pano_2278,51.505293,-0.12553,4,satellite_51.505571_-0.126317.png,332.1,-585.1,False,672.7796221646432
pano_2279,51.505272,-0.125536,1,satellite_51.505037_-0.125459.png,-280.7,57.3,True,286.4887083289671
pano_2279,51.505272,-0.125536,2,satellite_51.505571_-0.125459.png,357.2,57.3,False,361.76667895205605
pano_2279,51.505272,-0.125536,3,satellite_51.505037_-0.126317.png,-280.7,-580.7,False,644.9844804334442
pano_2279,51.505272,-0.125536,4,satellite_51.505571_-0.126317.png,357.2,-580.7,False,681.7655975480136
pano_228,51.507363,-0.128028,1,satellite_51.507174_-0.128034.png,-225.8,-4.5,True,225.844836115418
pano_228,51.507363,-0.128028,2,satellite_51.507708_-0.128034.png,412.1,-4.5,False,412.1245685469383
pano_228,51.507363,-0.128028,3,satellite_51.507174_-0.127175.png,-225.8,634.2,False,673.1978015412707
pano_228,51.507363,-0.128028,4,satellite_51.507174_-0.128892.png,-225.8,-642.4,False,680.9283369048463
pano_2280,51.505254,-0.125552,1,satellite_51.505037_-0.125459.png,-259.2,69.1,True,268.2525861944298
pano_2280,51.505254,-0.125552,2,satellite_51.505571_-0.125459.png,378.7,69.1,False,384.9525944840481
pano_2280,51.505254,-0.125552,3,satellite_51.505037_-0.126317.png,-259.2,-568.8,False,625.0744595646186
pano_2280,51.505254,-0.125552,4,satellite_51.505571_-0.126317.png,378.7,-568.8,False,683.3352983711583
pano_2281,51.505241,-0.125576,1,satellite_51.505037_-0.125459.png,-243.7,87.0,True,258.76377258032085
pano_2281,51.505241,-0.125576,2,satellite_51.505571_-0.125459.png,394.2,87.0,False,403.6863138626327
pano_2281,51.505241,-0.125576,3,satellite_51.505037_-0.126317.png,-243.7,-550.9,False,602.3956341143252
pano_2281,51.505241,-0.125576,4,satellite_51.505571_-0.126317.png,394.2,-550.9,False,677.4101047371526
pano_2282,51.505231,-0.12564,1,satellite_51.505037_-0.125459.png,-231.7,134.6,True,267.959045378207
pano_2282,51.505231,-0.12564,2,satellite_51.505571_-0.125459.png,406.1,134.6,False,427.82516288783205
pano_2282,51.505231,-0.12564,3,satellite_51.505037_-0.126317.png,-231.7,-503.4,False,554.1628370794996
pano_2282,51.505231,-0.12564,4,satellite_51.505571_-0.126317.png,406.1,-503.4,False,646.7834026936683
pano_2283,51.505236,-0.125673,1,satellite_51.505037_-0.125459.png,-237.7,159.1,True,286.031641606309
pano_2283,51.505236,-0.125673,2,satellite_51.505571_-0.125459.png,400.2,159.1,False,430.6655895239368
pano_2283,51.505236,-0.125673,3,satellite_51.505037_-0.126317.png,-237.7,-478.8,False,534.5565732455266
pano_2283,51.505236,-0.125673,4,satellite_51.505571_-0.126317.png,400.2,-478.8,False,624.026826346432
pano_2284,51.505248,-0.125701,1,satellite_51.505037_-0.125459.png,-252.0,179.9,True,309.62559648711215
pano_2284,51.505248,-0.125701,2,satellite_51.505571_-0.125459.png,385.8,179.9,False,425.6825695280464
pano_2284,51.505248,-0.125701,3,satellite_51.505037_-0.126317.png,-252.0,-458.0,False,522.7504184598995
pano_2284,51.505248,-0.125701,4,satellite_51.505571_-0.126317.png,385.8,-458.0,False,598.8369060103093
pano_2285,51.505265,-0.125722,1,satellite_51.505037_-0.125459.png,-272.3,195.5,True,335.2126787578298
pano_2285,51.505265,-0.125722,2,satellite_51.505571_-0.125459.png,365.5,195.5,False,414.5003015680447
pano_2285,51.505265,-0.125722,3,satellite_51.505037_-0.126317.png,-272.3,-442.4,False,519.4853703426113
pano_2285,51.505265,-0.125722,4,satellite_51.505571_-0.126317.png,365.5,-442.4,False,573.8536485899518
pano_2286,51.507441,-0.128607,1,satellite_51.507174_-0.128892.png,-318.9,-211.9,True,382.88225344092405
pano_2286,51.507441,-0.128607,2,satellite_51.507708_-0.128892.png,318.9,-211.9,True,382.88225344092405
pano_2286,51.507441,-0.128607,3,satellite_51.507174_-0.128034.png,-318.9,426.0,False,532.1402164843398
pano_2286,51.507441,-0.128607,4,satellite_51.507708_-0.128034.png,318.9,426.0,False,532.1402164843398
pano_2287,51.509532,-0.129902,1,satellite_51.509311_-0.129750.png,-264.0,113.0,True,287.1671986839723
pano_2287,51.509532,-0.129902,2,satellite_51.509845_-0.129750.png,373.9,113.0,False,390.60236814438287
pano_2287,51.509532,-0.129902,3,satellite_51.509311_-0.130608.png,-264.0,-524.9,False,587.550857373215
pano_2287,51.509532,-0.129902,4,satellite_51.509845_-0.130608.png,373.9,-524.9,False,644.4542031828173
pano_2288,51.510177,-0.128138,1,satellite_51.510379_-0.128034.png,241.3,77.3,True,253.37912305476158
pano_2288,51.510177,-0.128138,2,satellite_51.509845_-0.128034.png,-396.6,77.3,False,404.0629282673678
pano_2288,51.510177,-0.128138,3,satellite_51.510379_-0.128892.png,241.3,-560.6,False,610.3261832823495
pano_2288,51.510177,-0.128138,4,satellite_51.509845_-0.128892.png,-396.6,-560.6,False,686.7051186644818
pano_2289,51.509949,-0.130093,1,satellite_51.509845_-0.129750.png,-124.2,255.0,True,283.63822027364364
pano_2289,51.509949,-0.130093,2,satellite_51.509845_-0.130608.png,-124.2,-382.9,False,402.53950116727674
pano_2289,51.509949,-0.130093,3,satellite_51.510379_-0.129750.png,513.7,255.0,False,573.5091019330034
pano_2289,51.509949,-0.130093,4,satellite_51.510379_-0.130608.png,513.7,-382.9,False,640.7028172249596
pano_229,51.50763,-0.128746,1,satellite_51.507708_-0.128892.png,93.2,-108.6,True,143.10904932952354
pano_229,51.50763,-0.128746,2,satellite_51.507708_-0.128034.png,93.2,529.4,False,537.5412542307799
pano_229,51.50763,-0.128746,3,satellite_51.507174_-0.128892.png,-544.7,-108.6,False,555.4206063876277
pano_229,51.50763,-0.128746,4,satellite_51.508242_-0.128892.png,731.1,-108.6,False,739.1218911654558
pano_2290,51.509522,-0.130041,1,satellite_51.509311_-0.129750.png,-252.1,216.4,True,332.2399283650296
pano_2290,51.509522,-0.130041,2,satellite_51.509845_-0.129750.png,385.9,216.4,False,442.43391596937954
pano_2290,51.509522,-0.130041,3,satellite_51.509311_-0.130608.png,-252.1,-421.6,False,491.2239509633055
pano_2290,51.509522,-0.130041,4,satellite_51.509845_-0.130608.png,385.9,-421.6,False,571.5464723012469
pano_2291,51.509507,-0.13005,1,satellite_51.509311_-0.129750.png,-234.1,223.1,True,323.38277628841024
pano_2291,51.509507,-0.13005,2,satellite_51.509845_-0.129750.png,403.8,223.1,False,461.3329058283183
pano_2291,51.509507,-0.13005,3,satellite_51.509311_-0.130608.png,-234.1,-414.9,False,476.3872584358234
pano_2291,51.509507,-0.13005,4,satellite_51.509845_-0.130608.png,403.8,-414.9,False,578.96152721921
pano_2292,51.509515,-0.130043,1,satellite_51.509311_-0.129750.png,-243.7,217.8,True,326.84328048775916
pano_2292,51.509515,-0.130043,2,satellite_51.509845_-0.129750.png,394.2,217.8,False,450.36705030452663
pano_2292,51.509515,-0.130043,3,satellite_51.509311_-0.130608.png,-243.7,-420.1,False,485.6683024451977
pano_2292,51.509515,-0.130043,4,satellite_51.509845_-0.130608.png,394.2,-420.1,False,576.0882310896483
pano_2293,51.508013,-0.130422,1,satellite_51.508242_-0.130608.png,273.6,-138.3,True,306.5678554578089
pano_2293,51.508013,-0.130422,2,satellite_51.507708_-0.130608.png,-364.3,-138.3,False,389.66829483549213
pano_2293,51.508013,-0.130422,3,satellite_51.508242_-0.129750.png,273.6,499.6,False,569.6113762908884
pano_2293,51.508013,-0.130422,4,satellite_51.507708_-0.129750.png,-364.3,499.6,False,618.3159790915969
pano_2294,51.508024,-0.130427,1,satellite_51.508242_-0.130608.png,260.4,-134.6,True,293.13020997502116
pano_2294,51.508024,-0.130427,2,satellite_51.507708_-0.130608.png,-377.5,-134.6,False,400.77850491262626
pano_2294,51.508024,-0.130427,3,satellite_51.508242_-0.129750.png,260.4,503.4,False,566.7624899373634
pano_2294,51.508024,-0.130427,4,satellite_51.507708_-0.129750.png,-377.5,503.4,False,629.2200012714154
pano_2295,51.50936,-0.130765,1,satellite_51.509311_-0.130608.png,-58.5,116.7,True,130.54171746993373
pano_2295,51.50936,-0.130765,2,satellite_51.509311_-0.131467.png,-58.5,-521.9,False,525.1684110835304
pano_2295,51.50936,-0.130765,3,satellite_51.509845_-0.130608.png,579.4,116.7,False,591.0357434199728
pano_2295,51.50936,-0.130765,4,satellite_51.508776_-0.130608.png,-697.7,116.7,False,707.3925218716976
pano_2296,51.509161,-0.13129,1,satellite_51.509311_-0.131467.png,179.2,-131.6,True,222.33128434837954
pano_2296,51.509161,-0.13129,2,satellite_51.508776_-0.131467.png,-459.9,-131.6,False,478.358202605537
pano_2296,51.509161,-0.13129,3,satellite_51.509311_-0.130608.png,179.2,507.1,False,537.8318045634713
pano_2296,51.509161,-0.13129,4,satellite_51.508776_-0.130608.png,-459.9,507.1,False,684.5863130387578
pano_2297,51.509518,-0.129966,1,satellite_51.509311_-0.129750.png,-247.3,160.6,True,294.8722604790081
pano_2297,51.509518,-0.129966,2,satellite_51.509845_-0.129750.png,390.6,160.6,False,422.3277400313648
pano_2297,51.509518,-0.129966,3,satellite_51.509311_-0.130608.png,-247.3,-477.3,False,537.5616987844279
pano_2297,51.509518,-0.129966,4,satellite_51.509845_-0.130608.png,390.6,-477.3,False,616.7525030350505
pano_2298,51.509727,-0.12995,1,satellite_51.509845_-0.129750.png,141.0,148.7,True,204.92117996927502
pano_2298,51.509727,-0.12995,2,satellite_51.509845_-0.130608.png,141.0,-489.2,False,509.1145647101446
pano_2298,51.509727,-0.12995,3,satellite_51.509311_-0.129750.png,-497.0,148.7,False,518.7684358169838
pano_2298,51.509727,-0.12995,4,satellite_51.509311_-0.130608.png,-497.0,-489.2,False,697.3705184476901
pano_2299,51.509716,-0.129947,1,satellite_51.509845_-0.129750.png,154.1,146.5,True,212.62422251474547
pano_2299,51.509716,-0.129947,2,satellite_51.509311_-0.129750.png,-483.8,146.5,False,505.49450046464403
pano_2299,51.509716,-0.129947,3,satellite_51.509845_-0.130608.png,154.1,-491.5,False,515.091312293267
pano_2299,51.509716,-0.129947,4,satellite_51.509311_-0.130608.png,-483.8,-491.5,False,689.6627364154164
pano_23,51.50948,-0.129954,1,satellite_51.509311_-0.129750.png,-201.9,151.7,True,252.54009582638557
pano_23,51.50948,-0.129954,2,satellite_51.509845_-0.129750.png,436.0,151.7,False,461.6371843775152
pano_23,51.50948,-0.129954,3,satellite_51.509311_-0.130608.png,-201.9,-486.3,False,526.5465791361672
pano_23,51.50948,-0.129954,4,satellite_51.509845_-0.130608.png,436.0,-486.3,False,653.1337458744572
pano_230,51.506673,-0.126586,1,satellite_51.506640_-0.126317.png,-39.4,200.0,True,203.8439599301387
pano_230,51.506673,-0.126586,2,satellite_51.506640_-0.127175.png,-39.4,-437.9,False,439.66893226608585
pano_230,51.506673,-0.126586,3,satellite_51.507174_-0.126317.png,598.5,200.0,False,631.0326853658216
pano_230,51.506673,-0.126586,4,satellite_51.506105_-0.126317.png,-678.5,200.0,False,707.3628842397655
pano_2300,51.5095,-0.131628,1,satellite_51.509311_-0.131467.png,-225.8,119.7,True,255.5655101925923
pano_2300,51.5095,-0.131628,2,satellite_51.509845_-0.131467.png,412.1,119.7,False,429.13226399328215
pano_2300,51.5095,-0.131628,3,satellite_51.509311_-0.132325.png,-225.8,-518.2,False,565.2582418682633
pano_2300,51.5095,-0.131628,4,satellite_51.509845_-0.132325.png,412.1,-518.2,False,662.0858328041766
pano_2301,51.509147,-0.131299,1,satellite_51.509311_-0.131467.png,195.9,-124.9,True,232.3291200000551
pano_2301,51.509147,-0.131299,2,satellite_51.508776_-0.131467.png,-443.2,-124.9,False,460.4630821249408
pano_2301,51.509147,-0.131299,3,satellite_51.509311_-0.130608.png,195.9,513.8,False,549.8793049388202
pano_2301,51.509147,-0.131299,4,satellite_51.508776_-0.130608.png,-443.2,513.8,False,678.5401093524243
pano_2302,51.509156,-0.131288,1,satellite_51.509311_-0.131467.png,185.2,-133.1,True,228.0672050076468
pano_2302,51.509156,-0.131288,2,satellite_51.508776_-0.131467.png,-454.0,-133.1,False,473.108454796572
pano_2302,51.509156,-0.131288,3,satellite_51.509311_-0.130608.png,185.2,505.6,False,538.4518548579808
pano_2302,51.509156,-0.131288,4,satellite_51.508776_-0.130608.png,-454.0,505.6,False,679.5199481987265
pano_2303,51.509747,-0.131009,1,satellite_51.509845_-0.130608.png,117.1,298.1,True,320.2749131605534
pano_2303,51.509747,-0.131009,2,satellite_51.509845_-0.131467.png,117.1,-340.5,False,360.0731314608187
pano_2303,51.509747,-0.131009,3,satellite_51.509311_-0.130608.png,-520.9,298.1,False,600.1669934276625
pano_2303,51.509747,-0.131009,4,satellite_51.509311_-0.131467.png,-520.9,-340.5,False,622.3158844188375
pano_2304,51.50938,-0.130746,1,satellite_51.509311_-0.130608.png,-82.4,102.6,True,131.5922490118624
pano_2304,51.50938,-0.130746,2,satellite_51.509311_-0.131467.png,-82.4,-536.1,False,542.3955844215549
pano_2304,51.50938,-0.130746,3,satellite_51.509845_-0.130608.png,555.5,102.6,False,564.895574420618
pano_2304,51.50938,-0.130746,4,satellite_51.508776_-0.130608.png,-721.5,102.6,False,728.758540258706
pano_2305,51.509434,-0.130801,1,satellite_51.509311_-0.130608.png,-146.9,143.5,True,205.35788273158641
pano_2305,51.509434,-0.130801,2,satellite_51.509845_-0.130608.png,491.0,143.5,False,511.54007663134274
pano_2305,51.509434,-0.130801,3,satellite_51.509311_-0.131467.png,-146.9,-495.2,False,516.529428009673
pano_2305,51.509434,-0.130801,4,satellite_51.509845_-0.131467.png,491.0,-495.2,False,697.3550315298513
pano_2306,51.509475,-0.130833,1,satellite_51.509311_-0.130608.png,-195.9,167.3,True,257.6161873795977
pano_2306,51.509475,-0.130833,2,satellite_51.509845_-0.130608.png,442.0,167.3,False,472.6026766746037
pano_2306,51.509475,-0.130833,3,satellite_51.509311_-0.131467.png,-195.9,-471.4,False,510.4848381685787
pano_2306,51.509475,-0.130833,4,satellite_51.509845_-0.131467.png,442.0,-471.4,False,646.2058186058061
pano_2307,51.509463,-0.130824,1,satellite_51.509311_-0.130608.png,-181.6,160.6,True,242.4271436947604
pano_2307,51.509463,-0.130824,2,satellite_51.509845_-0.130608.png,456.3,160.6,False,483.7375838199881
pano_2307,51.509463,-0.130824,3,satellite_51.509311_-0.131467.png,-181.6,-478.1,False,511.427580406063
pano_2307,51.509463,-0.130824,4,satellite_51.509845_-0.131467.png,456.3,-478.1,False,660.9003707065083
pano_2308,51.509407,-0.130628,1,satellite_51.509311_-0.130608.png,-114.7,14.9,True,115.6637367544383
pano_2308,51.509407,-0.130628,2,satellite_51.509845_-0.130608.png,523.2,14.9,False,523.4121225191484
pano_2308,51.509407,-0.130628,3,satellite_51.509311_-0.131467.png,-114.7,-623.8,False,634.2574634957006
pano_2308,51.509407,-0.130628,4,satellite_51.509311_-0.129750.png,-114.7,652.8,False,662.8000678937805
pano_2309,51.509344,-0.130696,1,satellite_51.509311_-0.130608.png,-39.4,65.4,True,76.35129337476872
pano_2309,51.509344,-0.130696,2,satellite_51.509311_-0.131467.png,-39.4,-573.2,False,574.5525215330623
pano_2309,51.509344,-0.130696,3,satellite_51.509845_-0.130608.png,598.5,65.4,False,602.0626296324992
pano_2309,51.509344,-0.130696,4,satellite_51.508776_-0.130608.png,-678.5,65.4,False,681.6446361558199
pano_231,51.508041,-0.126869,1,satellite_51.508242_-0.127175.png,240.1,-227.5,True,330.7631478868225
pano_231,51.508041,-0.126869,2,satellite_51.507708_-0.127175.png,-397.8,-227.5,False,458.25875878154255
pano_231,51.508041,-0.126869,3,satellite_51.508242_-0.126317.png,240.1,410.4,False,475.47467861075415
pano_231,51.508041,-0.126869,4,satellite_51.507708_-0.126317.png,-397.8,410.4,False,571.5531471350674
pano_2310,51.509335,-0.130644,1,satellite_51.509311_-0.130608.png,-28.7,26.8,True,39.267416518024206
pano_2310,51.509335,-0.130644,2,satellite_51.509845_-0.130608.png,609.3,26.8,False,609.8891128721679
pano_2310,51.509335,-0.130644,3,satellite_51.509311_-0.131467.png,-28.7,-611.9,False,612.5726895642671
pano_2310,51.509335,-0.130644,4,satellite_51.509311_-0.129750.png,-28.7,664.7,False,665.3193067993744
pano_2311,51.509181,-0.130458,1,satellite_51.509311_-0.130608.png,155.3,-111.5,True,191.18143215281134
pano_2311,51.509181,-0.130458,2,satellite_51.508776_-0.130608.png,-483.8,-111.5,False,496.4823158985625
pano_2311,51.509181,-0.130458,3,satellite_51.509311_-0.129750.png,155.3,526.4,False,548.830620501444
pano_2311,51.509181,-0.130458,4,satellite_51.508776_-0.129750.png,-483.8,526.4,False,714.9541244023983
pano_2312,51.509098,-0.13037,1,satellite_51.509311_-0.130608.png,254.5,-177.0,True,309.99879032022045
pano_2312,51.509098,-0.13037,2,satellite_51.508776_-0.130608.png,-384.7,-177.0,False,423.4655712097502
pano_2312,51.509098,-0.13037,3,satellite_51.509311_-0.129750.png,254.5,461.0,False,526.584513634801
pano_2312,51.509098,-0.13037,4,satellite_51.508776_-0.129750.png,-384.7,461.0,False,600.4290882360714
pano_2313,51.509066,-0.130371,1,satellite_51.509311_-0.130608.png,292.7,-176.2,True,341.6426934678978
pano_2313,51.509066,-0.130371,2,satellite_51.508776_-0.130608.png,-346.4,-176.2,False,388.6378777216652
pano_2313,51.509066,-0.130371,3,satellite_51.509311_-0.129750.png,292.7,461.7,False,546.662766246248
pano_2313,51.509066,-0.130371,4,satellite_51.508776_-0.129750.png,-346.4,461.7,False,577.2000086625086
pano_2314,51.508845,-0.130212,1,satellite_51.508776_-0.130608.png,-82.4,-294.4,True,305.7141148197119
pano_2314,51.508845,-0.130212,2,satellite_51.508776_-0.129750.png,-82.4,343.5,False,353.2449716556486
pano_2314,51.508845,-0.130212,3,satellite_51.509311_-0.130608.png,556.7,-294.4,False,629.7509428337523
pano_2314,51.508845,-0.130212,4,satellite_51.509311_-0.129750.png,556.7,343.5,False,654.1461151761126
pano_2315,51.509374,-0.130604,1,satellite_51.509311_-0.130608.png,-75.3,-3.0,True,75.35973726068848
pano_2315,51.509374,-0.130604,2,satellite_51.509845_-0.130608.png,562.7,-3.0,False,562.7079970997391
pano_2315,51.509374,-0.130604,3,satellite_51.509311_-0.129750.png,-75.3,635.0,False,639.4490519189155
pano_2315,51.509374,-0.130604,4,satellite_51.509311_-0.131467.png,-75.3,-641.7,False,646.1029174984432
pano_2316,51.509357,-0.130609,1,satellite_51.509311_-0.130608.png,-55.0,0.7,True,55.00445436507847
pano_2316,51.509357,-0.130609,2,satellite_51.509845_-0.130608.png,583.0,0.7,False,583.0004202399857
pano_2316,51.509357,-0.130609,3,satellite_51.509311_-0.131467.png,-55.0,-637.9,False,640.2666710051367
pano_2316,51.509357,-0.130609,4,satellite_51.509311_-0.129750.png,-55.0,638.7,False,641.0637175819577
pano_2317,51.509444,-0.129991,1,satellite_51.509311_-0.129750.png,-158.9,179.2,True,239.50334026898247
pano_2317,51.509444,-0.129991,2,satellite_51.509311_-0.130608.png,-158.9,-458.7,False,485.4429935636109
pano_2317,51.509444,-0.129991,3,satellite_51.509845_-0.129750.png,479.0,179.2,False,511.42315160735535
pano_2317,51.509444,-0.129991,4,satellite_51.509845_-0.130608.png,479.0,-458.7,False,663.2093862423842
pano_2318,51.50888,-0.130082,1,satellite_51.508776_-0.129750.png,-124.2,246.8,True,276.2894858658216
pano_2318,51.50888,-0.130082,2,satellite_51.508776_-0.130608.png,-124.2,-391.1,False,410.34723101295566
pano_2318,51.50888,-0.130082,3,satellite_51.509311_-0.129750.png,514.9,246.8,False,570.9923379520955
pano_2318,51.50888,-0.130082,4,satellite_51.509311_-0.130608.png,514.9,-391.1,False,646.5920042809066
pano_2319,51.509373,-0.130583,1,satellite_51.509311_-0.130608.png,-74.1,-18.6,True,76.39875653438345
pano_2319,51.509373,-0.130583,2,satellite_51.509845_-0.130608.png,563.9,-18.6,False,564.2066731260807
pano_2319,51.509373,-0.130583,3,satellite_51.509311_-0.129750.png,-74.1,619.3,False,623.7173237933991
pano_2319,51.509373,-0.130583,4,satellite_51.509311_-0.131467.png,-74.1,-657.3,False,661.4636044409397
pano_232,51.506711,-0.126648,1,satellite_51.506640_-0.126317.png,-84.8,246.1,True,260.30030733750584
pano_232,51.506711,-0.126648,2,satellite_51.506640_-0.127175.png,-84.8,-391.8,False,400.8718997385574
pano_232,51.506711,-0.126648,3,satellite_51.507174_-0.126317.png,553.1,246.1,False,605.3798972546082
pano_232,51.506711,-0.126648,4,satellite_51.507174_-0.127175.png,553.1,-391.8,False,677.8103348282616
pano_2320,51.509401,-0.130207,1,satellite_51.509311_-0.130608.png,-107.5,-298.1,True,316.89092760759183
pano_2320,51.509401,-0.130207,2,satellite_51.509311_-0.129750.png,-107.5,339.8,False,356.3990600436539
pano_2320,51.509401,-0.130207,3,satellite_51.509845_-0.130608.png,530.4,-298.1,False,608.4305794418949
pano_2320,51.509401,-0.130207,4,satellite_51.509845_-0.129750.png,530.4,339.8,False,629.9112635919444
pano_2321,51.509379,-0.130293,1,satellite_51.509311_-0.130608.png,-81.2,-234.2,True,247.87714699019753
pano_2321,51.509379,-0.130293,2,satellite_51.509311_-0.129750.png,-81.2,403.7,False,411.7852959978051
pano_2321,51.509379,-0.130293,3,satellite_51.509845_-0.130608.png,556.7,-234.2,False,603.957390881178
pano_2321,51.509379,-0.130293,4,satellite_51.509845_-0.129750.png,556.7,403.7,False,687.6689465142366
pano_2322,51.509427,-0.130217,1,satellite_51.509311_-0.130608.png,-138.6,-290.7,True,322.05038425687366
pano_2322,51.509427,-0.130217,2,satellite_51.509311_-0.129750.png,-138.6,347.2,False,373.8419452121444
pano_2322,51.509427,-0.130217,3,satellite_51.509845_-0.130608.png,499.4,-290.7,False,577.8467357353504
pano_2322,51.509427,-0.130217,4,satellite_51.509845_-0.129750.png,499.4,347.2,False,608.2336722017287
pano_2323,51.509345,-0.130589,1,satellite_51.509311_-0.130608.png,-40.6,-14.1,True,42.978715662523
pano_2323,51.509345,-0.130589,2,satellite_51.509845_-0.130608.png,597.3,-14.1,False,597.4664007289447
pano_2323,51.509345,-0.130589,3,satellite_51.509311_-0.129750.png,-40.6,623.8,False,625.1198285129019
pano_2323,51.509345,-0.130589,4,satellite_51.509311_-0.131467.png,-40.6,-652.8,False,654.0613121107225
pano_2324,51.509558,-0.129589,1,satellite_51.509311_-0.129750.png,-295.1,-119.7,True,318.45266524241873
pano_2324,51.509558,-0.129589,2,satellite_51.509845_-0.129750.png,342.9,-119.7,False,363.1920979316593
pano_2324,51.509558,-0.129589,3,satellite_51.509311_-0.128892.png,-295.1,518.2,False,596.3348472125372
pano_2324,51.509558,-0.129589,4,satellite_51.509845_-0.128892.png,342.9,518.2,False,621.3788297005298
pano_2325,51.509808,-0.12853,1,satellite_51.509845_-0.128892.png,44.2,-269.2,True,272.8044721041061
pano_2325,51.509808,-0.12853,2,satellite_51.509845_-0.128034.png,44.2,368.8,False,371.4392009468037
pano_2325,51.509808,-0.12853,3,satellite_51.509311_-0.128892.png,-593.7,-269.2,False,651.880610234727
pano_2325,51.509808,-0.12853,4,satellite_51.509311_-0.128034.png,-593.7,368.8,False,698.922835511904
pano_2326,51.50616,-0.126543,1,satellite_51.506105_-0.126317.png,-65.7,168.0,True,180.38982787285983
pano_2326,51.50616,-0.126543,2,satellite_51.506105_-0.127175.png,-65.7,-469.9,False,474.4707577923006
pano_2326,51.50616,-0.126543,3,satellite_51.506640_-0.126317.png,573.4,168.0,False,597.5044434981215
pano_2326,51.50616,-0.126543,4,satellite_51.505571_-0.126317.png,-703.6,168.0,False,723.3788495663943
pano_2327,51.508932,-0.129693,1,satellite_51.508776_-0.129750.png,-186.4,-42.4,True,191.1615024004572
pano_2327,51.508932,-0.129693,2,satellite_51.509311_-0.129750.png,452.8,-42.4,False,454.7808263328611
pano_2327,51.508932,-0.129693,3,satellite_51.508776_-0.128892.png,-186.4,595.6,False,624.0867888362964
pano_2327,51.508932,-0.129693,4,satellite_51.508776_-0.130608.png,-186.4,-680.3,False,705.3744041287576
pano_2328,51.508907,-0.129756,1,satellite_51.508776_-0.129750.png,-156.5,4.5,True,156.56468311851177
pano_2328,51.508907,-0.129756,2,satellite_51.509311_-0.129750.png,482.6,4.5,False,482.6209796517346
pano_2328,51.508907,-0.129756,3,satellite_51.508776_-0.130608.png,-156.5,-633.5,False,652.5446344887068
pano_2328,51.508907,-0.129756,4,satellite_51.508776_-0.128892.png,-156.5,642.4,False,661.1883317179758
pano_2329,51.508851,-0.130004,1,satellite_51.508776_-0.129750.png,-89.6,188.9,True,209.0726428780198
pano_2329,51.508851,-0.130004,2,satellite_51.508776_-0.130608.png,-89.6,-449.1,False,457.95083797281126
pano_2329,51.508851,-0.130004,3,satellite_51.509311_-0.129750.png,549.5,188.9,False,581.0623546573981
pano_2329,51.508851,-0.130004,4,satellite_51.509311_-0.130608.png,549.5,-449.1,False,709.6767292225384
pano_233,51.507556,-0.127452,1,satellite_51.507708_-0.127175.png,181.6,206.0,True,274.6171152714266
pano_233,51.507556,-0.127452,2,satellite_51.507708_-0.128034.png,181.6,-432.7,False,469.263092518472
pano_233,51.507556,-0.127452,3,satellite_51.507174_-0.127175.png,-456.3,206.0,False,500.6452736219528
pano_233,51.507556,-0.127452,4,satellite_51.507174_-0.128034.png,-456.3,-432.7,False,628.8393912598033
pano_2330,51.50881,-0.13019,1,satellite_51.508776_-0.130608.png,-40.6,-310.8,True,313.4405844813336
pano_2330,51.50881,-0.13019,2,satellite_51.508776_-0.129750.png,-40.6,327.1,False,329.6100271533013
pano_2330,51.50881,-0.13019,3,satellite_51.509311_-0.130608.png,598.5,-310.8,False,674.3877890353591
pano_2330,51.50881,-0.13019,4,satellite_51.509311_-0.129750.png,598.5,327.1,False,682.05326771448
pano_2331,51.508816,-0.130197,1,satellite_51.508776_-0.130608.png,-47.8,-305.6,True,309.3156963362836
pano_2331,51.508816,-0.130197,2,satellite_51.508776_-0.129750.png,-47.8,332.4,False,335.8192966462767
pano_2331,51.508816,-0.130197,3,satellite_51.509311_-0.130608.png,591.3,-305.6,False,665.6027719293241
pano_2331,51.508816,-0.130197,4,satellite_51.509311_-0.129750.png,591.3,332.4,False,678.3254749749563
pano_2332,51.508839,-0.130209,1,satellite_51.508776_-0.130608.png,-75.3,-296.7,True,306.10615805631875
pano_2332,51.508839,-0.130209,2,satellite_51.508776_-0.129750.png,-75.3,341.3,False,349.5079112123215
pano_2332,51.508839,-0.130209,3,satellite_51.509311_-0.130608.png,563.9,-296.7,False,637.1923571418603
pano_2332,51.508839,-0.130209,4,satellite_51.509311_-0.129750.png,563.9,341.3,False,659.1425490741741
pano_2333,51.508522,-0.126942,1,satellite_51.508776_-0.127175.png,303.4,-173.2,True,349.3562651506339
pano_2333,51.508522,-0.126942,2,satellite_51.508242_-0.127175.png,-334.5,-173.2,False,376.68088616227925
pano_2333,51.508522,-0.126942,3,satellite_51.508776_-0.126317.png,303.4,464.7,False,554.9753598133884
pano_2333,51.508522,-0.126942,4,satellite_51.508242_-0.126317.png,-334.5,464.7,False,572.5699433257041
pano_2334,51.508365,-0.12428,1,satellite_51.508242_-0.124600.png,-146.9,-237.9,True,279.59974964223414
pano_2334,51.508365,-0.12428,2,satellite_51.508242_-0.123742.png,-146.9,400.0,False,426.12159062877816
pano_2334,51.508365,-0.12428,3,satellite_51.508776_-0.124600.png,491.0,-237.9,False,545.598212973613
pano_2334,51.508365,-0.12428,4,satellite_51.508776_-0.123742.png,491.0,400.0,False,633.3095609573568
pano_2335,51.50714,-0.125323,1,satellite_51.507174_-0.125459.png,40.6,-101.1,True,108.94755619104083
pano_2335,51.50714,-0.125323,2,satellite_51.507174_-0.124600.png,40.6,537.6,False,539.1308931975611
pano_2335,51.50714,-0.125323,3,satellite_51.506640_-0.125459.png,-597.3,-101.1,False,605.7957576609463
pano_2335,51.50714,-0.125323,4,satellite_51.507708_-0.125459.png,678.5,-101.1,False,685.9908599974201
pano_2336,51.505675,-0.126436,1,satellite_51.505571_-0.126317.png,-124.2,88.5,True,152.50537695438808
pano_2336,51.505675,-0.126436,2,satellite_51.506105_-0.126317.png,513.6,88.5,False,521.1690800498434
pano_2336,51.505675,-0.126436,3,satellite_51.505571_-0.127175.png,-124.2,-549.5,False,563.3612428983733
pano_2336,51.505675,-0.126436,4,satellite_51.505571_-0.125459.png,-124.2,726.4,False,736.9413816579986
pano_2337,51.505699,-0.126347,1,satellite_51.505571_-0.126317.png,-152.9,22.3,True,154.51763653382744
pano_2337,51.505699,-0.126347,2,satellite_51.506105_-0.126317.png,485.0,22.3,False,485.5123994297159
pano_2337,51.505699,-0.126347,3,satellite_51.505571_-0.127175.png,-152.9,-615.6,False,634.304162054767
pano_2337,51.505699,-0.126347,4,satellite_51.505571_-0.125459.png,-152.9,660.2,False,677.6742949234537
pano_2338,51.505688,-0.126306,1,satellite_51.505571_-0.126317.png,-139.8,-8.2,True,140.0402799197431
pano_2338,51.505688,-0.126306,2,satellite_51.506105_-0.126317.png,498.1,-8.2,False,498.1674919141152
pano_2338,51.505688,-0.126306,3,satellite_51.505571_-0.125459.png,-139.8,629.8,False,645.1295063783705
pano_2338,51.505688,-0.126306,4,satellite_51.505571_-0.127175.png,-139.8,-646.1,False,661.0516243078146
pano_2339,51.506159,-0.124493,1,satellite_51.506105_-0.124600.png,-64.5,-79.6,True,102.45198875570937
pano_2339,51.506159,-0.124493,2,satellite_51.506105_-0.123742.png,-64.5,558.4,False,562.1128089627562
pano_2339,51.506159,-0.124493,3,satellite_51.506640_-0.124600.png,574.6,-79.6,False,580.0873382517499
pano_2339,51.506159,-0.124493,4,satellite_51.505571_-0.124600.png,-702.4,-79.6,False,706.8959753740291
pano_234,51.506994,-0.127654,1,satellite_51.507174_-0.128034.png,215.0,-282.5,True,355.00880270776383
pano_234,51.506994,-0.127654,2,satellite_51.507174_-0.127175.png,215.0,356.1,False,415.9714052672371
pano_234,51.506994,-0.127654,3,satellite_51.506640_-0.128034.png,-422.9,-282.5,False,508.5770934676472
pano_234,51.506994,-0.127654,4,satellite_51.506640_-0.127175.png,-422.9,356.1,False,552.857685123396
pano_2340,51.509035,-0.12691,1,satellite_51.508776_-0.127175.png,-309.4,-197.0,True,366.79334781317937
pano_2340,51.509035,-0.12691,2,satellite_51.509311_-0.127175.png,329.7,-197.0,False,384.07172507228387
pano_2340,51.509035,-0.12691,3,satellite_51.508776_-0.126317.png,-309.4,440.9,False,538.6289724847708
pano_2340,51.509035,-0.12691,4,satellite_51.509311_-0.126317.png,329.7,440.9,False,550.5405525481298
pano_2341,51.509036,-0.126733,1,satellite_51.508776_-0.126317.png,-310.6,309.3,True,438.33645753005766
pano_2341,51.509036,-0.126733,2,satellite_51.509311_-0.126317.png,328.5,309.3,False,451.1970079688029
pano_2341,51.509036,-0.126733,3,satellite_51.508776_-0.127175.png,-310.6,-328.6,False,452.161829437205
pano_2341,51.509036,-0.126733,4,satellite_51.509311_-0.127175.png,328.5,-328.6,False,464.63987129819157
pano_2342,51.509036,-0.126919,1,satellite_51.508776_-0.127175.png,-310.6,-190.3,True,364.26151320171067
pano_2342,51.509036,-0.126919,2,satellite_51.509311_-0.127175.png,328.5,-190.3,False,379.63975028966604
pano_2342,51.509036,-0.126919,3,satellite_51.508776_-0.126317.png,-310.6,447.6,False,544.810168774409
pano_2342,51.509036,-0.126919,4,satellite_51.509311_-0.126317.png,328.5,447.6,False,555.209879234871
pano_235,51.507193,-0.12789,1,satellite_51.507174_-0.128034.png,-22.7,-107.1,True,109.47922177290081
pano_235,51.507193,-0.12789,2,satellite_51.507174_-0.127175.png,-22.7,531.6,False,532.0844387876797
pano_235,51.507193,-0.12789,3,satellite_51.507708_-0.128034.png,615.2,-107.1,False,624.452920563272
pano_235,51.507193,-0.12789,4,satellite_51.506640_-0.128034.png,-660.6,-107.1,False,669.2255001118831
pano_236,51.508297,-0.129177,1,satellite_51.508242_-0.128892.png,-65.7,211.9,True,221.85152692735744
pano_236,51.508297,-0.129177,2,satellite_51.508242_-0.129750.png,-65.7,-426.0,False,431.0365297744496
pano_236,51.508297,-0.129177,3,satellite_51.508776_-0.128892.png,572.2,211.9,False,610.1757533694698
pano_236,51.508297,-0.129177,4,satellite_51.508776_-0.129750.png,572.2,-426.0,False,713.3644510346728
pano_237,51.507032,-0.127788,1,satellite_51.507174_-0.128034.png,169.6,-182.9,True,249.43249587814336
pano_237,51.507032,-0.127788,2,satellite_51.507174_-0.127175.png,169.6,455.8,False,486.3309572708692
pano_237,51.507032,-0.127788,3,satellite_51.506640_-0.128034.png,-468.3,-182.9,False,502.74973893578505
pano_237,51.507032,-0.127788,4,satellite_51.506640_-0.127175.png,-468.3,455.8,False,653.497153781101
pano_238,51.507959,-0.127151,1,satellite_51.507708_-0.127175.png,-299.8,-17.8,True,300.32795407687246
pano_238,51.507959,-0.127151,2,satellite_51.508242_-0.127175.png,338.1,-17.8,False,338.5682353677025
pano_238,51.507959,-0.127151,3,satellite_51.507708_-0.126317.png,-299.8,620.1,False,688.7699543388925
pano_238,51.507959,-0.127151,4,satellite_51.508242_-0.126317.png,338.1,620.1,False,706.2829602928277
pano_239,51.506973,-0.12796,1,satellite_51.507174_-0.128034.png,240.1,-55.0,True,246.31891928960715
pano_239,51.506973,-0.12796,2,satellite_51.506640_-0.128034.png,-397.8,-55.0,False,401.58416303435075
pano_239,51.506973,-0.12796,3,satellite_51.507174_-0.127175.png,240.1,583.7,False,631.152675665722
pano_239,51.506973,-0.12796,4,satellite_51.506640_-0.127175.png,-397.8,583.7,False,706.3643040244885
pano_24,51.509869,-0.128446,1,satellite_51.509845_-0.128034.png,-28.7,306.3,True,307.64164217478753
pano_24,51.509869,-0.128446,2,satellite_51.509845_-0.128892.png,-28.7,-331.6,False,332.839676120501
pano_24,51.509869,-0.128446,3,satellite_51.510379_-0.128034.png,609.3,306.3,False,681.9576086532065
pano_24,51.509869,-0.128446,4,satellite_51.510379_-0.128892.png,609.3,-331.6,False,693.6894478078789
pano_240,51.507919,-0.127033,1,satellite_51.507708_-0.127175.png,-252.1,-105.6,True,273.3235628335032
pano_240,51.507919,-0.127033,2,satellite_51.508242_-0.127175.png,385.8,-105.6,False,399.9912499042948
pano_240,51.507919,-0.127033,3,satellite_51.507708_-0.126317.png,-252.1,532.4,False,589.0705984854446
pano_240,51.507919,-0.127033,4,satellite_51.508242_-0.126317.png,385.8,532.4,False,657.4887071273544
pano_241,51.506763,-0.127522,1,satellite_51.506640_-0.127175.png,-146.9,258.0,True,296.8898954157921
pano_241,51.506763,-0.127522,2,satellite_51.506640_-0.128034.png,-146.9,-380.7,False,408.058941820909
pano_241,51.506763,-0.127522,3,satellite_51.507174_-0.127175.png,491.0,258.0,False,554.6575520084442
pano_241,51.506763,-0.127522,4,satellite_51.507174_-0.128034.png,491.0,-380.7,False,621.2998390471383
pano_242,51.507018,-0.127846,1,satellite_51.507174_-0.128034.png,186.4,-139.8,True,233.0
pano_242,51.507018,-0.127846,2,satellite_51.506640_-0.128034.png,-451.5,-139.8,False,472.6481672449392
pano_242,51.507018,-0.127846,3,satellite_51.507174_-0.127175.png,186.4,498.9,False,532.5844252322818
pano_242,51.507018,-0.127846,4,satellite_51.506640_-0.127175.png,-451.5,498.9,False,672.8695713137873
pano_243,51.50754,-0.127405,1,satellite_51.507708_-0.127175.png,200.7,171.0,True,263.6692814872449
pano_243,51.50754,-0.127405,2,satellite_51.507174_-0.127175.png,-437.2,171.0,False,469.45163755172905
pano_243,51.50754,-0.127405,3,satellite_51.507708_-0.128034.png,200.7,-467.7,False,508.9437886446793
pano_243,51.50754,-0.127405,4,satellite_51.507174_-0.128034.png,-437.2,-467.7,False,640.2242810140833
pano_244,51.507968,-0.124286,1,satellite_51.507708_-0.124600.png,-310.6,-233.5,True,388.5802491120721
pano_244,51.507968,-0.124286,2,satellite_51.508242_-0.124600.png,327.3,-233.5,False,402.05415058173446
pano_244,51.507968,-0.124286,3,satellite_51.507708_-0.123742.png,-310.6,404.5,False,509.9927548504979
pano_244,51.507968,-0.124286,4,satellite_51.508242_-0.123742.png,327.3,404.5,False,520.3321439234751
pano_245,51.50782,-0.124647,1,satellite_51.507708_-0.124600.png,-133.8,34.9,True,138.27671532112703
pano_245,51.50782,-0.124647,2,satellite_51.508242_-0.124600.png,504.1,34.9,False,505.30665936636933
pano_245,51.50782,-0.124647,3,satellite_51.507708_-0.125459.png,-133.8,-603.7,False,618.349520902216
pano_245,51.50782,-0.124647,4,satellite_51.507708_-0.123742.png,-133.8,672.9,False,686.073501893201
pano_246,51.507876,-0.124349,1,satellite_51.507708_-0.124600.png,-200.7,-186.6,True,274.04388334717487
pano_246,51.507876,-0.124349,2,satellite_51.508242_-0.124600.png,437.2,-186.6,False,475.3560770622376
pano_246,51.507876,-0.124349,3,satellite_51.507708_-0.123742.png,-200.7,451.3,False,493.91515465715366
pano_246,51.507876,-0.124349,4,satellite_51.508242_-0.123742.png,437.2,451.3,False,628.3434809083325
pano_247,51.50796,-0.12419,1,satellite_51.507708_-0.124600.png,-301.0,-304.8,True,428.3737153467752
pano_247,51.50796,-0.12419,2,satellite_51.507708_-0.123742.png,-301.0,333.1,False,448.9505652073511
pano_247,51.50796,-0.12419,3,satellite_51.508242_-0.124600.png,336.9,-304.8,False,454.31778525609144
pano_247,51.50796,-0.12419,4,satellite_51.508242_-0.123742.png,336.9,333.1,False,473.7691632008145
pano_248,51.50797,-0.124208,1,satellite_51.507708_-0.124600.png,-313.0,-291.5,True,427.7163195390141
pano_248,51.50797,-0.124208,2,satellite_51.508242_-0.124600.png,324.9,-291.5,False,436.5000114547536
pano_248,51.50797,-0.124208,3,satellite_51.507708_-0.123742.png,-313.0,346.5,False,466.9381650711366
pano_248,51.50797,-0.124208,4,satellite_51.508242_-0.123742.png,324.9,346.5,False,474.99711578071714
pano_249,51.50819,-0.124849,1,satellite_51.508242_-0.124600.png,62.1,185.1,True,195.23939151718332
pano_249,51.50819,-0.124849,2,satellite_51.508242_-0.125459.png,62.1,-453.5,False,457.7320832102552
pano_249,51.50819,-0.124849,3,satellite_51.507708_-0.124600.png,-575.8,185.1,False,604.8203452265805
pano_249,51.50819,-0.124849,4,satellite_51.508776_-0.124600.png,700.0,185.1,False,724.0593967348259
pano_25,51.507537,-0.128604,1,satellite_51.507708_-0.128892.png,204.3,-214.1,True,295.93462115811997
pano_25,51.507537,-0.128604,2,satellite_51.507708_-0.128034.png,204.3,423.8,False,470.47309168538004
pano_25,51.507537,-0.128604,3,satellite_51.507174_-0.128892.png,-433.6,-214.1,False,483.5780909015627
pano_25,51.507537,-0.128604,4,satellite_51.507174_-0.128034.png,-433.6,423.8,False,606.3129554941079
pano_250,51.507876,-0.124755,1,satellite_51.507708_-0.124600.png,-200.7,115.2,True,231.4120351235
pano_250,51.507876,-0.124755,2,satellite_51.508242_-0.124600.png,437.2,115.2,False,452.1226382299387
pano_250,51.507876,-0.124755,3,satellite_51.507708_-0.125459.png,-200.7,-523.4,False,560.5604784499171
pano_250,51.507876,-0.124755,4,satellite_51.508242_-0.125459.png,437.2,-523.4,False,681.9760992879442
pano_251,51.507883,-0.124362,1,satellite_51.507708_-0.124600.png,-209.1,-177.0,True,273.9558541079201
pano_251,51.507883,-0.124362,2,satellite_51.508242_-0.124600.png,428.9,-177.0,False,463.9872950846822
pano_251,51.507883,-0.124362,3,satellite_51.507708_-0.123742.png,-209.1,461.0,False,506.2053041997881
pano_251,51.507883,-0.124362,4,satellite_51.508242_-0.123742.png,428.9,461.0,False,629.6635689000913
pano_252,51.508332,-0.125112,1,satellite_51.508242_-0.125459.png,-107.5,-258.0,True,279.5
pano_252,51.508332,-0.125112,2,satellite_51.508242_-0.124600.png,-107.5,380.7,False,395.5865771231375
pano_252,51.508332,-0.125112,3,satellite_51.508776_-0.125459.png,530.4,-258.0,False,589.8204472549252
pano_252,51.508332,-0.125112,4,satellite_51.508776_-0.124600.png,530.4,380.7,False,652.8833356733804
pano_253,51.507322,-0.12825,1,satellite_51.507174_-0.128034.png,-176.8,160.6,True,238.852674257585
pano_253,51.507322,-0.12825,2,satellite_51.507708_-0.128034.png,461.1,160.6,False,488.26792849827854
pano_253,51.507322,-0.12825,3,satellite_51.507174_-0.128892.png,-176.8,-477.3,False,508.99266202962104
pano_253,51.507322,-0.12825,4,satellite_51.507708_-0.128892.png,461.1,-477.3,False,663.6478734991923
pano_254,51.508554,-0.125945,1,satellite_51.508776_-0.126317.png,265.2,-276.6,True,383.1952504924872
pano_254,51.508554,-0.125945,2,satellite_51.508776_-0.125459.png,265.2,361.3,False,448.1838127375865
pano_254,51.508554,-0.125945,3,satellite_51.508242_-0.126317.png,-372.7,-276.6,False,464.12589886796883
pano_254,51.508554,-0.125945,4,satellite_51.508242_-0.125459.png,-372.7,361.3,False,519.0789727970109
pano_255,51.50817,-0.125315,1,satellite_51.508242_-0.125459.png,86.0,-107.1,True,137.35505087181906
pano_255,51.50817,-0.125315,2,satellite_51.508242_-0.124600.png,86.0,531.6,False,538.5114297765648
pano_255,51.50817,-0.125315,3,satellite_51.507708_-0.125459.png,-551.9,-107.1,False,562.195713252956
pano_255,51.50817,-0.125315,4,satellite_51.508776_-0.125459.png,723.9,-107.1,False,731.7797619502742
pano_256,51.507463,-0.127284,1,satellite_51.507708_-0.127175.png,292.7,81.0,True,303.7009878153181
pano_256,51.507463,-0.127284,2,satellite_51.507174_-0.127175.png,-345.2,81.0,False,354.5758593023501
pano_256,51.507463,-0.127284,3,satellite_51.507708_-0.128034.png,292.7,-557.6,False,629.7547538526406
pano_256,51.507463,-0.127284,4,satellite_51.507174_-0.128034.png,-345.2,-557.6,False,655.8054589586762
pano_257,51.508735,-0.124855,1,satellite_51.508776_-0.124600.png,49.0,189.6,True,195.82941556364815
pano_257,51.508735,-0.124855,2,satellite_51.508776_-0.125459.png,49.0,-449.1,False,451.7652155710973
pano_257,51.508735,-0.124855,3,satellite_51.508242_-0.124600.png,-588.9,189.6,False,618.6690310658842
pano_257,51.508735,-0.124855,4,satellite_51.509311_-0.124600.png,688.1,189.6,False,713.7434903380906
pano_258,51.507509,-0.127222,1,satellite_51.507708_-0.127175.png,237.7,34.9,True,240.24841310610148
pano_258,51.507509,-0.127222,2,satellite_51.507174_-0.127175.png,-400.2,34.9,False,401.7188693601534
pano_258,51.507509,-0.127222,3,satellite_51.507708_-0.128034.png,237.7,-603.7,False,648.8104345646732
pano_258,51.507509,-0.127222,4,satellite_51.507708_-0.126317.png,237.7,672.9,False,713.6495638617038
pano_259,51.50782,-0.127305,1,satellite_51.507708_-0.127175.png,-133.8,96.7,True,165.08582616324153
pano_259,51.50782,-0.127305,2,satellite_51.508242_-0.127175.png,504.1,96.7,False,513.2910480419467
pano_259,51.50782,-0.127305,3,satellite_51.507708_-0.128034.png,-133.8,-542.0,False,558.2709378070831
pano_259,51.50782,-0.127305,4,satellite_51.508242_-0.128034.png,504.1,-542.0,False,740.1897121684414
pano_26,51.507588,-0.129744,1,satellite_51.507708_-0.129750.png,143.3,-4.5,True,143.37063855615628
pano_26,51.507588,-0.129744,2,satellite_51.507174_-0.129750.png,-494.6,-4.5,False,494.62047066412447
pano_26,51.507588,-0.129744,3,satellite_51.507708_-0.128892.png,143.3,633.5,False,649.5053040584041
pano_26,51.507588,-0.129744,4,satellite_51.507708_-0.130608.png,143.3,-642.4,False,658.1889166493158
pano_260,51.507962,-0.126956,1,satellite_51.507708_-0.127175.png,-303.4,-162.8,True,344.3187476743025
pano_260,51.507962,-0.126956,2,satellite_51.508242_-0.127175.png,334.5,-162.8,False,372.0135615807574
pano_260,51.507962,-0.126956,3,satellite_51.507708_-0.126317.png,-303.4,475.1,False,563.7123113787742
pano_260,51.507962,-0.126956,4,satellite_51.508242_-0.126317.png,334.5,475.1,False,581.0423908803901
pano_261,51.507432,-0.127937,1,satellite_51.507174_-0.128034.png,-308.2,-72.1,True,316.521168328439
pano_261,51.507432,-0.127937,2,satellite_51.507708_-0.128034.png,329.7,-72.1,False,337.4914813739748
pano_261,51.507432,-0.127937,3,satellite_51.507174_-0.127175.png,-308.2,566.6,False,644.9982945713888
pano_261,51.507432,-0.127937,4,satellite_51.507708_-0.127175.png,329.7,566.6,False,655.5437819093397
pano_262,51.507924,-0.127277,1,satellite_51.507708_-0.127175.png,-258.0,75.8,True,268.9045183703688
pano_262,51.507924,-0.127277,2,satellite_51.508242_-0.127175.png,379.9,75.8,False,387.38824194856505
pano_262,51.507924,-0.127277,3,satellite_51.507708_-0.128034.png,-258.0,-562.8,False,619.1185993006509
pano_262,51.507924,-0.127277,4,satellite_51.508242_-0.128034.png,379.9,-562.8,False,679.0197714352653
pano_263,51.507418,-0.127613,1,satellite_51.507174_-0.128034.png,-291.5,-313.0,True,427.7163195390141
pano_263,51.507418,-0.127613,2,satellite_51.507174_-0.127175.png,-291.5,325.7,False,437.0958018558403
pano_263,51.507418,-0.127613,3,satellite_51.507708_-0.128034.png,346.4,-313.0,False,466.86396305562073
pano_263,51.507418,-0.127613,4,satellite_51.507708_-0.127175.png,346.4,325.7,False,475.4718183026203
pano_264,51.508663,-0.124728,1,satellite_51.508776_-0.124600.png,135.0,95.2,True,165.1909198473088
pano_264,51.508663,-0.124728,2,satellite_51.508242_-0.124600.png,-502.9,95.2,False,511.8314664027603
pano_264,51.508663,-0.124728,3,satellite_51.508776_-0.125459.png,135.0,-543.5,False,560.015401573921
pano_264,51.508663,-0.124728,4,satellite_51.508242_-0.125459.png,-502.9,-543.5,False,740.4732675795933
pano_265,51.508167,-0.126156,1,satellite_51.508242_-0.126317.png,89.6,-119.7,True,149.5200655430568
pano_265,51.508167,-0.126156,2,satellite_51.508242_-0.125459.png,89.6,518.2,False,525.8891518181375
pano_265,51.508167,-0.126156,3,satellite_51.507708_-0.126317.png,-548.3,-119.7,False,561.2138451606481
pano_265,51.508167,-0.126156,4,satellite_51.508776_-0.126317.png,727.5,-119.7,False,737.2817236307977
pano_266,51.507036,-0.127722,1,satellite_51.507174_-0.128034.png,164.8,-232.0,True,284.5751921724731
pano_266,51.507036,-0.127722,2,satellite_51.507174_-0.127175.png,164.8,406.7,False,438.8210683182839
pano_266,51.507036,-0.127722,3,satellite_51.506640_-0.128034.png,-473.0,-232.0,False,526.8329906146729
pano_266,51.507036,-0.127722,4,satellite_51.506640_-0.127175.png,-473.0,406.7,False,623.8059714366319
pano_267,51.506069,-0.127191,1,satellite_51.506105_-0.127175.png,43.0,11.9,True,44.61625264407579
pano_267,51.506069,-0.127191,2,satellite_51.505571_-0.127175.png,-594.9,11.9,False,595.0190080997413
pano_267,51.506069,-0.127191,3,satellite_51.506105_-0.128034.png,43.0,-626.8,False,628.2732208203688
pano_267,51.506069,-0.127191,4,satellite_51.506105_-0.126317.png,43.0,649.8,False,651.2211913013888
pano_268,51.506074,-0.127158,1,satellite_51.506105_-0.127175.png,37.0,-12.6,True,39.086570583769564
pano_268,51.506074,-0.127158,2,satellite_51.505571_-0.127175.png,-600.8,-12.6,False,600.9321093101948
pano_268,51.506074,-0.127158,3,satellite_51.506105_-0.126317.png,37.0,625.3,False,626.3937180400198
pano_268,51.506074,-0.127158,4,satellite_51.506105_-0.128034.png,37.0,-651.3,False,652.3501283819909
pano_269,51.508444,-0.125054,1,satellite_51.508242_-0.125459.png,-241.3,-301.1,True,385.8586528769311
pano_269,51.508444,-0.125054,2,satellite_51.508242_-0.124600.png,-241.3,337.6,False,414.969215725697
pano_269,51.508444,-0.125054,3,satellite_51.508776_-0.125459.png,396.6,-301.1,False,497.94856160049306
pano_269,51.508444,-0.125054,4,satellite_51.508776_-0.124600.png,396.6,337.6,False,520.8313738629807
pano_27,51.508902,-0.129831,1,satellite_51.508776_-0.129750.png,-150.5,60.2,True,162.0934606947486
pano_27,51.508902,-0.129831,2,satellite_51.509311_-0.129750.png,488.6,60.2,False,492.29462723048283
pano_27,51.508902,-0.129831,3,satellite_51.508776_-0.130608.png,-150.5,-577.7,False,596.9820265301125
pano_27,51.508902,-0.129831,4,satellite_51.508776_-0.128892.png,-150.5,698.2,False,714.2362984335086
pano_270,51.5085,-0.12572,1,satellite_51.508242_-0.125459.png,-308.2,194.1,True,364.2280192406949
pano_270,51.5085,-0.12572,2,satellite_51.508776_-0.125459.png,329.7,194.1,False,382.592341794762
pano_270,51.5085,-0.12572,3,satellite_51.508242_-0.126317.png,-308.2,-443.9,False,540.4021187967345
pano_270,51.5085,-0.12572,4,satellite_51.508776_-0.126317.png,329.7,-443.9,False,552.9460190651524
pano_271,51.508338,-0.125495,1,satellite_51.508242_-0.125459.png,-114.7,26.8,True,117.78934586795191
pano_271,51.508338,-0.125495,2,satellite_51.508776_-0.125459.png,523.2,26.8,False,523.8859417850416
pano_271,51.508338,-0.125495,3,satellite_51.508242_-0.126317.png,-114.7,-611.2,False,621.8693833917216
pano_271,51.508338,-0.125495,4,satellite_51.508242_-0.124600.png,-114.7,665.4,False,675.2134847587095
pano_272,51.508711,-0.125329,1,satellite_51.508776_-0.125459.png,77.6,-96.7,True,123.98649119964642
pano_272,51.508711,-0.125329,2,satellite_51.508776_-0.124600.png,77.6,542.0,False,547.5269491084434
pano_272,51.508711,-0.125329,3,satellite_51.508242_-0.125459.png,-560.3,-96.7,False,568.5833096389657
pano_272,51.508711,-0.125329,4,satellite_51.509311_-0.125459.png,716.8,-96.7,False,723.293253113839
pano_273,51.508272,-0.125302,1,satellite_51.508242_-0.125459.png,-35.8,-116.7,True,122.06772710262119
pano_273,51.508272,-0.125302,2,satellite_51.508242_-0.124600.png,-35.8,521.9,False,523.1264187555432
pano_273,51.508272,-0.125302,3,satellite_51.508776_-0.125459.png,602.1,-116.7,False,613.3052258052267
pano_273,51.508272,-0.125302,4,satellite_51.507708_-0.125459.png,-673.7,-116.7,False,683.7328279379308
pano_274,51.506769,-0.128585,1,satellite_51.506640_-0.128892.png,-154.1,-228.3,True,275.4409192549284
pano_274,51.506769,-0.128585,2,satellite_51.506640_-0.128034.png,-154.1,409.7,False,437.72240061481887
pano_274,51.506769,-0.128585,3,satellite_51.507174_-0.128892.png,483.8,-228.3,False,534.9610546572526
pano_274,51.506769,-0.128585,4,satellite_51.507174_-0.128034.png,483.8,409.7,False,633.9688714755639
pano_275,51.506661,-0.128657,1,satellite_51.506640_-0.128892.png,-25.1,-174.7,True,176.49390924335037
pano_275,51.506661,-0.128657,2,satellite_51.506640_-0.128034.png,-25.1,463.2,False,463.8795641112033
pano_275,51.506661,-0.128657,3,satellite_51.507174_-0.128892.png,612.8,-174.7,False,637.2157640862316
pano_275,51.506661,-0.128657,4,satellite_51.506105_-0.128892.png,-664.2,-174.7,False,686.7908924847504
pano_276,51.506719,-0.128703,1,satellite_51.506640_-0.128892.png,-94.4,-140.5,True,169.26786464063403
pano_276,51.506719,-0.128703,2,satellite_51.506640_-0.128034.png,-94.4,497.4,False,506.2786979520272
pano_276,51.506719,-0.128703,3,satellite_51.507174_-0.128892.png,543.5,-140.5,False,561.3666359875692
pano_276,51.506719,-0.128703,4,satellite_51.507174_-0.128034.png,543.5,497.4,False,736.7489463854021
pano_277,51.505245,-0.126686,1,satellite_51.505037_-0.126317.png,-248.5,274.4,True,370.19941923239156
pano_277,51.505245,-0.126686,2,satellite_51.505037_-0.127175.png,-248.5,-363.6,False,440.4057333868396
pano_277,51.505245,-0.126686,3,satellite_51.505571_-0.126317.png,389.4,274.4,False,476.36931051443685
pano_277,51.505245,-0.126686,4,satellite_51.505571_-0.127175.png,389.4,-363.6,False,532.7638501249874
pano_278,51.505186,-0.127083,1,satellite_51.505037_-0.127175.png,-178.0,-68.4,True,190.68969557896935
pano_278,51.505186,-0.127083,2,satellite_51.505571_-0.127175.png,459.9,-68.4,False,464.9586755831103
pano_278,51.505186,-0.127083,3,satellite_51.505037_-0.126317.png,-178.0,569.5,False,596.6692970146863
pano_278,51.505186,-0.127083,4,satellite_51.505037_-0.128034.png,-178.0,-707.1,False,729.1600715892224
pano_279,51.506694,-0.127489,1,satellite_51.506640_-0.127175.png,-64.5,233.5,True,242.24471098457443
pano_279,51.506694,-0.127489,2,satellite_51.506640_-0.128034.png,-64.5,-405.2,False,410.30146234201993
pano_279,51.506694,-0.127489,3,satellite_51.507174_-0.127175.png,573.4,233.5,False,619.1201902700315
pano_279,51.506694,-0.127489,4,satellite_51.507174_-0.128034.png,573.4,-405.2,False,702.1214994571808
pano_28,51.509538,-0.128577,1,satellite_51.509311_-0.128892.png,-271.2,-234.2,True,358.3281736062628
pano_28,51.509538,-0.128577,2,satellite_51.509845_-0.128892.png,366.7,-234.2,False,435.10749246594224
pano_28,51.509538,-0.128577,3,satellite_51.509311_-0.128034.png,-271.2,403.7,False,486.33643704744145
pano_28,51.509538,-0.128577,4,satellite_51.509845_-0.128034.png,366.7,403.7,False,545.3829663640037
pano_280,51.506561,-0.127419,1,satellite_51.506640_-0.127175.png,94.4,181.4,True,204.49283606033734
pano_280,51.506561,-0.127419,2,satellite_51.506640_-0.128034.png,94.4,-457.3,False,466.94180579596855
pano_280,51.506561,-0.127419,3,satellite_51.506105_-0.127175.png,-544.7,181.4,False,574.1115309763427
pano_280,51.506561,-0.127419,4,satellite_51.506105_-0.128034.png,-544.7,-457.3,False,711.21120632341
pano_281,51.505222,-0.126824,1,satellite_51.505037_-0.127175.png,-221.0,-261.0,True,341.9970760108922
pano_281,51.505222,-0.126824,2,satellite_51.505037_-0.126317.png,-221.0,377.0,False,437.00114416326187
pano_281,51.505222,-0.126824,3,satellite_51.505571_-0.127175.png,416.9,-261.0,False,491.8603561987894
pano_281,51.505222,-0.126824,4,satellite_51.505571_-0.126317.png,416.9,377.0,False,562.0806080981623
pano_282,51.507869,-0.125538,1,satellite_51.507708_-0.125459.png,-192.3,58.7,True,201.05964289235175
pano_282,51.507869,-0.125538,2,satellite_51.508242_-0.125459.png,445.6,58.7,False,449.44971910103584
pano_282,51.507869,-0.125538,3,satellite_51.507708_-0.126317.png,-192.3,-579.2,False,610.2883990377009
pano_282,51.507869,-0.125538,4,satellite_51.507708_-0.124600.png,-192.3,697.4,False,723.4266030496805
pano_283,51.509025,-0.125793,1,satellite_51.508776_-0.125459.png,-297.5,248.3,True,387.5037290143154
pano_283,51.509025,-0.125793,2,satellite_51.509311_-0.125459.png,341.7,248.3,False,422.38818638782976
pano_283,51.509025,-0.125793,3,satellite_51.508776_-0.126317.png,-297.5,-389.6,False,490.19833741048126
pano_283,51.509025,-0.125793,4,satellite_51.509311_-0.126317.png,341.7,-389.6,False,518.2152545033772
pano_284,51.505154,-0.124707,1,satellite_51.505037_-0.124600.png,-139.8,79.6,True,160.87324202613684
pano_284,51.505154,-0.124707,2,satellite_51.505571_-0.124600.png,498.1,79.6,False,504.42023155301774
pano_284,51.505154,-0.124707,3,satellite_51.505037_-0.125459.png,-139.8,-559.1,False,576.3131527216779
pano_284,51.505154,-0.124707,4,satellite_51.505037_-0.123742.png,-139.8,717.5,False,730.9926743818983
pano_285,51.505774,-0.124453,1,satellite_51.505571_-0.124600.png,-242.5,-109.3,True,265.99387210986646
pano_285,51.505774,-0.124453,2,satellite_51.506105_-0.124600.png,395.4,-109.3,False,410.2287776351142
pano_285,51.505774,-0.124453,3,satellite_51.505571_-0.123742.png,-242.5,528.6,False,581.5704686450301
pano_285,51.505774,-0.124453,4,satellite_51.506105_-0.123742.png,395.4,528.6,False,660.1205344480658
pano_286,51.505565,-0.124539,1,satellite_51.505571_-0.124600.png,7.2,-45.4,True,45.967379738244816
pano_286,51.505565,-0.124539,2,satellite_51.505571_-0.123742.png,7.2,592.6,False,592.6437378391845
pano_286,51.505565,-0.124539,3,satellite_51.505037_-0.124600.png,-630.7,-45.4,False,632.3319144246952
pano_286,51.505565,-0.124539,4,satellite_51.506105_-0.124600.png,645.0,-45.4,False,646.5958242983015
pano_287,51.506168,-0.124294,1,satellite_51.506105_-0.124600.png,-75.3,-227.5,True,239.63793522729242
pano_287,51.506168,-0.124294,2,satellite_51.506105_-0.123742.png,-75.3,410.4,False,417.2508238458014
pano_287,51.506168,-0.124294,3,satellite_51.506640_-0.124600.png,563.8,-227.5,False,607.9693166599775
pano_287,51.506168,-0.124294,4,satellite_51.506640_-0.123742.png,563.8,410.4,False,697.3511310666958
pano_288,51.507285,-0.132127,1,satellite_51.507174_-0.132325.png,-132.6,-147.2,True,198.1176418191979
pano_288,51.507285,-0.132127,2,satellite_51.507174_-0.131467.png,-132.6,490.7,False,508.3003541214584
pano_288,51.507285,-0.132127,3,satellite_51.507708_-0.132325.png,505.3,-147.2,False,526.3040281054289
pano_288,51.507285,-0.132127,4,satellite_51.507708_-0.131467.png,505.3,490.7,False,704.3540161026982
pano_289,51.509406,-0.123951,1,satellite_51.509311_-0.123742.png,-113.5,155.4,True,192.43546970348268
pano_289,51.509406,-0.123951,2,satellite_51.509311_-0.124600.png,-113.5,-482.5,False,495.6697489256329
pano_289,51.509406,-0.123951,3,satellite_51.509845_-0.123742.png,524.4,155.4,False,546.941057153328
pano_289,51.509406,-0.123951,4,satellite_51.509845_-0.124600.png,524.4,-482.5,False,712.6019997165317
pano_29,51.509588,-0.128455,1,satellite_51.509845_-0.128034.png,307.0,313.0,True,438.42673276158695
pano_29,51.509588,-0.128455,2,satellite_51.509845_-0.128892.png,307.0,-324.9,False,447.0000111856822
pano_29,51.509588,-0.128455,3,satellite_51.509311_-0.128034.png,-330.9,313.0,False,455.48195353932516
pano_29,51.509588,-0.128455,4,satellite_51.509311_-0.128892.png,-330.9,-324.9,False,463.7400349333665
pano_290,51.509491,-0.124376,1,satellite_51.509311_-0.124600.png,-215.0,-166.5,True,271.9324364617064
pano_290,51.509491,-0.124376,2,satellite_51.509845_-0.124600.png,422.9,-166.5,False,454.49605058790115
pano_290,51.509491,-0.124376,3,satellite_51.509311_-0.123742.png,-215.0,471.4,False,518.1148135307462
pano_290,51.509491,-0.124376,4,satellite_51.509845_-0.123742.png,422.9,471.4,False,633.2948523397297
pano_291,51.509546,-0.124248,1,satellite_51.509311_-0.124600.png,-280.7,-261.7,True,383.769957135782
pano_291,51.509546,-0.124248,2,satellite_51.509845_-0.124600.png,357.2,-261.7,False,442.8077799677869
pano_291,51.509546,-0.124248,3,satellite_51.509311_-0.123742.png,-280.7,376.2,False,469.38143337801506
pano_291,51.509546,-0.124248,4,satellite_51.509845_-0.123742.png,357.2,376.2,False,518.7661130027674
pano_292,51.509574,-0.124236,1,satellite_51.509311_-0.124600.png,-314.2,-270.6,True,414.66371917494786
pano_292,51.509574,-0.124236,2,satellite_51.509845_-0.124600.png,323.7,-270.6,False,421.90763207128646
pano_292,51.509574,-0.124236,3,satellite_51.509311_-0.123742.png,-314.2,367.3,False,483.3538351973635
pano_292,51.509574,-0.124236,4,satellite_51.509845_-0.123742.png,323.7,367.3,False,489.5824547509847
pano_293,51.510109,-0.124783,1,satellite_51.509845_-0.124600.png,-315.4,136.1,True,343.51181930175267
pano_293,51.510109,-0.124783,2,satellite_51.510379_-0.124600.png,322.6,136.1,False,350.13421712252006
pano_293,51.510109,-0.124783,3,satellite_51.509845_-0.125459.png,-315.4,-502.6,False,593.3665983184426
pano_293,51.510109,-0.124783,4,satellite_51.510379_-0.125459.png,322.6,-502.6,False,597.224848779754
pano_294,51.507609,-0.128174,1,satellite_51.507708_-0.128034.png,118.3,104.1,True,157.58077293883287
pano_294,51.507609,-0.128174,2,satellite_51.507174_-0.128034.png,-519.6,104.1,False,529.9254381514442
pano_294,51.507609,-0.128174,3,satellite_51.507708_-0.128892.png,118.3,-533.8,False,546.7516163670666
pano_294,51.507609,-0.128174,4,satellite_51.507174_-0.128892.png,-519.6,-533.8,False,744.9339568042257
pano_295,51.507667,-0.127736,1,satellite_51.507708_-0.128034.png,49.0,-221.6,True,226.95277041710682
pano_295,51.507667,-0.127736,2,satellite_51.507708_-0.127175.png,49.0,417.1,False,419.9683440451197
pano_295,51.507667,-0.127736,3,satellite_51.507174_-0.128034.png,-588.9,-221.6,False,629.2136123765919
pano_295,51.507667,-0.127736,4,satellite_51.507174_-0.127175.png,-588.9,417.1,False,721.6478504090481
pano_296,51.507717,-0.12751,1,satellite_51.507708_-0.127175.png,-10.8,249.1,True,249.334012922425
pano_296,51.507717,-0.12751,2,satellite_51.507708_-0.128034.png,-10.8,-389.6,False,389.74966324552486
pano_296,51.507717,-0.12751,3,satellite_51.508242_-0.127175.png,627.2,249.1,False,674.8560216816621
pano_296,51.507717,-0.12751,4,satellite_51.507174_-0.127175.png,-648.7,249.1,False,694.8830836910624
pano_297,51.507763,-0.130353,1,satellite_51.507708_-0.130608.png,-65.7,-189.6,True,200.66053423630666
pano_297,51.507763,-0.130353,2,satellite_51.507708_-0.129750.png,-65.7,448.3,False,453.08871096066827
pano_297,51.507763,-0.130353,3,satellite_51.508242_-0.130608.png,572.2,-189.6,False,602.7943264497436
pano_297,51.507763,-0.130353,4,satellite_51.508242_-0.129750.png,572.2,448.3,False,726.9014582458891
pano_298,51.507862,-0.130362,1,satellite_51.507708_-0.130608.png,-184.0,-182.9,True,259.43864399892317
pano_298,51.507862,-0.130362,2,satellite_51.508242_-0.130608.png,453.9,-182.9,False,489.3645062731869
pano_298,51.507862,-0.130362,3,satellite_51.507708_-0.129750.png,-184.0,455.0,False,490.7962917545323
pano_298,51.507862,-0.130362,4,satellite_51.508242_-0.129750.png,453.9,455.0,False,642.689824098686
pano_299,51.508166,-0.128917,1,satellite_51.508242_-0.128892.png,90.8,18.6,True,92.68548969498947
pano_299,51.508166,-0.128917,2,satellite_51.507708_-0.128892.png,-547.1,18.6,False,547.4160848933835
pano_299,51.508166,-0.128917,3,satellite_51.508242_-0.129750.png,90.8,-619.3,False,625.9210253698145
pano_299,51.508166,-0.128917,4,satellite_51.508242_-0.128034.png,90.8,656.5,False,662.749492644091
pano_3,51.5074,-0.127286,1,satellite_51.507174_-0.127175.png,-270.0,82.5,True,282.3229533707807
pano_3,51.5074,-0.127286,2,satellite_51.507708_-0.127175.png,367.9,82.5,False,377.03668256550316
pano_3,51.5074,-0.127286,3,satellite_51.507174_-0.128034.png,-270.0,-556.1,False,618.1805642366961
pano_3,51.5074,-0.127286,4,satellite_51.507708_-0.128034.png,367.9,-556.1,False,666.7815384366907
pano_30,51.508379,-0.124357,1,satellite_51.508242_-0.124600.png,-163.7,-180.7,True,243.8240759236052
pano_30,51.508379,-0.124357,2,satellite_51.508242_-0.123742.png,-163.7,457.3,False,485.71697520263797
pano_30,51.508379,-0.124357,3,satellite_51.508776_-0.124600.png,474.3,-180.7,False,507.55588854824646
pano_30,51.508379,-0.124357,4,satellite_51.508776_-0.123742.png,474.3,457.3,False,658.8503471957802
pano_300,51.508208,-0.128871,1,satellite_51.508242_-0.128892.png,40.6,-15.6,True,43.49390761934366
pano_300,51.508208,-0.128871,2,satellite_51.507708_-0.128892.png,-597.3,-15.6,False,597.5036819970233
pano_300,51.508208,-0.128871,3,satellite_51.508242_-0.128034.png,40.6,622.3,False,623.6230031036379
pano_300,51.508208,-0.128871,4,satellite_51.508242_-0.129750.png,40.6,-653.5,False,654.7599636508023
pano_301,51.508257,-0.128824,1,satellite_51.508242_-0.128892.png,-17.9,-50.6,True,53.672805031971265
pano_301,51.508257,-0.128824,2,satellite_51.508242_-0.128034.png,-17.9,587.4,False,587.6726724971988
pano_301,51.508257,-0.128824,3,satellite_51.508776_-0.128892.png,620.0,-50.6,False,622.0613796081541
pano_301,51.508257,-0.128824,4,satellite_51.507708_-0.128892.png,-655.8,-50.6,False,657.7491923218149
pano_302,51.508268,-0.128803,1,satellite_51.508242_-0.128892.png,-31.1,-66.2,True,73.1413016017626
pano_302,51.508268,-0.128803,2,satellite_51.508242_-0.128034.png,-31.1,571.8,False,572.645134441916
pano_302,51.508268,-0.128803,3,satellite_51.508776_-0.128892.png,606.9,-66.2,False,610.4998361998142
pano_302,51.508268,-0.128803,4,satellite_51.507708_-0.128892.png,-669.0,-66.2,False,672.2673872797936
pano_303,51.508325,-0.129107,1,satellite_51.508242_-0.128892.png,-99.2,159.9,True,188.1718629338616
pano_303,51.508325,-0.129107,2,satellite_51.508242_-0.129750.png,-99.2,-478.1,False,488.28296099700225
pano_303,51.508325,-0.129107,3,satellite_51.508776_-0.128892.png,538.8,159.9,False,562.0262004568825
pano_303,51.508325,-0.129107,4,satellite_51.508776_-0.129750.png,538.8,-478.1,False,720.3367615219981
pano_304,51.508359,-0.128976,1,satellite_51.508242_-0.128892.png,-139.8,62.5,True,153.13487519177335
pano_304,51.508359,-0.128976,2,satellite_51.508776_-0.128892.png,498.1,62.5,False,502.0058366194561
pano_304,51.508359,-0.128976,3,satellite_51.508242_-0.129750.png,-139.8,-575.5,False,592.2366841052655
pano_304,51.508359,-0.128976,4,satellite_51.508242_-0.128034.png,-139.8,700.4,False,714.2157937206373
pano_305,51.508375,-0.12819,1,satellite_51.508242_-0.128034.png,-158.9,116.0,True,196.73639724260482
pano_305,51.508375,-0.12819,2,satellite_51.508776_-0.128034.png,479.0,116.0,False,492.8458176752644
pano_305,51.508375,-0.12819,3,satellite_51.508242_-0.128892.png,-158.9,-521.9,False,545.5536820515466
pano_305,51.508375,-0.12819,4,satellite_51.508776_-0.128892.png,479.0,-521.9,False,708.3929770967524
pano_306,51.508428,-0.129486,1,satellite_51.508242_-0.129750.png,-222.2,-196.3,True,296.4903539746276
pano_306,51.508428,-0.129486,2,satellite_51.508776_-0.129750.png,415.7,-196.3,False,459.7175002107272
pano_306,51.508428,-0.129486,3,satellite_51.508242_-0.128892.png,-222.2,441.6,False,494.35149438430955
pano_306,51.508428,-0.129486,4,satellite_51.508776_-0.128892.png,415.7,441.6,False,606.4792247060076
pano_307,51.508415,-0.127421,1,satellite_51.508242_-0.127175.png,-206.7,182.9,True,276.0023550624161
pano_307,51.508415,-0.127421,2,satellite_51.508776_-0.127175.png,431.2,182.9,False,468.38643233979354
pano_307,51.508415,-0.127421,3,satellite_51.508242_-0.128034.png,-206.7,-455.8,False,500.47830122793533
pano_307,51.508415,-0.127421,4,satellite_51.508776_-0.128034.png,431.2,-455.8,False,627.4448820414427
pano_308,51.508423,-0.127371,1,satellite_51.508242_-0.127175.png,-216.2,145.7,True,260.71235106914287
pano_308,51.508423,-0.127371,2,satellite_51.508776_-0.127175.png,421.7,145.7,False,446.1607109551445
pano_308,51.508423,-0.127371,3,satellite_51.508242_-0.128034.png,-216.2,-492.9,False,538.2312235461633
pano_308,51.508423,-0.127371,4,satellite_51.508776_-0.128034.png,421.7,-492.9,False,648.6765758064646
pano_309,51.508426,-0.127427,1,satellite_51.508242_-0.127175.png,-219.8,187.4,True,288.8439024802151
pano_309,51.508426,-0.127427,2,satellite_51.508776_-0.127175.png,418.1,187.4,False,458.1772255361456
pano_309,51.508426,-0.127427,3,satellite_51.508242_-0.128034.png,-219.8,-451.3,False,501.9798103509742
pano_309,51.508426,-0.127427,4,satellite_51.508776_-0.128034.png,418.1,-451.3,False,615.206713227351
pano_31,51.508823,-0.124174,1,satellite_51.508776_-0.124600.png,-56.1,-316.7,True,321.63037791850445
pano_31,51.508823,-0.124174,2,satellite_51.508776_-0.123742.png,-56.1,321.2,False,326.06234066509427
pano_31,51.508823,-0.124174,3,satellite_51.509311_-0.124600.png,583.0,-316.7,False,663.4665703711077
pano_31,51.508823,-0.124174,4,satellite_51.509311_-0.123742.png,583.0,321.2,False,665.6263516418202
pano_310,51.508468,-0.127496,1,satellite_51.508242_-0.127175.png,-270.0,238.7,True,360.38547418007846
pano_310,51.508468,-0.127496,2,satellite_51.508776_-0.127175.png,367.9,238.7,False,438.55227738549024
pano_310,51.508468,-0.127496,3,satellite_51.508242_-0.128034.png,-270.0,-400.0,False,482.59714048054616
pano_310,51.508468,-0.127496,4,satellite_51.508776_-0.128034.png,367.9,-400.0,False,543.4615073765574
pano_311,51.508476,-0.127561,1,satellite_51.508242_-0.127175.png,-279.5,287.0,True,400.6110957025529
pano_311,51.508476,-0.127561,2,satellite_51.508242_-0.128034.png,-279.5,-351.7,False,449.2361739664338
pano_311,51.508476,-0.127561,3,satellite_51.508776_-0.127175.png,358.4,287.0,False,459.1509120104195
pano_311,51.508476,-0.127561,4,satellite_51.508776_-0.128034.png,358.4,-351.7,False,502.13887521282396
pano_312,51.508609,-0.127378,1,satellite_51.508776_-0.127175.png,199.5,150.9,True,250.1420796267593
pano_312,51.508609,-0.127378,2,satellite_51.508242_-0.127175.png,-438.4,150.9,False,463.6435807816172
pano_312,51.508609,-0.127378,3,satellite_51.508776_-0.128034.png,199.5,-487.7,False,526.9265034139012
pano_312,51.508609,-0.127378,4,satellite_51.508242_-0.128034.png,-438.4,-487.7,False,655.7788117955627
pano_313,51.508936,-0.129557,1,satellite_51.508776_-0.129750.png,-191.1,-143.5,True,238.9800410076122
pano_313,51.508936,-0.129557,2,satellite_51.509311_-0.129750.png,448.0,-143.5,False,470.42135368199433
pano_313,51.508936,-0.129557,3,satellite_51.508776_-0.128892.png,-191.1,494.4,False,530.0477054001838
pano_313,51.508936,-0.129557,4,satellite_51.509311_-0.128892.png,448.0,494.4,False,667.1846521016502
pano_314,51.509305,-0.128763,1,satellite_51.509311_-0.128892.png,7.2,-95.9,True,96.16990173645807
pano_314,51.509305,-0.128763,2,satellite_51.509311_-0.128034.png,7.2,542.0,False,542.0478207686108
pano_314,51.509305,-0.128763,3,satellite_51.508776_-0.128892.png,-632.0,-95.9,False,639.2345500675007
pano_314,51.509305,-0.128763,4,satellite_51.509845_-0.128892.png,645.1,-95.9,False,652.189251674696
pano_315,51.509309,-0.128975,1,satellite_51.509311_-0.128892.png,2.4,61.7,True,61.74665982869033
pano_315,51.509309,-0.128975,2,satellite_51.509311_-0.129750.png,2.4,-576.2,False,576.204998242813
pano_315,51.509309,-0.128975,3,satellite_51.508776_-0.128892.png,-636.7,61.7,False,639.6825619008229
pano_315,51.509309,-0.128975,4,satellite_51.509845_-0.128892.png,640.3,61.7,False,643.265870383312
pano_316,51.509324,-0.129052,1,satellite_51.509311_-0.128892.png,-15.5,119.0,True,120.00520822031017
pano_316,51.509324,-0.129052,2,satellite_51.509311_-0.129750.png,-15.5,-519.0,False,519.2314031335162
pano_316,51.509324,-0.129052,3,satellite_51.509845_-0.128892.png,622.4,119.0,False,633.6740171413059
pano_316,51.509324,-0.129052,4,satellite_51.508776_-0.128892.png,-654.6,119.0,False,665.3286105376801
pano_317,51.509404,-0.1291,1,satellite_51.509311_-0.128892.png,-111.1,154.7,True,190.46075711284988
pano_317,51.509404,-0.1291,2,satellite_51.509311_-0.129750.png,-111.1,-483.3,False,495.9053337079568
pano_317,51.509404,-0.1291,3,satellite_51.509845_-0.128892.png,526.8,154.7,False,549.0449253021104
pano_317,51.509404,-0.1291,4,satellite_51.509845_-0.129750.png,526.8,-483.3,False,714.9105748273696
pano_318,51.509439,-0.12737,1,satellite_51.509311_-0.127175.png,-152.9,145.0,True,210.7211664736127
pano_318,51.509439,-0.12737,2,satellite_51.509845_-0.127175.png,485.0,145.0,False,506.2114182829147
pano_318,51.509439,-0.12737,3,satellite_51.509311_-0.128034.png,-152.9,-493.7,False,516.8346931079608
pano_318,51.509439,-0.12737,4,satellite_51.509845_-0.128034.png,485.0,-493.7,False,692.0727490661657
pano_319,51.509534,-0.129134,1,satellite_51.509311_-0.128892.png,-266.4,179.9,True,321.4544602272614
pano_319,51.509534,-0.129134,2,satellite_51.509845_-0.128892.png,371.5,179.9,False,412.7665926404413
pano_319,51.509534,-0.129134,3,satellite_51.509311_-0.129750.png,-266.4,-458.0,False,529.8423916600105
pano_319,51.509534,-0.129134,4,satellite_51.509845_-0.129750.png,371.5,-458.0,False,589.7255717704634
pano_32,51.508535,-0.124635,1,satellite_51.508776_-0.124600.png,287.9,26.0,True,289.0716347205308
pano_32,51.508535,-0.124635,2,satellite_51.508242_-0.124600.png,-350.0,26.0,False,350.9643856575764
pano_32,51.508535,-0.124635,3,satellite_51.508776_-0.125459.png,287.9,-612.7,False,676.9694970971735
pano_32,51.508535,-0.124635,4,satellite_51.508242_-0.125459.png,-350.0,-612.7,False,705.6212085814882
pano_320,51.509549,-0.128504,1,satellite_51.509311_-0.128892.png,-284.3,-288.5,True,405.04165217913084
pano_320,51.509549,-0.128504,2,satellite_51.509311_-0.128034.png,-284.3,349.5,False,450.52939970661185
pano_320,51.509549,-0.128504,3,satellite_51.509845_-0.128892.png,353.6,-288.5,False,456.36083311344765
pano_320,51.509549,-0.128504,4,satellite_51.509845_-0.128034.png,353.6,349.5,False,497.1752306782791
pano_321,51.50967,-0.127773,1,satellite_51.509845_-0.128034.png,209.1,-194.1,True,285.30268137541225
pano_321,51.50967,-0.127773,2,satellite_51.509311_-0.128034.png,-428.9,-194.1,False,470.7759764473969
pano_321,51.50967,-0.127773,3,satellite_51.509845_-0.127175.png,209.1,444.6,False,491.3165680088552
pano_321,51.50967,-0.127773,4,satellite_51.509311_-0.127175.png,-428.9,444.6,False,617.7575333413588
pano_322,51.507646,-0.13041,1,satellite_51.507708_-0.130608.png,74.1,-147.2,True,164.79881674332495
pano_322,51.507646,-0.13041,2,satellite_51.507708_-0.129750.png,74.1,490.7,False,496.26333735225694
pano_322,51.507646,-0.13041,3,satellite_51.507174_-0.130608.png,-563.8,-147.2,False,582.6991333441298
pano_322,51.507646,-0.13041,4,satellite_51.508242_-0.130608.png,712.0,-147.2,False,727.0569716328976
pano_323,51.507669,-0.131039,1,satellite_51.507708_-0.131467.png,46.6,-318.2,True,321.594154175725
pano_323,51.507669,-0.131039,2,satellite_51.507708_-0.130608.png,46.6,320.5,False,323.87005110074625
pano_323,51.507669,-0.131039,3,satellite_51.507174_-0.131467.png,-591.3,-318.2,False,671.4811464218485
pano_323,51.507669,-0.131039,4,satellite_51.507174_-0.130608.png,-591.3,320.5,False,672.5741148750819
pano_324,51.507696,-0.130393,1,satellite_51.507708_-0.130608.png,14.3,-159.9,True,160.5381574579701
pano_324,51.507696,-0.130393,2,satellite_51.507708_-0.129750.png,14.3,478.1,False,478.3138091253482
pano_324,51.507696,-0.130393,3,satellite_51.507174_-0.130608.png,-623.6,-159.9,False,643.7740053776636
pano_324,51.507696,-0.130393,4,satellite_51.508242_-0.130608.png,652.2,-159.9,False,671.5153386185606
pano_325,51.507705,-0.131136,1,satellite_51.507708_-0.131467.png,3.6,-246.1,True,246.12632935141255
pano_325,51.507705,-0.131136,2,satellite_51.507708_-0.130608.png,3.6,392.6,False,392.6165050020185
pano_325,51.507705,-0.131136,3,satellite_51.507174_-0.131467.png,-634.3,-246.1,False,680.3687970505408
pano_325,51.507705,-0.131136,4,satellite_51.508242_-0.131467.png,641.5,-246.1,False,687.0862100202564
pano_326,51.507801,-0.131199,1,satellite_51.507708_-0.131467.png,-111.1,-199.3,True,228.17471376118783
pano_326,51.507801,-0.131199,2,satellite_51.507708_-0.130608.png,-111.1,439.4,False,453.2279448577724
pano_326,51.507801,-0.131199,3,satellite_51.508242_-0.131467.png,526.8,-199.3,False,563.2394961293109
pano_326,51.507801,-0.131199,4,satellite_51.508242_-0.130608.png,526.8,439.4,False,685.9960641286508
pano_327,51.507831,-0.131106,1,satellite_51.507708_-0.131467.png,-146.9,-268.4,True,305.97086462602937
pano_327,51.507831,-0.131106,2,satellite_51.507708_-0.130608.png,-146.9,370.3,False,398.37381942090525
pano_327,51.507831,-0.131106,3,satellite_51.508242_-0.131467.png,491.0,-268.4,False,559.570871293351
pano_327,51.507831,-0.131106,4,satellite_51.508242_-0.130608.png,491.0,370.3,False,614.9821867338924
pano_328,51.508924,-0.129789,1,satellite_51.508776_-0.129750.png,-176.8,29.0,True,179.1626077059608
pano_328,51.508924,-0.129789,2,satellite_51.509311_-0.129750.png,462.3,29.0,False,463.2086894694442
pano_328,51.508924,-0.129789,3,satellite_51.508776_-0.130608.png,-176.8,-608.9,False,634.0484602930599
pano_328,51.508924,-0.129789,4,satellite_51.508776_-0.128892.png,-176.8,666.9,False,689.9375696394566
pano_329,51.509529,-0.129887,1,satellite_51.509311_-0.129750.png,-260.4,101.9,True,279.6279134850453
pano_329,51.509529,-0.129887,2,satellite_51.509845_-0.129750.png,377.5,101.9,False,391.01132975912606
pano_329,51.509529,-0.129887,3,satellite_51.509311_-0.130608.png,-260.4,-536.1,False,595.9961157591549
pano_329,51.509529,-0.129887,4,satellite_51.509845_-0.130608.png,377.5,-536.1,False,655.6748126929996
pano_33,51.509073,-0.124465,1,satellite_51.509311_-0.124600.png,284.3,-100.4,True,301.5072967607915
pano_33,51.509073,-0.124465,2,satellite_51.508776_-0.124600.png,-354.8,-100.4,False,368.73188091077776
pano_33,51.509073,-0.124465,3,satellite_51.509311_-0.123742.png,284.3,537.6,False,608.1449251617578
pano_33,51.509073,-0.124465,4,satellite_51.508776_-0.123742.png,-354.8,537.6,False,644.124832621752
pano_330,51.509715,-0.129958,1,satellite_51.509845_-0.129750.png,155.3,154.7,True,219.20351274557623
pano_330,51.509715,-0.129958,2,satellite_51.509311_-0.129750.png,-482.6,154.7,False,506.78876270098965
pano_330,51.509715,-0.129958,3,satellite_51.509845_-0.130608.png,155.3,-483.3,False,507.63863131168415
pano_330,51.509715,-0.129958,4,satellite_51.509311_-0.130608.png,-482.6,-483.3,False,682.9946193053062
pano_331,51.509755,-0.12996,1,satellite_51.509845_-0.129750.png,107.5,156.1,True,189.53485167641333
pano_331,51.509755,-0.12996,2,satellite_51.509845_-0.130608.png,107.5,-481.8,False,493.6471310561827
pano_331,51.509755,-0.12996,3,satellite_51.509311_-0.129750.png,-530.4,156.1,False,552.8936335318033
pano_331,51.509755,-0.12996,4,satellite_51.509311_-0.130608.png,-530.4,-481.8,False,716.558022772755
pano_332,51.509766,-0.129523,1,satellite_51.509845_-0.129750.png,94.4,-168.8,True,193.40320576453743
pano_332,51.509766,-0.129523,2,satellite_51.509845_-0.128892.png,94.4,469.2,False,478.60213121130164
pano_332,51.509766,-0.129523,3,satellite_51.509311_-0.129750.png,-543.6,-168.8,False,569.2050597104703
pano_332,51.509766,-0.129523,4,satellite_51.509311_-0.128892.png,-543.6,469.2,False,718.0874598542994
pano_333,51.509944,-0.130019,1,satellite_51.509845_-0.129750.png,-118.3,200.0,True,232.36800554293183
pano_333,51.509944,-0.130019,2,satellite_51.509845_-0.130608.png,-118.3,-437.9,False,453.5981701903128
pano_333,51.509944,-0.130019,3,satellite_51.510379_-0.129750.png,519.7,200.0,False,556.8555378192805
pano_333,51.509944,-0.130019,4,satellite_51.510379_-0.130608.png,519.7,-437.9,False,679.591421370223
pano_334,51.508267,-0.12535,1,satellite_51.508242_-0.125459.png,-29.9,-81.0,True,86.3423997813357
pano_334,51.508267,-0.12535,2,satellite_51.508242_-0.124600.png,-29.9,557.6,False,558.401083451671
pano_334,51.508267,-0.12535,3,satellite_51.508776_-0.125459.png,608.0,-81.0,False,613.3718285020922
pano_334,51.508267,-0.12535,4,satellite_51.507708_-0.125459.png,-667.8,-81.0,False,672.6944625905583
pano_335,51.508537,-0.125918,1,satellite_51.508776_-0.126317.png,285.5,-296.7,True,411.75373708079445
pano_335,51.508537,-0.125918,2,satellite_51.508776_-0.125459.png,285.5,341.3,False,444.9673471166171
pano_335,51.508537,-0.125918,3,satellite_51.508242_-0.126317.png,-352.4,-296.7,False,460.6697841187329
pano_335,51.508537,-0.125918,4,satellite_51.508242_-0.125459.png,-352.4,341.3,False,490.5827656981032
pano_336,51.50738,-0.128182,1,satellite_51.507174_-0.128034.png,-246.1,110.0,True,269.56485305024466
pano_336,51.50738,-0.128182,2,satellite_51.507708_-0.128034.png,391.8,110.0,False,406.94869455497707
pano_336,51.50738,-0.128182,3,satellite_51.507174_-0.128892.png,-246.1,-527.9,False,582.4462378623455
pano_336,51.50738,-0.128182,4,satellite_51.507708_-0.128892.png,391.8,-527.9,False,657.4082825763606
pano_337,51.507642,-0.127885,1,satellite_51.507708_-0.128034.png,78.8,-110.8,True,135.96352452036538
pano_337,51.507642,-0.127885,2,satellite_51.507708_-0.127175.png,78.8,527.9,False,533.7488641674097
pano_337,51.507642,-0.127885,3,satellite_51.507174_-0.128034.png,-559.1,-110.8,False,569.9732011244038
pano_337,51.507642,-0.127885,4,satellite_51.508242_-0.128034.png,716.7,-110.8,False,725.2141269997435
pano_338,51.507651,-0.12864,1,satellite_51.507708_-0.128892.png,68.1,-187.4,True,199.38999473393844
pano_338,51.507651,-0.12864,2,satellite_51.507708_-0.128034.png,68.1,450.6,False,455.7169845419414
pano_338,51.507651,-0.12864,3,satellite_51.507174_-0.128892.png,-569.8,-187.4,False,599.8256413325458
pano_338,51.507651,-0.12864,4,satellite_51.507174_-0.128034.png,-569.8,450.6,False,726.4381597906321
pano_339,51.507868,-0.127266,1,satellite_51.507708_-0.127175.png,-191.1,67.7,True,202.73751502866952
pano_339,51.507868,-0.127266,2,satellite_51.508242_-0.127175.png,446.8,67.7,False,451.8999114848331
pano_339,51.507868,-0.127266,3,satellite_51.507708_-0.128034.png,-191.1,-571.0,False,602.1297285469303
pano_339,51.507868,-0.127266,4,satellite_51.508242_-0.128034.png,446.8,-571.0,False,725.0318889538584
pano_34,51.508783,-0.125021,1,satellite_51.508776_-0.124600.png,-8.4,313.0,True,313.11269536701957
pano_34,51.508783,-0.125021,2,satellite_51.508776_-0.125459.png,-8.4,-325.7,False,325.8083025338673
pano_34,51.508783,-0.125021,3,satellite_51.509311_-0.124600.png,630.7,313.0,False,704.0962221174035
pano_34,51.508783,-0.125021,4,satellite_51.509311_-0.125459.png,630.7,-325.7,False,709.8330648821595
pano_340,51.508196,-0.128737,1,satellite_51.508242_-0.128892.png,55.0,-115.2,True,127.65594384908209
pano_340,51.508196,-0.128737,2,satellite_51.508242_-0.128034.png,55.0,522.7,False,525.5856638075281
pano_340,51.508196,-0.128737,3,satellite_51.507708_-0.128892.png,-583.0,-115.2,False,594.2726983464746
pano_340,51.508196,-0.128737,4,satellite_51.508776_-0.128892.png,692.9,-115.2,False,702.4111687608619
pano_341,51.509462,-0.127041,1,satellite_51.509311_-0.127175.png,-180.4,-99.6,True,206.06872639971354
pano_341,51.509462,-0.127041,2,satellite_51.509845_-0.127175.png,457.5,-99.6,False,468.2162000614673
pano_341,51.509462,-0.127041,3,satellite_51.509311_-0.126317.png,-180.4,538.3,False,567.7244490067342
pano_341,51.509462,-0.127041,4,satellite_51.509845_-0.126317.png,457.5,538.3,False,706.4510881865779
pano_342,51.509472,-0.127137,1,satellite_51.509311_-0.127175.png,-192.3,-28.3,True,194.3712427289593
pano_342,51.509472,-0.127137,2,satellite_51.509845_-0.127175.png,445.6,-28.3,False,446.49776035272566
pano_342,51.509472,-0.127137,3,satellite_51.509311_-0.126317.png,-192.3,609.7,False,639.3069528794443
pano_342,51.509472,-0.127137,4,satellite_51.509311_-0.128034.png,-192.3,-666.9,False,694.0712499448454
pano_343,51.509462,-0.127291,1,satellite_51.509311_-0.127175.png,-180.4,86.2,True,199.93648991617314
pano_343,51.509462,-0.127291,2,satellite_51.509845_-0.127175.png,457.5,86.2,False,465.5498791751535
pano_343,51.509462,-0.127291,3,satellite_51.509311_-0.128034.png,-180.4,-552.4,False,581.1109360526611
pano_343,51.509462,-0.127291,4,satellite_51.509845_-0.128034.png,457.5,-552.4,False,717.2531003767081
pano_344,51.509464,-0.126802,1,satellite_51.509311_-0.127175.png,-182.8,-277.3,True,332.1311939580503
pano_344,51.509464,-0.126802,2,satellite_51.509311_-0.126317.png,-182.8,360.6,False,404.2872741009789
pano_344,51.509464,-0.126802,3,satellite_51.509845_-0.127175.png,455.2,-277.3,False,533.012504543749
pano_344,51.509464,-0.126802,4,satellite_51.509845_-0.126317.png,455.2,360.6,False,580.7231698494559
pano_345,51.509523,-0.127046,1,satellite_51.509311_-0.127175.png,-253.3,-95.9,True,270.8462663578732
pano_345,51.509523,-0.127046,2,satellite_51.509845_-0.127175.png,384.7,-95.9,False,396.4730760089517
pano_345,51.509523,-0.127046,3,satellite_51.509311_-0.126317.png,-253.3,542.0,False,598.2682425133395
pano_345,51.509523,-0.127046,4,satellite_51.509845_-0.126317.png,384.7,542.0,False,664.6488471365914
pano_346,51.509525,-0.127349,1,satellite_51.509311_-0.127175.png,-255.6,129.4,True,286.488603612779
pano_346,51.509525,-0.127349,2,satellite_51.509845_-0.127175.png,382.3,129.4,False,403.60581016630573
pano_346,51.509525,-0.127349,3,satellite_51.509311_-0.128034.png,-255.6,-509.3,False,569.8401968973407
pano_346,51.509525,-0.127349,4,satellite_51.509845_-0.128034.png,382.3,-509.3,False,636.8200530762202
pano_347,51.509493,-0.127441,1,satellite_51.509311_-0.127175.png,-217.4,197.8,True,293.91767554878356
pano_347,51.509493,-0.127441,2,satellite_51.509845_-0.127175.png,420.5,197.8,False,464.6989240357675
pano_347,51.509493,-0.127441,3,satellite_51.509311_-0.128034.png,-217.4,-440.9,False,491.58475362850703
pano_347,51.509493,-0.127441,4,satellite_51.509845_-0.128034.png,420.5,-440.9,False,609.2725662624241
pano_348,51.509541,-0.127235,1,satellite_51.509311_-0.127175.png,-274.8,44.6,True,278.3957614619878
pano_348,51.509541,-0.127235,2,satellite_51.509845_-0.127175.png,363.2,44.6,False,365.92813502107214
pano_348,51.509541,-0.127235,3,satellite_51.509311_-0.128034.png,-274.8,-594.1,False,654.5760841949544
pano_348,51.509541,-0.127235,4,satellite_51.509845_-0.128034.png,363.2,-594.1,False,696.3253908913562
pano_349,51.509536,-0.127135,1,satellite_51.509311_-0.127175.png,-268.8,-29.7,True,270.43581493581803
pano_349,51.509536,-0.127135,2,satellite_51.509845_-0.127175.png,369.1,-29.7,False,370.29299210220006
pano_349,51.509536,-0.127135,3,satellite_51.509311_-0.126317.png,-268.8,608.2,False,664.9516373391376
pano_349,51.509536,-0.127135,4,satellite_51.509845_-0.126317.png,369.1,608.2,False,711.4366099660602
pano_35,51.507807,-0.123354,1,satellite_51.507708_-0.123742.png,-118.3,-288.5,True,311.8126681198184
pano_35,51.507807,-0.123354,2,satellite_51.507708_-0.122884.png,-118.3,349.5,False,368.9785088592559
pano_35,51.507807,-0.123354,3,satellite_51.508242_-0.123742.png,519.6,-288.5,False,594.3201241755154
pano_35,51.507807,-0.123354,4,satellite_51.508242_-0.122884.png,519.6,349.5,False,626.2063637492037
pano_350,51.507875,-0.126899,1,satellite_51.507708_-0.127175.png,-199.5,-205.2,True,286.1944968024368
pano_350,51.507875,-0.126899,2,satellite_51.507708_-0.126317.png,-199.5,432.7,False,476.4761693936015
pano_350,51.507875,-0.126899,3,satellite_51.508242_-0.127175.png,438.4,-205.2,False,484.0471051457699
pano_350,51.507875,-0.126899,4,satellite_51.508242_-0.126317.png,438.4,432.7,False,615.9739036680044
pano_351,51.503677,-0.133421,1,satellite_51.503434_-0.133183.png,-290.3,177.0,True,340.0045440872813
pano_351,51.503677,-0.133421,2,satellite_51.503968_-0.133183.png,347.6,177.0,False,390.0701988104193
pano_351,51.503677,-0.133421,3,satellite_51.503434_-0.134042.png,-290.3,-461.7,False,545.381499502871
pano_351,51.503677,-0.133421,4,satellite_51.503968_-0.134042.png,347.6,-461.7,False,577.9209721060485
pano_352,51.503234,-0.134081,1,satellite_51.503434_-0.134042.png,238.9,29.0,True,240.6537138711971
pano_352,51.503234,-0.134081,2,satellite_51.502900_-0.134042.png,-398.9,29.0,False,399.9527597104438
pano_352,51.503234,-0.134081,3,satellite_51.503434_-0.134900.png,238.9,-608.9,False,654.0890000603894
pano_352,51.503234,-0.134081,4,satellite_51.503434_-0.133183.png,238.9,667.7,False,709.1519583276917
pano_353,51.503514,-0.133643,1,satellite_51.503434_-0.134042.png,-95.6,-296.7,True,311.72143012632284
pano_353,51.503514,-0.133643,2,satellite_51.503434_-0.133183.png,-95.6,342.0,False,355.1103490466027
pano_353,51.503514,-0.133643,3,satellite_51.503968_-0.134042.png,542.3,-296.7,False,618.1587013057407
pano_353,51.503514,-0.133643,4,satellite_51.503968_-0.133183.png,542.3,342.0,False,641.1343774903978
pano_354,51.503811,-0.133242,1,satellite_51.503968_-0.133183.png,187.5,43.9,True,192.57066235540657
pano_354,51.503811,-0.133242,2,satellite_51.503434_-0.133183.png,-450.3,43.9,False,452.434857189408
pano_354,51.503811,-0.133242,3,satellite_51.503968_-0.134042.png,187.5,-594.8,False,623.6531808625688
pano_354,51.503811,-0.133242,4,satellite_51.503968_-0.132325.png,187.5,681.8,False,707.1120773965043
pano_355,51.503436,-0.133759,1,satellite_51.503434_-0.134042.png,-2.4,-210.4,True,210.41368776769252
pano_355,51.503436,-0.133759,2,satellite_51.503434_-0.133183.png,-2.4,428.3,False,428.306724205913
pano_355,51.503436,-0.133759,3,satellite_51.503968_-0.134042.png,635.5,-210.4,False,669.4239389206215
pano_355,51.503436,-0.133759,4,satellite_51.502900_-0.134042.png,-640.2,-210.4,False,673.8873793149713
pano_356,51.503182,-0.134172,1,satellite_51.503434_-0.134042.png,301.0,96.7,True,316.15168827637154
pano_356,51.503182,-0.134172,2,satellite_51.502900_-0.134042.png,-336.8,96.7,False,350.4070918232107
pano_356,51.503182,-0.134172,3,satellite_51.503434_-0.134900.png,301.0,-541.3,False,619.3599034487137
pano_356,51.503182,-0.134172,4,satellite_51.502900_-0.134900.png,-336.8,-541.3,False,637.5264151390121
pano_357,51.504208,-0.130762,1,satellite_51.503968_-0.130608.png,-286.7,114.5,True,308.7185449564052
pano_357,51.504208,-0.130762,2,satellite_51.504503_-0.130608.png,352.4,114.5,False,370.5347622018749
pano_357,51.504208,-0.130762,3,satellite_51.503968_-0.131467.png,-286.7,-524.2,False,597.4801502978991
pano_357,51.504208,-0.130762,4,satellite_51.504503_-0.131467.png,352.4,-524.2,False,631.6418288872263
pano_358,51.510297,-0.126911,1,satellite_51.510379_-0.127175.png,98.0,-196.3,True,219.40303097268279
pano_358,51.510297,-0.126911,2,satellite_51.510379_-0.126317.png,98.0,441.6,False,452.34340936947456
pano_358,51.510297,-0.126911,3,satellite_51.509845_-0.127175.png,-540.0,-196.3,False,574.5726150801132
pano_358,51.510297,-0.126911,4,satellite_51.509845_-0.126317.png,-540.0,441.6,False,697.5747701859636
pano_359,51.5048,-0.133392,1,satellite_51.505037_-0.133183.png,283.1,155.4,True,322.9470080369224
pano_359,51.5048,-0.133392,2,satellite_51.504503_-0.133183.png,-354.8,155.4,False,387.33990241130596
pano_359,51.5048,-0.133392,3,satellite_51.505037_-0.134042.png,283.1,-483.3,False,560.1111496837034
pano_359,51.5048,-0.133392,4,satellite_51.504503_-0.134042.png,-354.8,-483.3,False,599.5514406621004
pano_36,51.50757,-0.12771,1,satellite_51.507708_-0.128034.png,164.9,-240.9,True,291.9329032500448
pano_36,51.50757,-0.12771,2,satellite_51.507708_-0.127175.png,164.9,397.8,False,430.62379172544564
pano_36,51.50757,-0.12771,3,satellite_51.507174_-0.128034.png,-473.0,-240.9,False,530.812405657592
pano_36,51.50757,-0.12771,4,satellite_51.507174_-0.127175.png,-473.0,397.8,False,618.0403223091516
pano_360,51.509332,-0.128543,1,satellite_51.509311_-0.128892.png,-25.1,-259.5,True,260.7110661249346
pano_360,51.509332,-0.128543,2,satellite_51.509311_-0.128034.png,-25.1,378.4,False,379.23155195737604
pano_360,51.509332,-0.128543,3,satellite_51.509845_-0.128892.png,612.8,-259.5,False,665.4803453145705
pano_360,51.509332,-0.128543,4,satellite_51.508776_-0.128892.png,-664.2,-259.5,False,713.0931846540115
pano_361,51.505502,-0.126655,1,satellite_51.505571_-0.126317.png,82.4,251.3,True,264.46445885978704
pano_361,51.505502,-0.126655,2,satellite_51.505571_-0.127175.png,82.4,-386.6,False,395.28384738058804
pano_361,51.505502,-0.126655,3,satellite_51.505037_-0.126317.png,-555.4,251.3,False,609.6071275830033
pano_361,51.505502,-0.126655,4,satellite_51.505037_-0.127175.png,-555.4,-386.6,False,676.7043076558623
pano_362,51.507181,-0.128047,1,satellite_51.507174_-0.128034.png,-8.4,9.7,True,12.83160161476345
pano_362,51.507181,-0.128047,2,satellite_51.507174_-0.128892.png,-8.4,-628.3,False,628.3561490110525
pano_362,51.507181,-0.128047,3,satellite_51.507708_-0.128034.png,629.5,9.7,False,629.5747294801467
pano_362,51.507181,-0.128047,4,satellite_51.506640_-0.128034.png,-646.3,9.7,False,646.3727871747077
pano_363,51.50769,-0.130958,1,satellite_51.507708_-0.130608.png,21.5,260.2,True,261.08674803597364
pano_363,51.50769,-0.130958,2,satellite_51.507708_-0.131467.png,21.5,-378.4,False,379.0103032900293
pano_363,51.50769,-0.130958,3,satellite_51.507174_-0.130608.png,-616.4,260.2,False,669.068755809147
pano_363,51.50769,-0.130958,4,satellite_51.508242_-0.130608.png,659.4,260.2,False,708.8810901695714
pano_364,51.507729,-0.130349,1,satellite_51.507708_-0.130608.png,-25.1,-192.6,True,194.2286539107966
pano_364,51.507729,-0.130349,2,satellite_51.507708_-0.129750.png,-25.1,445.4,False,446.1066800665509
pano_364,51.507729,-0.130349,3,satellite_51.508242_-0.130608.png,612.8,-192.6,False,642.3539522724212
pano_364,51.507729,-0.130349,4,satellite_51.507174_-0.130608.png,-663.0,-192.6,False,690.4084008758874
pano_365,51.507797,-0.131067,1,satellite_51.507708_-0.131467.png,-106.3,-297.4,True,315.8266138247377
pano_365,51.507797,-0.131067,2,satellite_51.507708_-0.130608.png,-106.3,341.3,False,357.4708099971241
pano_365,51.507797,-0.131067,3,satellite_51.508242_-0.131467.png,531.6,-297.4,False,609.1348947482816
pano_365,51.507797,-0.131067,4,satellite_51.508242_-0.130608.png,531.6,341.3,False,631.7311532606255
pano_366,51.507745,-0.127434,1,satellite_51.507708_-0.127175.png,-44.2,192.6,True,197.60668004903073
pano_366,51.507745,-0.127434,2,satellite_51.507708_-0.128034.png,-44.2,-446.1,False,448.284340569688
pano_366,51.507745,-0.127434,3,satellite_51.508242_-0.127175.png,593.7,192.6,False,624.1589941673516
pano_366,51.507745,-0.127434,4,satellite_51.507174_-0.127175.png,-682.1,192.6,False,708.7701813705202
pano_367,51.507827,-0.130369,1,satellite_51.507708_-0.130608.png,-142.2,-177.7,True,227.59202534359588
pano_367,51.507827,-0.130369,2,satellite_51.507708_-0.129750.png,-142.2,460.2,False,481.6688488993242
pano_367,51.507827,-0.130369,3,satellite_51.508242_-0.130608.png,495.7,-177.7,False,526.5888149210919
pano_367,51.507827,-0.130369,4,satellite_51.508242_-0.129750.png,495.7,460.2,False,676.389333150664
pano_368,51.50885,-0.127224,1,satellite_51.508776_-0.127175.png,-88.4,36.4,True,95.60083681642124
pano_368,51.50885,-0.127224,2,satellite_51.509311_-0.127175.png,550.7,36.4,False,551.9016669661363
pano_368,51.50885,-0.127224,3,satellite_51.508776_-0.128034.png,-88.4,-602.2,False,608.6537603596975
pano_368,51.50885,-0.127224,4,satellite_51.508776_-0.126317.png,-88.4,674.4,False,680.1690378133953
pano_369,51.509454,-0.126903,1,satellite_51.509311_-0.127175.png,-170.8,-202.2,True,264.68373580558364
pano_369,51.509454,-0.126903,2,satellite_51.509311_-0.126317.png,-170.8,435.7,False,467.98197614865467
pano_369,51.509454,-0.126903,3,satellite_51.509845_-0.127175.png,467.1,-202.2,False,508.9864929445574
pano_369,51.509454,-0.126903,4,satellite_51.509845_-0.126317.png,467.1,435.7,False,638.7620057580132
pano_37,51.507289,-0.128015,1,satellite_51.507174_-0.128034.png,-137.4,-14.1,True,138.12157688065975
pano_37,51.507289,-0.128015,2,satellite_51.507708_-0.128034.png,500.5,-14.1,False,500.6985719971648
pano_37,51.507289,-0.128015,3,satellite_51.507174_-0.127175.png,-137.4,624.6,False,639.5341429509452
pano_37,51.507289,-0.128015,4,satellite_51.507174_-0.128892.png,-137.4,-652.1,False,666.4181645183451
pano_370,51.507283,-0.1299,1,satellite_51.507174_-0.129750.png,-130.2,111.5,True,171.41846458301976
pano_370,51.507283,-0.1299,2,satellite_51.507708_-0.129750.png,507.7,111.5,False,519.7995190455644
pano_370,51.507283,-0.1299,3,satellite_51.507174_-0.130608.png,-130.2,-526.4,False,542.2628513922007
pano_370,51.507283,-0.1299,4,satellite_51.507708_-0.130608.png,507.7,-526.4,False,731.3386698377161
pano_371,51.507416,-0.129011,1,satellite_51.507174_-0.128892.png,-289.1,88.5,True,302.3426202175274
pano_371,51.507416,-0.129011,2,satellite_51.507708_-0.128892.png,348.8,88.5,False,359.852316930154
pano_371,51.507416,-0.129011,3,satellite_51.507174_-0.129750.png,-289.1,-549.5,False,620.9098646341513
pano_371,51.507416,-0.129011,4,satellite_51.507708_-0.129750.png,348.8,-549.5,False,650.8545843734989
pano_372,51.508619,-0.125551,1,satellite_51.508776_-0.125459.png,187.6,68.4,True,199.68054487105147
pano_372,51.508619,-0.125551,2,satellite_51.508242_-0.125459.png,-450.4,68.4,False,455.56417769618366
pano_372,51.508619,-0.125551,3,satellite_51.508776_-0.126317.png,187.6,-569.5,False,599.6032104650541
pano_372,51.508619,-0.125551,4,satellite_51.508242_-0.126317.png,-450.4,-569.5,False,726.0787904903984
pano_373,51.509294,-0.124025,1,satellite_51.509311_-0.123742.png,20.3,210.4,True,211.37703281104123
pano_373,51.509294,-0.124025,2,satellite_51.509311_-0.124600.png,20.3,-427.5,False,427.981705216473
pano_373,51.509294,-0.124025,3,satellite_51.508776_-0.123742.png,-618.8,210.4,False,653.5913096117481
pano_373,51.509294,-0.124025,4,satellite_51.509845_-0.123742.png,658.2,210.4,False,691.0104196030621
pano_374,51.509312,-0.1273,1,satellite_51.509311_-0.127175.png,-1.2,92.9,True,92.90774994584683
pano_374,51.509312,-0.1273,2,satellite_51.509311_-0.128034.png,-1.2,-545.7,False,545.7013194046722
pano_374,51.509312,-0.1273,3,satellite_51.509845_-0.127175.png,636.7,92.9,False,643.4417611563614
pano_374,51.509312,-0.1273,4,satellite_51.508776_-0.127175.png,-640.3,92.9,False,647.0042503724376
pano_375,51.509342,-0.124087,1,satellite_51.509311_-0.123742.png,-37.0,256.5,True,259.15487647350955
pano_375,51.509342,-0.124087,2,satellite_51.509311_-0.124600.png,-37.0,-381.4,False,383.1905009261059
pano_375,51.509342,-0.124087,3,satellite_51.509845_-0.123742.png,600.9,256.5,False,653.3552326261724
pano_375,51.509342,-0.124087,4,satellite_51.509845_-0.124600.png,600.9,-381.4,False,711.7209916814313
pano_376,51.509478,-0.127226,1,satellite_51.509311_-0.127175.png,-199.5,37.9,True,203.06811665054659
pano_376,51.509478,-0.127226,2,satellite_51.509845_-0.127175.png,438.4,37.9,False,440.0351917744761
pano_376,51.509478,-0.127226,3,satellite_51.509311_-0.128034.png,-199.5,-600.8,False,633.0567826032669
pano_376,51.509478,-0.127226,4,satellite_51.509311_-0.126317.png,-199.5,675.9,False,704.7276495214303
pano_377,51.510458,-0.12158,1,satellite_51.510379_-0.121167.png,-94.4,307.1,True,321.28144982242594
pano_377,51.510458,-0.12158,2,satellite_51.510379_-0.122025.png,-94.4,-330.9,False,344.10197616404355
pano_377,51.510458,-0.12158,3,satellite_51.510913_-0.121167.png,543.6,307.1,False,624.3487567057374
pano_377,51.510458,-0.12158,4,satellite_51.510913_-0.122025.png,543.6,-330.9,False,636.3927796573433
pano_378,51.507971,-0.126891,1,satellite_51.507708_-0.127175.png,-314.2,-211.2,True,378.58563100043824
pano_378,51.507971,-0.126891,2,satellite_51.508242_-0.127175.png,323.7,-211.2,False,386.50631301441894
pano_378,51.507971,-0.126891,3,satellite_51.507708_-0.126317.png,-314.2,426.8,False,529.9810185280223
pano_378,51.507971,-0.126891,4,satellite_51.508242_-0.126317.png,323.7,426.8,False,535.6677421685946
pano_379,51.505992,-0.129921,1,satellite_51.506105_-0.129750.png,135.0,127.1,True,185.41685468155262
pano_379,51.505992,-0.129921,2,satellite_51.505571_-0.129750.png,-502.9,127.1,False,518.7126564871924
pano_379,51.505992,-0.129921,3,satellite_51.506105_-0.130608.png,135.0,-510.8,False,528.338565694385
pano_379,51.505992,-0.129921,4,satellite_51.505571_-0.130608.png,-502.9,-510.8,False,716.8159108167173
pano_38,51.507163,-0.127765,1,satellite_51.507174_-0.128034.png,13.1,-200.0,True,200.42856582832698
pano_38,51.507163,-0.127765,2,satellite_51.507174_-0.127175.png,13.1,438.7,False,438.8955456597845
pano_38,51.507163,-0.127765,3,satellite_51.506640_-0.128034.png,-624.8,-200.0,False,656.0297554227246
pano_38,51.507163,-0.127765,4,satellite_51.507708_-0.128034.png,651.0,-200.0,False,681.0293679423818
pano_380,51.50542,-0.12972,1,satellite_51.505571_-0.129750.png,180.4,-22.3,True,181.77307281332955
pano_380,51.50542,-0.12972,2,satellite_51.505037_-0.129750.png,-457.5,-22.3,False,458.0431639048879
pano_380,51.50542,-0.12972,3,satellite_51.505571_-0.128892.png,180.4,615.6,False,641.4885189931306
pano_380,51.50542,-0.12972,4,satellite_51.505571_-0.130608.png,180.4,-660.2,False,684.4035359347583
pano_381,51.506155,-0.130084,1,satellite_51.506105_-0.129750.png,-59.7,248.3,True,255.3761539376768
pano_381,51.506155,-0.130084,2,satellite_51.506105_-0.130608.png,-59.7,-389.6,False,394.1474977720904
pano_381,51.506155,-0.130084,3,satellite_51.506640_-0.129750.png,579.3,248.3,False,630.2708782737784
pano_381,51.506155,-0.130084,4,satellite_51.506640_-0.130608.png,579.3,-389.6,False,698.1236638304133
pano_382,51.506244,-0.129261,1,satellite_51.506105_-0.128892.png,-166.0,274.4,True,320.7044745556257
pano_382,51.506244,-0.129261,2,satellite_51.506105_-0.129750.png,-166.0,-363.6,False,399.70108831475557
pano_382,51.506244,-0.129261,3,satellite_51.506640_-0.128892.png,473.0,274.4,False,546.8311988173316
pano_382,51.506244,-0.129261,4,satellite_51.506640_-0.129750.png,473.0,-363.6,False,596.6020113945309
pano_383,51.509042,-0.124676,1,satellite_51.508776_-0.124600.png,-317.8,56.5,True,322.7833483933147
pano_383,51.509042,-0.124676,2,satellite_51.509311_-0.124600.png,321.3,56.5,False,326.22988826899353
pano_383,51.509042,-0.124676,3,satellite_51.508776_-0.125459.png,-317.8,-582.2,False,663.2900421384298
pano_383,51.509042,-0.124676,4,satellite_51.509311_-0.125459.png,321.3,-582.2,False,664.9740822017051
pano_384,51.507353,-0.132188,1,satellite_51.507174_-0.132325.png,-213.8,-101.9,True,236.8418248536352
pano_384,51.507353,-0.132188,2,satellite_51.507708_-0.132325.png,424.1,-101.9,False,436.17017321224523
pano_384,51.507353,-0.132188,3,satellite_51.507174_-0.131467.png,-213.8,536.1,False,577.1599864855498
pano_384,51.507353,-0.132188,4,satellite_51.507708_-0.131467.png,424.1,536.1,False,683.5671291102287
pano_385,51.507638,-0.131359,1,satellite_51.507708_-0.131467.png,83.6,-80.3,True,115.91829018752821
pano_385,51.507638,-0.131359,2,satellite_51.507174_-0.131467.png,-554.3,-80.3,False,560.0862255046092
pano_385,51.507638,-0.131359,3,satellite_51.507708_-0.130608.png,83.6,558.4,False,564.623343477756
pano_385,51.507638,-0.131359,4,satellite_51.507708_-0.132325.png,83.6,-718.2,False,723.0492376041898
pano_386,51.507655,-0.131303,1,satellite_51.507708_-0.131467.png,63.3,-121.9,True,137.35537848952256
pano_386,51.507655,-0.131303,2,satellite_51.507708_-0.130608.png,63.3,516.7,False,520.562945281356
pano_386,51.507655,-0.131303,3,satellite_51.507174_-0.131467.png,-574.6,-121.9,False,587.3880914693453
pano_386,51.507655,-0.131303,4,satellite_51.508242_-0.131467.png,701.2,-121.9,False,711.7169732414706
pano_387,51.507474,-0.131836,1,satellite_51.507708_-0.131467.png,279.5,274.4,True,391.68304788438314
pano_387,51.507474,-0.131836,2,satellite_51.507174_-0.131467.png,-358.4,274.4,False,451.38223270306065
pano_387,51.507474,-0.131836,3,satellite_51.507708_-0.132325.png,279.5,-363.6,False,458.61226542690724
pano_387,51.507474,-0.131836,4,satellite_51.507174_-0.132325.png,-358.4,-363.6,False,510.5443369581138
pano_388,51.509039,-0.127239,1,satellite_51.508776_-0.127175.png,-314.2,47.6,True,317.7851475446894
pano_388,51.509039,-0.127239,2,satellite_51.509311_-0.127175.png,324.9,47.6,False,328.3683450029859
pano_388,51.509039,-0.127239,3,satellite_51.508776_-0.128034.png,-314.2,-591.1,False,669.4182922508169
pano_388,51.509039,-0.127239,4,satellite_51.509311_-0.128034.png,324.9,-591.1,False,674.5066493371285
pano_389,51.509057,-0.12585,1,satellite_51.509311_-0.125459.png,303.4,290.7,True,420.18811263528147
pano_389,51.509057,-0.12585,2,satellite_51.508776_-0.125459.png,-335.7,290.7,False,444.07316964662476
pano_389,51.509057,-0.12585,3,satellite_51.509311_-0.126317.png,303.4,-347.2,False,461.085024697181
pano_389,51.509057,-0.12585,4,satellite_51.508776_-0.126317.png,-335.7,-347.2,False,482.9516849540956
pano_39,51.507588,-0.125883,1,satellite_51.507708_-0.125459.png,143.3,315.2,True,346.245476504748
pano_39,51.507588,-0.125883,2,satellite_51.507708_-0.126317.png,143.3,-322.7,False,353.08664658975704
pano_39,51.507588,-0.125883,3,satellite_51.507174_-0.125459.png,-494.6,315.2,False,586.4982523418122
pano_39,51.507588,-0.125883,4,satellite_51.507174_-0.126317.png,-494.6,-322.7,False,590.5628247697276
pano_390,51.508808,-0.124974,1,satellite_51.508776_-0.124600.png,-38.2,278.1,True,280.7113285922034
pano_390,51.508808,-0.124974,2,satellite_51.508776_-0.125459.png,-38.2,-360.6,False,362.6177050283122
pano_390,51.508808,-0.124974,3,satellite_51.509311_-0.124600.png,600.9,278.1,False,662.1332343267478
pano_390,51.508808,-0.124974,4,satellite_51.509311_-0.125459.png,600.9,-360.6,False,700.7946703564461
pano_391,51.508813,-0.125137,1,satellite_51.508776_-0.125459.png,-44.2,-239.4,True,243.4460925954656
pano_391,51.508813,-0.125137,2,satellite_51.508776_-0.124600.png,-44.2,399.3,False,401.7388828580077
pano_391,51.508813,-0.125137,3,satellite_51.509311_-0.125459.png,594.9,-239.4,False,641.2631051292441
pano_391,51.508813,-0.125137,4,satellite_51.509311_-0.124600.png,594.9,399.3,False,716.4820304794811
pano_392,51.508836,-0.125095,1,satellite_51.508776_-0.125459.png,-71.7,-270.6,True,279.93793955089404
pano_392,51.508836,-0.125095,2,satellite_51.508776_-0.124600.png,-71.7,368.0,False,374.91984476685144
pano_392,51.508836,-0.125095,3,satellite_51.509311_-0.125459.png,567.4,-270.6,False,628.6231939723509
pano_392,51.508836,-0.125095,4,satellite_51.509311_-0.124600.png,567.4,368.0,False,676.2889619090348
pano_393,51.508957,-0.130336,1,satellite_51.508776_-0.130608.png,-216.2,-202.2,True,296.0190534408216
pano_393,51.508957,-0.130336,2,satellite_51.509311_-0.130608.png,422.9,-202.2,False,468.75286665790105
pano_393,51.508957,-0.130336,3,satellite_51.508776_-0.129750.png,-216.2,435.7,False,486.39174540693017
pano_393,51.508957,-0.130336,4,satellite_51.509311_-0.129750.png,422.9,435.7,False,607.1893444387838
pano_394,51.508949,-0.130387,1,satellite_51.508776_-0.130608.png,-206.7,-164.3,True,264.0442765901204
pano_394,51.508949,-0.130387,2,satellite_51.509311_-0.130608.png,432.4,-164.3,False,462.5626984528692
pano_394,51.508949,-0.130387,3,satellite_51.508776_-0.129750.png,-206.7,473.6,False,516.7415698393154
pano_394,51.508949,-0.130387,4,satellite_51.509311_-0.129750.png,432.4,473.6,False,641.3008030557891
pano_395,51.509046,-0.13057,1,satellite_51.509311_-0.130608.png,316.6,-28.3,True,317.86231295955804
pano_395,51.509046,-0.13057,2,satellite_51.508776_-0.130608.png,-322.5,-28.3,False,323.7393087037779
pano_395,51.509046,-0.13057,3,satellite_51.509311_-0.129750.png,316.6,609.7,False,687.0004730711618
pano_395,51.509046,-0.13057,4,satellite_51.508776_-0.129750.png,-322.5,609.7,False,689.7393275723808
pano_396,51.509054,-0.130466,1,satellite_51.509311_-0.130608.png,307.0,-105.6,True,324.6542160514784
pano_396,51.509054,-0.130466,2,satellite_51.508776_-0.130608.png,-332.1,-105.6,False,348.4849638076226
pano_396,51.509054,-0.130466,3,satellite_51.509311_-0.129750.png,307.0,532.4,False,614.5720136810656
pano_396,51.509054,-0.130466,4,satellite_51.508776_-0.129750.png,-332.1,532.4,False,627.4871871201833
pano_397,51.50906,-0.130774,1,satellite_51.509311_-0.130608.png,299.8,123.4,True,324.2030228113242
pano_397,51.50906,-0.130774,2,satellite_51.508776_-0.130608.png,-339.3,123.4,False,361.04300297886954
pano_397,51.50906,-0.130774,3,satellite_51.509311_-0.131467.png,299.8,-515.3,False,596.1661932716413
pano_397,51.50906,-0.130774,4,satellite_51.508776_-0.131467.png,-339.3,-515.3,False,616.9753479678097
pano_398,51.509063,-0.130412,1,satellite_51.509311_-0.130608.png,296.3,-145.7,True,330.18506931719367
pano_398,51.509063,-0.130412,2,satellite_51.508776_-0.130608.png,-342.9,-145.7,False,372.5706644383049
pano_398,51.509063,-0.130412,3,satellite_51.509311_-0.129750.png,296.3,492.2,False,574.5037249661659
pano_398,51.509063,-0.130412,4,satellite_51.508776_-0.129750.png,-342.9,492.2,False,599.8676937458793
pano_399,51.509119,-0.130455,1,satellite_51.509311_-0.130608.png,229.4,-113.8,True,256.075770036917
pano_399,51.509119,-0.130455,2,satellite_51.508776_-0.130608.png,-409.8,-113.8,False,425.30751227788113
pano_399,51.509119,-0.130455,3,satellite_51.509311_-0.129750.png,229.4,524.2,False,572.1975183448457
pano_399,51.509119,-0.130455,4,satellite_51.508776_-0.129750.png,-409.8,524.2,False,665.373338810626
pano_4,51.507515,-0.127355,1,satellite_51.507708_-0.127175.png,230.6,133.8,True,266.6060764498814
pano_4,51.507515,-0.127355,2,satellite_51.507174_-0.127175.png,-407.3,133.8,False,428.7140422239514
pano_4,51.507515,-0.127355,3,satellite_51.507708_-0.128034.png,230.6,-504.8,False,554.9769364577235
pano_4,51.507515,-0.127355,4,satellite_51.507174_-0.128034.png,-407.3,-504.8,False,648.6264949876778
pano_40,51.507832,-0.125542,1,satellite_51.507708_-0.125459.png,-148.1,61.7,True,160.43846172286743
pano_40,51.507832,-0.125542,2,satellite_51.508242_-0.125459.png,489.8,61.7,False,493.6708721405386
pano_40,51.507832,-0.125542,3,satellite_51.507708_-0.126317.png,-148.1,-576.2,False,594.9286091624776
pano_40,51.507832,-0.125542,4,satellite_51.507708_-0.124600.png,-148.1,700.4,False,715.8867019298515
pano_400,51.504973,-0.126576,1,satellite_51.505037_-0.126317.png,76.4,192.6,True,207.19971042450808
pano_400,51.504973,-0.126576,2,satellite_51.505037_-0.127175.png,76.4,-445.4,False,451.90499001449405
pano_400,51.504973,-0.126576,3,satellite_51.504503_-0.126317.png,-561.4,192.6,False,593.5189297739373
pano_400,51.504973,-0.126576,4,satellite_51.504503_-0.127175.png,-561.4,-445.4,False,716.6248111808577
pano_401,51.505048,-0.126441,1,satellite_51.505037_-0.126317.png,-13.1,92.2,True,93.1259899276244
pano_401,51.505048,-0.126441,2,satellite_51.505037_-0.127175.png,-13.1,-545.7,False,545.8572157625106
pano_401,51.505048,-0.126441,3,satellite_51.505571_-0.126317.png,624.7,92.2,False,631.4672833963768
pano_401,51.505048,-0.126441,4,satellite_51.504503_-0.126317.png,-651.0,92.2,False,657.49664637928
pano_402,51.504996,-0.126418,1,satellite_51.505037_-0.126317.png,49.0,75.1,True,89.67167891815119
pano_402,51.504996,-0.126418,2,satellite_51.505037_-0.127175.png,49.0,-562.8,False,564.9290574930625
pano_402,51.504996,-0.126418,3,satellite_51.504503_-0.126317.png,-588.9,75.1,False,593.6692850400802
pano_402,51.504996,-0.126418,4,satellite_51.505571_-0.126317.png,686.8,75.1,False,690.8938051538745
pano_403,51.507168,-0.127439,1,satellite_51.507174_-0.127175.png,7.2,196.3,True,196.4319984116641
pano_403,51.507168,-0.127439,2,satellite_51.507174_-0.128034.png,7.2,-442.4,False,442.45858563259907
pano_403,51.507168,-0.127439,3,satellite_51.506640_-0.127175.png,-630.7,196.3,False,660.5423377801003
pano_403,51.507168,-0.127439,4,satellite_51.507708_-0.127175.png,645.1,196.3,False,674.3053462638421
pano_404,51.506927,-0.127445,1,satellite_51.507174_-0.127175.png,295.1,200.7,True,356.8816330381826
pano_404,51.506927,-0.127445,2,satellite_51.506640_-0.127175.png,-342.8,200.7,False,397.230827101825
pano_404,51.506927,-0.127445,3,satellite_51.507174_-0.128034.png,295.1,-437.9,False,528.0534253274
pano_404,51.506927,-0.127445,4,satellite_51.506640_-0.128034.png,-342.8,-437.9,False,556.1189171391313
pano_405,51.507122,-0.127656,1,satellite_51.507174_-0.128034.png,62.1,-281.0,True,287.7801417749321
pano_405,51.507122,-0.127656,2,satellite_51.507174_-0.127175.png,62.1,357.6,False,362.9520216226933
pano_405,51.507122,-0.127656,3,satellite_51.506640_-0.128034.png,-575.8,-281.0,False,640.7079209749165
pano_405,51.507122,-0.127656,4,satellite_51.506640_-0.127175.png,-575.8,357.6,False,677.8077898637637
pano_406,51.507006,-0.127525,1,satellite_51.507174_-0.127175.png,200.7,260.2,True,328.60999680472287
pano_406,51.507006,-0.127525,2,satellite_51.507174_-0.128034.png,200.7,-378.4,False,428.3305382528778
pano_406,51.507006,-0.127525,3,satellite_51.506640_-0.127175.png,-437.2,260.2,False,508.7709504285794
pano_406,51.507006,-0.127525,4,satellite_51.506640_-0.128034.png,-437.2,-378.4,False,578.2131095020243
pano_407,51.507219,-0.127511,1,satellite_51.507174_-0.127175.png,-53.8,249.8,True,255.52784584072242
pano_407,51.507219,-0.127511,2,satellite_51.507174_-0.128034.png,-53.8,-388.9,False,392.60368057367975
pano_407,51.507219,-0.127511,3,satellite_51.507708_-0.127175.png,584.1,249.8,False,635.2738385924608
pano_407,51.507219,-0.127511,4,satellite_51.507708_-0.128034.png,584.1,-388.9,False,701.7236065574536
pano_408,51.506199,-0.12707,1,satellite_51.506105_-0.127175.png,-112.3,-78.1,True,136.78779185292817
pano_408,51.506199,-0.12707,2,satellite_51.506640_-0.127175.png,526.8,-78.1,False,532.5578372346049
pano_408,51.506199,-0.12707,3,satellite_51.506105_-0.126317.png,-112.3,559.9,False,571.0510485061734
pano_408,51.506199,-0.12707,4,satellite_51.506105_-0.128034.png,-112.3,-716.7,False,725.4448152685359
pano_409,51.505053,-0.126609,1,satellite_51.505037_-0.126317.png,-19.1,217.1,True,217.9385693263127
pano_409,51.505053,-0.126609,2,satellite_51.505037_-0.127175.png,-19.1,-420.8,False,421.2332489251056
pano_409,51.505053,-0.126609,3,satellite_51.505571_-0.126317.png,618.8,217.1,False,655.7788117955627
pano_409,51.505053,-0.126609,4,satellite_51.504503_-0.126317.png,-657.0,217.1,False,691.940322571246
pano_41,51.507488,-0.124872,1,satellite_51.507708_-0.124600.png,262.8,202.2,True,331.58510219851553
pano_41,51.507488,-0.124872,2,satellite_51.507174_-0.124600.png,-375.1,202.2,False,426.1277390642388
pano_41,51.507488,-0.124872,3,satellite_51.507708_-0.125459.png,262.8,-436.4,False,509.42006242392927
pano_41,51.507488,-0.124872,4,satellite_51.507174_-0.125459.png,-375.1,-436.4,False,575.4519701938642
pano_410,51.506089,-0.126945,1,satellite_51.506105_-0.127175.png,19.1,-171.0,True,172.06338948189995
pano_410,51.506089,-0.126945,2,satellite_51.506105_-0.126317.png,19.1,466.9,False,467.290509212417
pano_410,51.506089,-0.126945,3,satellite_51.505571_-0.127175.png,-618.8,-171.0,False,641.9925544739596
pano_410,51.506089,-0.126945,4,satellite_51.506640_-0.127175.png,658.2,-171.0,False,680.0501746194909
pano_411,51.506114,-0.126959,1,satellite_51.506105_-0.127175.png,-10.8,-160.6,True,160.96272860510285
pano_411,51.506114,-0.126959,2,satellite_51.506105_-0.126317.png,-10.8,477.3,False,477.4221716678018
pano_411,51.506114,-0.126959,3,satellite_51.506640_-0.127175.png,628.3,-160.6,False,648.5007710095648
pano_411,51.506114,-0.126959,4,satellite_51.505571_-0.127175.png,-648.6,-160.6,False,668.1873390000742
pano_412,51.505801,-0.126932,1,satellite_51.505571_-0.127175.png,-274.7,-180.7,True,328.80477490450164
pano_412,51.505801,-0.126932,2,satellite_51.506105_-0.127175.png,363.1,-180.7,False,405.5787223215735
pano_412,51.505801,-0.126932,3,satellite_51.505571_-0.126317.png,-274.7,457.3,False,533.463569515295
pano_412,51.505801,-0.126932,4,satellite_51.506105_-0.126317.png,363.1,457.3,False,583.9219982155151
pano_413,51.505978,-0.127022,1,satellite_51.506105_-0.127175.png,151.7,-113.8,True,189.6400010546298
pano_413,51.505978,-0.127022,2,satellite_51.505571_-0.127175.png,-486.2,-113.8,False,499.34044498718504
pano_413,51.505978,-0.127022,3,satellite_51.506105_-0.126317.png,151.7,524.2,False,545.7091991161593
pano_413,51.505978,-0.127022,4,satellite_51.505571_-0.126317.png,-486.2,524.2,False,714.9657893913527
pano_414,51.507872,-0.126729,1,satellite_51.507708_-0.126317.png,-195.9,306.3,True,363.5883661505137
pano_414,51.507872,-0.126729,2,satellite_51.507708_-0.127175.png,-195.9,-331.6,False,385.1433109895588
pano_414,51.507872,-0.126729,3,satellite_51.508242_-0.126317.png,442.0,306.3,False,537.7580217904704
pano_414,51.507872,-0.126729,4,satellite_51.508242_-0.127175.png,442.0,-331.6,False,552.5600057912263
pano_415,51.507804,-0.126836,1,satellite_51.507708_-0.127175.png,-114.7,-252.1,True,276.9666044850895
pano_415,51.507804,-0.126836,2,satellite_51.507708_-0.126317.png,-114.7,385.9,False,402.58527047074136
pano_415,51.507804,-0.126836,3,satellite_51.508242_-0.127175.png,523.2,-252.1,False,580.7690160468273
pano_415,51.507804,-0.126836,4,satellite_51.508242_-0.126317.png,523.2,385.9,False,650.1207964678564
pano_416,51.507804,-0.127012,1,satellite_51.507708_-0.127175.png,-114.7,-121.2,True,166.86979954443524
pano_416,51.507804,-0.127012,2,satellite_51.507708_-0.126317.png,-114.7,516.7,False,529.2777909566961
pano_416,51.507804,-0.127012,3,satellite_51.508242_-0.127175.png,523.2,-121.2,False,537.0546340922867
pano_416,51.507804,-0.127012,4,satellite_51.508242_-0.126317.png,523.2,516.7,False,735.334706103282
pano_417,51.507742,-0.126936,1,satellite_51.507708_-0.127175.png,-40.6,-177.7,True,182.2790443249031
pano_417,51.507742,-0.126936,2,satellite_51.507708_-0.126317.png,-40.6,460.2,False,461.98744571687223
pano_417,51.507742,-0.126936,3,satellite_51.508242_-0.127175.png,597.3,-177.7,False,623.1729936382031
pano_417,51.507742,-0.126936,4,satellite_51.507174_-0.127175.png,-678.5,-177.7,False,701.3840174968346
pano_418,51.507913,-0.127145,1,satellite_51.507708_-0.127175.png,-244.9,-22.3,True,245.9131960672302
pano_418,51.507913,-0.127145,2,satellite_51.508242_-0.127175.png,393.0,-22.3,False,393.6321760222352
pano_418,51.507913,-0.127145,3,satellite_51.507708_-0.126317.png,-244.9,615.6,False,662.5249957548772
pano_418,51.507913,-0.127145,4,satellite_51.507708_-0.128034.png,-244.9,-661.0,False,704.9092211058102
pano_419,51.507859,-0.127142,1,satellite_51.507708_-0.127175.png,-180.4,-24.5,True,182.0560627938548
pano_419,51.507859,-0.127142,2,satellite_51.508242_-0.127175.png,457.5,-24.5,False,458.15554127392153
pano_419,51.507859,-0.127142,3,satellite_51.507708_-0.126317.png,-180.4,613.4,False,639.3776036115122
pano_419,51.507859,-0.127142,4,satellite_51.507708_-0.128034.png,-180.4,-663.2,False,687.2978975669866
pano_42,51.507235,-0.125363,1,satellite_51.507174_-0.125459.png,-72.9,-71.4,True,102.04102116305972
pano_42,51.507235,-0.125363,2,satellite_51.507708_-0.125459.png,565.0,-71.4,False,569.493599612849
pano_42,51.507235,-0.125363,3,satellite_51.507174_-0.124600.png,-72.9,567.3,False,571.9647716424499
pano_42,51.507235,-0.125363,4,satellite_51.507174_-0.126317.png,-72.9,-709.3,False,713.0363945830535
pano_420,51.50771,-0.127041,1,satellite_51.507708_-0.127175.png,-2.4,-99.6,True,99.62891146650152
pano_420,51.50771,-0.127041,2,satellite_51.507708_-0.126317.png,-2.4,538.3,False,538.305350149894
pano_420,51.50771,-0.127041,3,satellite_51.508242_-0.127175.png,635.5,-99.6,False,643.2576544433808
pano_420,51.50771,-0.127041,4,satellite_51.507174_-0.127175.png,-640.3,-99.6,False,648.0001929012058
pano_421,51.507766,-0.127106,1,satellite_51.507708_-0.127175.png,-69.3,-51.3,True,86.22169100638192
pano_421,51.507766,-0.127106,2,satellite_51.508242_-0.127175.png,568.6,-51.3,False,570.909493702811
pano_421,51.507766,-0.127106,3,satellite_51.507708_-0.126317.png,-69.3,586.6,False,590.6793123176061
pano_421,51.507766,-0.127106,4,satellite_51.507708_-0.128034.png,-69.3,-690.0,False,693.4713332214966
pano_422,51.507793,-0.127166,1,satellite_51.507708_-0.127175.png,-101.5,-6.7,True,101.72089264256385
pano_422,51.507793,-0.127166,2,satellite_51.508242_-0.127175.png,536.4,-6.7,False,536.4418421413452
pano_422,51.507793,-0.127166,3,satellite_51.507708_-0.126317.png,-101.5,631.2,False,639.3087595207812
pano_422,51.507793,-0.127166,4,satellite_51.507708_-0.128034.png,-101.5,-645.4,False,653.332541666187
pano_423,51.507762,-0.1272,1,satellite_51.507708_-0.127175.png,-64.5,18.6,True,67.1283099742575
pano_423,51.507762,-0.1272,2,satellite_51.508242_-0.127175.png,573.4,18.6,False,573.7015949080148
pano_423,51.507762,-0.1272,3,satellite_51.507708_-0.128034.png,-64.5,-620.1,False,623.4454747610251
pano_423,51.507762,-0.1272,4,satellite_51.507708_-0.126317.png,-64.5,656.5,False,659.660897734586
pano_424,51.507649,-0.127478,1,satellite_51.507708_-0.127175.png,70.5,225.3,True,236.0727430263816
pano_424,51.507649,-0.127478,2,satellite_51.507708_-0.128034.png,70.5,-413.4,False,419.36834644498384
pano_424,51.507649,-0.127478,3,satellite_51.507174_-0.127175.png,-567.4,225.3,False,610.4939393638564
pano_424,51.507649,-0.127478,4,satellite_51.507174_-0.128034.png,-567.4,-413.4,False,702.0272929167355
pano_425,51.507569,-0.127497,1,satellite_51.507708_-0.127175.png,166.0,239.4,True,291.32174652778673
pano_425,51.507569,-0.127497,2,satellite_51.507708_-0.128034.png,166.0,-399.3,False,432.43090777602845
pano_425,51.507569,-0.127497,3,satellite_51.507174_-0.127175.png,-471.9,239.4,False,529.1521236846735
pano_425,51.507569,-0.127497,4,satellite_51.507174_-0.128034.png,-471.9,-399.3,False,618.1667250831283
pano_426,51.507576,-0.127556,1,satellite_51.507708_-0.127175.png,157.7,283.3,True,324.2347606287765
pano_426,51.507576,-0.127556,2,satellite_51.507708_-0.128034.png,157.7,-355.4,False,388.81673060710744
pano_426,51.507576,-0.127556,3,satellite_51.507174_-0.127175.png,-480.2,283.3,False,557.5400703088524
pano_426,51.507576,-0.127556,4,satellite_51.507174_-0.128034.png,-480.2,-355.4,False,597.412085582473
pano_427,51.506729,-0.128501,1,satellite_51.506640_-0.128892.png,-106.3,-290.7,True,309.5257339866913
pano_427,51.506729,-0.128501,2,satellite_51.506640_-0.128034.png,-106.3,347.2,False,363.1081519327265
pano_427,51.506729,-0.128501,3,satellite_51.507174_-0.128892.png,531.6,-290.7,False,605.8919458121226
pano_427,51.506729,-0.128501,4,satellite_51.507174_-0.128034.png,531.6,347.2,False,634.9381072199085
pano_428,51.507321,-0.127054,1,satellite_51.507174_-0.127175.png,-175.6,-90.0,True,197.32045002989426
pano_428,51.507321,-0.127054,2,satellite_51.507708_-0.127175.png,462.3,-90.0,False,470.97907596834915
pano_428,51.507321,-0.127054,3,satellite_51.507174_-0.126317.png,-175.6,548.0,False,575.4470957438225
pano_428,51.507321,-0.127054,4,satellite_51.507708_-0.126317.png,462.3,548.0,False,716.9555704504987
pano_429,51.506986,-0.125166,1,satellite_51.507174_-0.125459.png,224.6,-217.8,True,312.86099149622345
pano_429,51.506986,-0.125166,2,satellite_51.506640_-0.125459.png,-413.3,-217.8,False,467.17633715760905
pano_429,51.506986,-0.125166,3,satellite_51.507174_-0.124600.png,224.6,420.8,False,476.98825981359334
pano_429,51.506986,-0.125166,4,satellite_51.506640_-0.124600.png,-413.3,420.8,False,589.821608624167
pano_43,51.507668,-0.124591,1,satellite_51.507708_-0.124600.png,47.8,-6.7,True,48.267276699644036
pano_43,51.507668,-0.124591,2,satellite_51.507174_-0.124600.png,-590.1,-6.7,False,590.1380347003573
pano_43,51.507668,-0.124591,3,satellite_51.507708_-0.123742.png,47.8,631.2,False,633.0073301313344
pano_43,51.507668,-0.124591,4,satellite_51.507708_-0.125459.png,47.8,-645.4,False,647.1676753361527
pano_430,51.507551,-0.128646,1,satellite_51.507708_-0.128892.png,187.5,-182.9,True,261.93254856928337
pano_430,51.507551,-0.128646,2,satellite_51.507174_-0.128892.png,-450.4,-182.9,False,486.11991319015107
pano_430,51.507551,-0.128646,3,satellite_51.507708_-0.128034.png,187.5,455.0,False,492.1191420784199
pano_430,51.507551,-0.128646,4,satellite_51.507174_-0.128034.png,-450.4,455.0,False,640.2227424888935
pano_431,51.507572,-0.128691,1,satellite_51.507708_-0.128892.png,162.5,-149.4,True,220.7410473835802
pano_431,51.507572,-0.128691,2,satellite_51.507174_-0.128892.png,-475.4,-149.4,False,498.3227066871426
pano_431,51.507572,-0.128691,3,satellite_51.507708_-0.128034.png,162.5,488.5,False,514.8189001969528
pano_431,51.507572,-0.128691,4,satellite_51.507174_-0.128034.png,-475.4,488.5,False,681.6431691141634
pano_432,51.504034,-0.131497,1,satellite_51.503968_-0.131467.png,-78.8,22.3,True,81.89462741840883
pano_432,51.504034,-0.131497,2,satellite_51.504503_-0.131467.png,560.2,22.3,False,560.6436747168384
pano_432,51.504034,-0.131497,3,satellite_51.503968_-0.132325.png,-78.8,-615.6,False,620.6229128867222
pano_432,51.504034,-0.131497,4,satellite_51.503968_-0.130608.png,-78.8,661.0,False,665.6804338419449
pano_433,51.503685,-0.131762,1,satellite_51.503434_-0.131467.png,-299.8,219.3,True,371.44653720286584
pano_433,51.503685,-0.131762,2,satellite_51.503968_-0.131467.png,338.0,219.3,False,402.91002717728435
pano_433,51.503685,-0.131762,3,satellite_51.503434_-0.132325.png,-299.8,-418.6,False,514.8844530571884
pano_433,51.503685,-0.131762,4,satellite_51.503968_-0.132325.png,338.0,-418.6,False,538.0241258531071
pano_434,51.50874,-0.124969,1,satellite_51.508776_-0.124600.png,43.0,274.4,True,277.7487353706583
pano_434,51.50874,-0.124969,2,satellite_51.508776_-0.125459.png,43.0,-364.3,False,366.8289655956847
pano_434,51.50874,-0.124969,3,satellite_51.508242_-0.124600.png,-594.9,274.4,False,655.1346197538335
pano_434,51.50874,-0.124969,4,satellite_51.508242_-0.125459.png,-594.9,-364.3,False,697.581894833861
pano_435,51.509027,-0.12443,1,satellite_51.508776_-0.124600.png,-299.8,-126.4,True,325.35672730097343
pano_435,51.509027,-0.12443,2,satellite_51.509311_-0.124600.png,339.3,-126.4,False,362.0793421337373
pano_435,51.509027,-0.12443,3,satellite_51.508776_-0.123742.png,-299.8,511.5,False,592.8847189800055
pano_435,51.509027,-0.12443,4,satellite_51.509311_-0.123742.png,339.3,511.5,False,613.8051319433555
pano_436,51.508664,-0.125836,1,satellite_51.508776_-0.125459.png,133.8,280.3,True,310.5970540748898
pano_436,51.508664,-0.125836,2,satellite_51.508776_-0.126317.png,133.8,-357.6,False,381.8117337117863
pano_436,51.508664,-0.125836,3,satellite_51.508242_-0.125459.png,-504.1,280.3,False,576.7884360838036
pano_436,51.508664,-0.125836,4,satellite_51.508242_-0.126317.png,-504.1,-357.6,False,618.0570928320458
pano_437,51.508647,-0.127058,1,satellite_51.508776_-0.127175.png,154.1,-87.0,True,176.96273619041946
pano_437,51.508647,-0.127058,2,satellite_51.508242_-0.127175.png,-483.8,-87.0,False,491.5602099438074
pano_437,51.508647,-0.127058,3,satellite_51.508776_-0.126317.png,154.1,550.9,False,572.0468687091993
pano_437,51.508647,-0.127058,4,satellite_51.508242_-0.126317.png,-483.8,550.9,False,733.180230229921
pano_438,51.508914,-0.124637,1,satellite_51.508776_-0.124600.png,-164.9,27.5,True,167.17733099915193
pano_438,51.508914,-0.124637,2,satellite_51.509311_-0.124600.png,474.3,27.5,False,475.0965586067742
pano_438,51.508914,-0.124637,3,satellite_51.508776_-0.125459.png,-164.9,-611.2,False,633.0540656215708
pano_438,51.508914,-0.124637,4,satellite_51.508776_-0.123742.png,-164.9,665.4,False,685.5283874501478
pano_439,51.508859,-0.125126,1,satellite_51.508776_-0.125459.png,-99.2,-247.6,True,266.73282512656743
pano_439,51.508859,-0.125126,2,satellite_51.508776_-0.124600.png,-99.2,391.1,False,403.4846341559986
pano_439,51.508859,-0.125126,3,satellite_51.509311_-0.125459.png,540.0,-247.6,False,594.0587176365649
pano_439,51.508859,-0.125126,4,satellite_51.509311_-0.124600.png,540.0,391.1,False,666.752735277479
pano_44,51.508152,-0.12394,1,satellite_51.508242_-0.123742.png,107.5,147.2,True,182.27476512123118
pano_44,51.508152,-0.12394,2,satellite_51.508242_-0.124600.png,107.5,-490.7,False,502.3372771355914
pano_44,51.508152,-0.12394,3,satellite_51.507708_-0.123742.png,-530.4,147.2,False,550.4470910087545
pano_44,51.508152,-0.12394,4,satellite_51.507708_-0.124600.png,-530.4,-490.7,False,722.5722455228957
pano_440,51.509373,-0.124128,1,satellite_51.509311_-0.123742.png,-74.1,287.0,True,296.4115551053973
pano_440,51.509373,-0.124128,2,satellite_51.509311_-0.124600.png,-74.1,-350.9,False,358.6385645744194
pano_440,51.509373,-0.124128,3,satellite_51.509845_-0.123742.png,563.9,287.0,False,632.7339172195528
pano_440,51.509373,-0.124128,4,satellite_51.509845_-0.124600.png,563.9,-350.9,False,664.1641513963245
pano_441,51.50868,-0.125535,1,satellite_51.508776_-0.125459.png,114.7,56.5,True,127.86062724701455
pano_441,51.50868,-0.125535,2,satellite_51.508242_-0.125459.png,-523.2,56.5,False,526.2418550438572
pano_441,51.50868,-0.125535,3,satellite_51.508776_-0.126317.png,114.7,-581.4,False,592.6061508286933
pano_441,51.50868,-0.125535,4,satellite_51.508776_-0.124600.png,114.7,695.2,False,704.5985594648914
pano_442,51.508577,-0.125578,1,satellite_51.508776_-0.125459.png,237.7,88.5,True,253.64057246426486
pano_442,51.508577,-0.125578,2,satellite_51.508242_-0.125459.png,-400.2,88.5,False,409.8686252935201
pano_442,51.508577,-0.125578,3,satellite_51.508776_-0.126317.png,237.7,-549.5,False,598.7082261001598
pano_442,51.508577,-0.125578,4,satellite_51.508242_-0.126317.png,-400.2,-549.5,False,679.7869445642509
pano_443,51.508661,-0.125949,1,satellite_51.508776_-0.126317.png,137.4,-273.6,True,306.16289781748543
pano_443,51.508661,-0.125949,2,satellite_51.508776_-0.125459.png,137.4,364.3,False,389.3497784768858
pano_443,51.508661,-0.125949,3,satellite_51.508242_-0.126317.png,-500.5,-273.6,False,570.4009204059895
pano_443,51.508661,-0.125949,4,satellite_51.508242_-0.125459.png,-500.5,364.3,False,619.043407201789
pano_444,51.508612,-0.125949,1,satellite_51.508776_-0.126317.png,195.9,-273.6,True,336.50225853625415
pano_444,51.508612,-0.125949,2,satellite_51.508776_-0.125459.png,195.9,364.3,False,413.63184113411774
pano_444,51.508612,-0.125949,3,satellite_51.508242_-0.126317.png,-442.0,-273.6,False,519.8278176473437
pano_444,51.508612,-0.125949,4,satellite_51.508242_-0.125459.png,-442.0,364.3,False,572.7813631744664
pano_445,51.506,-0.125602,1,satellite_51.506105_-0.125459.png,125.4,106.3,True,164.3923660028044
pano_445,51.506,-0.125602,2,satellite_51.505571_-0.125459.png,-512.5,106.3,False,523.4080052884174
pano_445,51.506,-0.125602,3,satellite_51.506105_-0.126317.png,125.4,-531.6,False,546.1901866566261
pano_445,51.506,-0.125602,4,satellite_51.505571_-0.126317.png,-512.5,-531.6,False,738.4137119528591
pano_446,51.506139,-0.124369,1,satellite_51.506105_-0.124600.png,-40.6,-171.8,True,176.53215004638673
pano_446,51.506139,-0.124369,2,satellite_51.506105_-0.123742.png,-40.6,466.2,False,467.96452857027526
pano_446,51.506139,-0.124369,3,satellite_51.506640_-0.124600.png,598.5,-171.8,False,622.6696475660268
pano_446,51.506139,-0.124369,4,satellite_51.505571_-0.124600.png,-678.5,-171.8,False,699.9124873868161
pano_447,51.5062,-0.124218,1,satellite_51.506105_-0.124600.png,-113.5,-284.0,True,305.8402360710572
pano_447,51.5062,-0.124218,2,satellite_51.506105_-0.123742.png,-113.5,353.9,False,371.6550282183735
pano_447,51.5062,-0.124218,3,satellite_51.506640_-0.124600.png,525.6,-284.0,False,597.4205888651646
pano_447,51.5062,-0.124218,4,satellite_51.506640_-0.123742.png,525.6,353.9,False,633.6407262794903
pano_449,51.506815,-0.123733,1,satellite_51.506640_-0.123742.png,-209.0,-6.7,True,209.10736476748016
pano_449,51.506815,-0.123733,2,satellite_51.507174_-0.123742.png,428.8,-6.7,False,428.852340555581
pano_449,51.506815,-0.123733,3,satellite_51.506640_-0.122884.png,-209.0,631.2,False,664.9018273399465
pano_449,51.506815,-0.123733,4,satellite_51.506640_-0.124600.png,-209.0,-644.6,False,677.6357133445669
pano_45,51.507049,-0.125474,1,satellite_51.507174_-0.125459.png,149.3,11.2,True,149.71950440740846
pano_45,51.507049,-0.125474,2,satellite_51.506640_-0.125459.png,-488.6,11.2,False,488.728349904116
pano_45,51.507049,-0.125474,3,satellite_51.507174_-0.126317.png,149.3,-626.8,False,644.3358829058025
pano_45,51.507049,-0.125474,4,satellite_51.507174_-0.124600.png,149.3,649.8,False,666.7312277072373
pano_450,51.506847,-0.12373,1,satellite_51.506640_-0.123742.png,-247.3,-8.9,True,247.46009779356348
pano_450,51.506847,-0.12373,2,satellite_51.507174_-0.123742.png,390.6,-8.9,False,390.7013821321855
pano_450,51.506847,-0.12373,3,satellite_51.506640_-0.122884.png,-247.3,629.0,False,675.8685449109169
pano_450,51.506847,-0.12373,4,satellite_51.506640_-0.124600.png,-247.3,-646.9,False,692.5582285988667
pano_451,51.506872,-0.123744,1,satellite_51.506640_-0.123742.png,-277.1,1.5,True,277.10405987642986
pano_451,51.506872,-0.123744,2,satellite_51.507174_-0.123742.png,360.8,1.5,False,360.8031180574802
pano_451,51.506872,-0.123744,3,satellite_51.506640_-0.124600.png,-277.1,-636.4,False,694.1104883230047
pano_451,51.506872,-0.123744,4,satellite_51.506640_-0.122884.png,-277.1,639.4,False,696.8620882211917
pano_452,51.506895,-0.123775,1,satellite_51.506640_-0.123742.png,-304.6,24.5,True,305.5837201161083
pano_452,51.506895,-0.123775,2,satellite_51.507174_-0.123742.png,333.3,24.5,False,334.199251944106
pano_452,51.506895,-0.123775,3,satellite_51.506640_-0.124600.png,-304.6,-613.4,False,684.8654758417889
pano_452,51.506895,-0.123775,4,satellite_51.507174_-0.124600.png,333.3,-613.4,False,698.103466543463
pano_453,51.508184,-0.128875,1,satellite_51.508242_-0.128892.png,69.3,-12.6,True,70.43614129124337
pano_453,51.508184,-0.128875,2,satellite_51.507708_-0.128892.png,-568.6,-12.6,False,568.7395889157006
pano_453,51.508184,-0.128875,3,satellite_51.508242_-0.128034.png,69.3,625.3,False,629.1284288601175
pano_453,51.508184,-0.128875,4,satellite_51.508242_-0.129750.png,69.3,-650.6,False,654.2804062479634
pano_454,51.508228,-0.128859,1,satellite_51.508242_-0.128892.png,16.7,-24.5,True,29.650295108143528
pano_454,51.508228,-0.128859,2,satellite_51.508242_-0.128034.png,16.7,613.4,False,613.6272891584923
pano_454,51.508228,-0.128859,3,satellite_51.507708_-0.128892.png,-621.2,-24.5,False,621.6829497420691
pano_454,51.508228,-0.128859,4,satellite_51.508776_-0.128892.png,654.6,-24.5,False,655.058325647419
pano_455,51.508245,-0.128841,1,satellite_51.508242_-0.128892.png,-3.6,-37.9,True,38.07059232531062
pano_455,51.508245,-0.128841,2,satellite_51.508242_-0.128034.png,-3.6,600.0,False,600.0107999028018
pano_455,51.508245,-0.128841,3,satellite_51.508776_-0.128892.png,634.3,-37.9,False,635.4312708704223
pano_455,51.508245,-0.128841,4,satellite_51.507708_-0.128892.png,-641.5,-37.9,False,642.6185960583463
pano_456,51.508393,-0.127563,1,satellite_51.508242_-0.127175.png,-180.4,288.5,True,340.25932757236797
pano_456,51.508393,-0.127563,2,satellite_51.508242_-0.128034.png,-180.4,-350.2,False,393.93425847468507
pano_456,51.508393,-0.127563,3,satellite_51.508776_-0.127175.png,457.5,288.5,False,540.8682834110353
pano_456,51.508393,-0.127563,4,satellite_51.508776_-0.128034.png,457.5,-350.2,False,576.1478022174518
pano_457,51.50844,-0.127441,1,satellite_51.508242_-0.127175.png,-236.5,197.8,True,308.31329844818566
pano_457,51.50844,-0.127441,2,satellite_51.508776_-0.127175.png,401.4,197.8,False,447.48944121621463
pano_457,51.50844,-0.127441,3,satellite_51.508242_-0.128034.png,-236.5,-440.9,False,500.32495440463487
pano_457,51.50844,-0.127441,4,satellite_51.508776_-0.128034.png,401.4,-440.9,False,596.2505932911095
pano_458,51.508474,-0.127527,1,satellite_51.508242_-0.127175.png,-277.1,261.7,True,381.1447231695593
pano_458,51.508474,-0.127527,2,satellite_51.508776_-0.127175.png,360.8,261.7,False,445.7168720163059
pano_458,51.508474,-0.127527,3,satellite_51.508242_-0.128034.png,-277.1,-377.0,False,467.88183337248734
pano_458,51.508474,-0.127527,4,satellite_51.508776_-0.128034.png,360.8,-377.0,False,521.8291291217845
pano_459,51.50797,-0.127256,1,satellite_51.507708_-0.127175.png,-313.0,60.2,True,318.73663109219183
pano_459,51.50797,-0.127256,2,satellite_51.508242_-0.127175.png,324.9,60.2,False,330.43009850799
pano_459,51.50797,-0.127256,3,satellite_51.507708_-0.128034.png,-313.0,-578.5,False,657.7471018560249
pano_459,51.50797,-0.127256,4,satellite_51.508242_-0.128034.png,324.9,-578.5,False,663.4924716980593
pano_46,51.506754,-0.123757,1,satellite_51.506640_-0.123742.png,-136.2,11.2,True,136.6597234008616
pano_46,51.506754,-0.123757,2,satellite_51.507174_-0.123742.png,501.7,11.2,False,501.82499937727295
pano_46,51.506754,-0.123757,3,satellite_51.506640_-0.124600.png,-136.2,-626.8,False,641.4270652225395
pano_46,51.506754,-0.123757,4,satellite_51.506640_-0.122884.png,-136.2,649.1,False,663.2354408503816
pano_460,51.508394,-0.127162,1,satellite_51.508242_-0.127175.png,-181.6,-9.7,True,181.85887385552567
pano_460,51.508394,-0.127162,2,satellite_51.508776_-0.127175.png,456.3,-9.7,False,456.40308938481127
pano_460,51.508394,-0.127162,3,satellite_51.508242_-0.126317.png,-181.6,628.3,False,654.0179278888309
pano_460,51.508394,-0.127162,4,satellite_51.508242_-0.128034.png,-181.6,-648.3,False,673.2543724328866
pano_461,51.508465,-0.127326,1,satellite_51.508242_-0.127175.png,-266.4,112.3,True,289.1024904769933
pano_461,51.508465,-0.127326,2,satellite_51.508776_-0.127175.png,371.5,112.3,False,388.10248646459354
pano_461,51.508465,-0.127326,3,satellite_51.508242_-0.128034.png,-266.4,-526.4,False,589.971117937141
pano_461,51.508465,-0.127326,4,satellite_51.508776_-0.128034.png,371.5,-526.4,False,644.2896941593898
pano_462,51.508606,-0.127345,1,satellite_51.508776_-0.127175.png,203.1,126.4,True,239.2207557884558
pano_462,51.508606,-0.127345,2,satellite_51.508242_-0.127175.png,-434.8,126.4,False,452.80017667841076
pano_462,51.508606,-0.127345,3,satellite_51.508776_-0.128034.png,203.1,-512.3,False,551.0906459013797
pano_462,51.508606,-0.127345,4,satellite_51.508242_-0.128034.png,-434.8,-512.3,False,671.9392308832696
pano_463,51.508538,-0.127178,1,satellite_51.508776_-0.127175.png,284.3,2.2,True,284.3085120076429
pano_463,51.508538,-0.127178,2,satellite_51.508242_-0.127175.png,-353.6,2.2,False,353.60684382517263
pano_463,51.508538,-0.127178,3,satellite_51.508776_-0.128034.png,284.3,-636.4,False,697.0161045485247
pano_463,51.508538,-0.127178,4,satellite_51.508776_-0.126317.png,284.3,640.2,False,700.487351777318
pano_464,51.508748,-0.127191,1,satellite_51.508776_-0.127175.png,33.4,11.9,True,35.4565931809586
pano_464,51.508748,-0.127191,2,satellite_51.508242_-0.127175.png,-604.5,11.9,False,604.6171185138575
pano_464,51.508748,-0.127191,3,satellite_51.508776_-0.128034.png,33.4,-626.8,False,627.6892543289234
pano_464,51.508748,-0.127191,4,satellite_51.508776_-0.126317.png,33.4,649.8,False,650.6578209781236
pano_465,51.508693,-0.127298,1,satellite_51.508776_-0.127175.png,99.2,91.5,True,134.95514069497315
pano_465,51.508693,-0.127298,2,satellite_51.508242_-0.127175.png,-538.8,91.5,False,546.5141260754382
pano_465,51.508693,-0.127298,3,satellite_51.508776_-0.128034.png,99.2,-547.2,False,556.119123929397
pano_465,51.508693,-0.127298,4,satellite_51.508776_-0.126317.png,99.2,729.4,False,736.1148008293271
pano_466,51.508747,-0.127276,1,satellite_51.508776_-0.127175.png,34.6,75.1,True,82.68718159424712
pano_466,51.508747,-0.127276,2,satellite_51.508776_-0.128034.png,34.6,-563.6,False,564.661066481478
pano_466,51.508747,-0.127276,3,satellite_51.508242_-0.127175.png,-603.3,75.1,False,607.9563306685768
pano_466,51.508747,-0.127276,4,satellite_51.509311_-0.127175.png,673.8,75.1,False,677.9723076940531
pano_467,51.508931,-0.127224,1,satellite_51.508776_-0.127175.png,-185.2,36.4,True,188.74321179846442
pano_467,51.508931,-0.127224,2,satellite_51.509311_-0.127175.png,454.0,36.4,False,455.45686952773036
pano_467,51.508931,-0.127224,3,satellite_51.508776_-0.128034.png,-185.2,-602.2,False,630.0348244343324
pano_467,51.508931,-0.127224,4,satellite_51.508776_-0.126317.png,-185.2,674.4,False,699.3671424938406
pano_468,51.507996,-0.127052,1,satellite_51.508242_-0.127175.png,293.9,-91.5,True,307.814002280598
pano_468,51.507996,-0.127052,2,satellite_51.507708_-0.127175.png,-344.0,-91.5,False,355.961023147198
pano_468,51.507996,-0.127052,3,satellite_51.508242_-0.126317.png,293.9,546.5,False,620.5154792589786
pano_468,51.507996,-0.127052,4,satellite_51.507708_-0.126317.png,-344.0,546.5,False,645.7540166348174
pano_469,51.508061,-0.127072,1,satellite_51.508242_-0.127175.png,216.2,-76.6,True,229.3686988235317
pano_469,51.508061,-0.127072,2,satellite_51.507708_-0.127175.png,-421.7,-76.6,False,428.6005716281769
pano_469,51.508061,-0.127072,3,satellite_51.508242_-0.126317.png,216.2,561.4,False,601.5915557918013
pano_469,51.508061,-0.127072,4,satellite_51.507708_-0.126317.png,-421.7,561.4,False,702.1401925541651
pano_47,51.507194,-0.125382,1,satellite_51.507174_-0.125459.png,-23.9,-57.3,True,62.084619673474684
pano_47,51.507194,-0.125382,2,satellite_51.507174_-0.124600.png,-23.9,581.4,False,581.8910293173457
pano_47,51.507194,-0.125382,3,satellite_51.507708_-0.125459.png,614.0,-57.3,False,616.6678927915739
pano_47,51.507194,-0.125382,4,satellite_51.506640_-0.125459.png,-661.8,-57.3,False,664.2759441677833
pano_470,51.508534,-0.127298,1,satellite_51.508776_-0.127175.png,289.1,91.5,True,303.23433182936265
pano_470,51.508534,-0.127298,2,satellite_51.508242_-0.127175.png,-348.8,91.5,False,360.6018441439256
pano_470,51.508534,-0.127298,3,satellite_51.508776_-0.128034.png,289.1,-547.2,False,618.8753105432468
pano_470,51.508534,-0.127298,4,satellite_51.508242_-0.128034.png,-348.8,-547.2,False,648.9139234135757
pano_471,51.508556,-0.127279,1,satellite_51.508776_-0.127175.png,262.8,77.3,True,273.9327107156062
pano_471,51.508556,-0.127279,2,satellite_51.508242_-0.127175.png,-375.1,77.3,False,382.9821144648925
pano_471,51.508556,-0.127279,3,satellite_51.508776_-0.128034.png,262.8,-561.4,False,619.8659532511848
pano_471,51.508556,-0.127279,4,satellite_51.508242_-0.128034.png,-375.1,-561.4,False,675.1814348751008
pano_472,51.508574,-0.12718,1,satellite_51.508776_-0.127175.png,241.3,3.7,True,241.32836551056323
pano_472,51.508574,-0.12718,2,satellite_51.508242_-0.127175.png,-396.6,3.7,False,396.61725882770156
pano_472,51.508574,-0.12718,3,satellite_51.508776_-0.128034.png,241.3,-635.0,False,679.3016193120696
pano_472,51.508574,-0.12718,4,satellite_51.508776_-0.126317.png,241.3,641.7,False,685.5688003402722
pano_473,51.508463,-0.127381,1,satellite_51.508242_-0.127175.png,-264.0,153.2,True,305.2314531630055
pano_473,51.508463,-0.127381,2,satellite_51.508776_-0.127175.png,373.9,153.2,False,404.06862040994963
pano_473,51.508463,-0.127381,3,satellite_51.508242_-0.128034.png,-264.0,-485.5,False,552.635729934285
pano_473,51.508463,-0.127381,4,satellite_51.508776_-0.128034.png,373.9,-485.5,False,612.7898987418118
pano_474,51.50847,-0.127267,1,satellite_51.508242_-0.127175.png,-272.4,68.4,True,280.85640459138546
pano_474,51.50847,-0.127267,2,satellite_51.508776_-0.127175.png,365.5,68.4,False,371.84514249886337
pano_474,51.50847,-0.127267,3,satellite_51.508242_-0.128034.png,-272.4,-570.3,False,632.0157039188188
pano_474,51.50847,-0.127267,4,satellite_51.508776_-0.128034.png,365.5,-570.3,False,677.3716409770931
pano_475,51.508474,-0.127223,1,satellite_51.508242_-0.127175.png,-277.1,35.7,True,279.3902288914199
pano_475,51.508474,-0.127223,2,satellite_51.508776_-0.127175.png,360.8,35.7,False,362.5618981636101
pano_475,51.508474,-0.127223,3,satellite_51.508242_-0.128034.png,-277.1,-603.0,False,663.6214357598766
pano_475,51.508474,-0.127223,4,satellite_51.508776_-0.128034.png,360.8,-603.0,False,702.6988259560421
pano_476,51.508476,-0.127174,1,satellite_51.508242_-0.127175.png,-279.5,-0.7,True,279.50087656392066
pano_476,51.508476,-0.127174,2,satellite_51.508776_-0.127175.png,358.4,-0.7,False,358.40068359309805
pano_476,51.508476,-0.127174,3,satellite_51.508242_-0.126317.png,-279.5,637.2,False,695.8046349371352
pano_476,51.508476,-0.127174,4,satellite_51.508242_-0.128034.png,-279.5,-639.4,False,697.8198979679498
pano_477,51.50865,-0.127184,1,satellite_51.508776_-0.127175.png,150.5,6.7,True,150.64906239336506
pano_477,51.50865,-0.127184,2,satellite_51.508242_-0.127175.png,-487.4,6.7,False,487.44604829662944
pano_477,51.50865,-0.127184,3,satellite_51.508776_-0.128034.png,150.5,-632.0,False,649.6724174535964
pano_477,51.50865,-0.127184,4,satellite_51.508776_-0.126317.png,150.5,644.6,False,661.9361071886017
pano_478,51.508651,-0.127234,1,satellite_51.508776_-0.127175.png,149.3,43.9,True,155.62037141711235
pano_478,51.508651,-0.127234,2,satellite_51.508242_-0.127175.png,-488.6,43.9,False,490.568211363109
pano_478,51.508651,-0.127234,3,satellite_51.508776_-0.128034.png,149.3,-594.8,False,613.2516041560755
pano_478,51.508651,-0.127234,4,satellite_51.508776_-0.126317.png,149.3,681.8,False,697.9553925574327
pano_479,51.508652,-0.127289,1,satellite_51.508776_-0.127175.png,148.1,84.8,True,170.65945622789263
pano_479,51.508652,-0.127289,2,satellite_51.508242_-0.127175.png,-489.8,84.8,False,497.086592054141
pano_479,51.508652,-0.127289,3,satellite_51.508776_-0.128034.png,148.1,-553.9,False,573.3574975527921
pano_479,51.508652,-0.127289,4,satellite_51.508776_-0.126317.png,148.1,722.7,False,737.7187133318498
pano_48,51.506645,-0.127306,1,satellite_51.506640_-0.127175.png,-6.0,97.4,True,97.58462993730109
pano_48,51.506645,-0.127306,2,satellite_51.506640_-0.128034.png,-6.0,-541.3,False,541.3332522577936
pano_48,51.506645,-0.127306,3,satellite_51.507174_-0.127175.png,631.9,97.4,False,639.362471529257
pano_48,51.506645,-0.127306,4,satellite_51.506105_-0.127175.png,-645.1,97.4,False,652.4115035773051
pano_480,51.508653,-0.127322,1,satellite_51.508776_-0.127175.png,146.9,109.3,True,183.1013380617411
pano_480,51.508653,-0.127322,2,satellite_51.508242_-0.127175.png,-491.0,109.3,False,503.0183793858829
pano_480,51.508653,-0.127322,3,satellite_51.508776_-0.128034.png,146.9,-529.4,False,549.4032853924338
pano_480,51.508653,-0.127322,4,satellite_51.508242_-0.128034.png,-491.0,-529.4,False,722.0424918244078
pano_481,51.508653,-0.127354,1,satellite_51.508776_-0.127175.png,146.9,133.1,True,198.23021969417277
pano_481,51.508653,-0.127354,2,satellite_51.508242_-0.127175.png,-491.0,133.1,False,508.72056180185996
pano_481,51.508653,-0.127354,3,satellite_51.508776_-0.128034.png,146.9,-505.6,False,526.5082810364904
pano_481,51.508653,-0.127354,4,satellite_51.508242_-0.128034.png,-491.0,-505.6,False,704.7782346241972
pano_482,51.508654,-0.12739,1,satellite_51.508776_-0.127175.png,145.7,159.9,True,216.32498699872838
pano_482,51.508654,-0.12739,2,satellite_51.508776_-0.128034.png,145.7,-478.8,False,500.47770180098934
pano_482,51.508654,-0.12739,3,satellite_51.508242_-0.127175.png,-492.2,159.9,False,517.5218352881354
pano_482,51.508654,-0.12739,4,satellite_51.508242_-0.128034.png,-492.2,-478.8,False,686.6660614884065
pano_483,51.507605,-0.128497,1,satellite_51.507708_-0.128892.png,123.0,-293.7,True,318.415907265953
pano_483,51.507605,-0.128497,2,satellite_51.507708_-0.128034.png,123.0,344.2,False,365.516948991425
pano_483,51.507605,-0.128497,3,satellite_51.507174_-0.128892.png,-514.9,-293.7,False,592.7745777274865
pano_483,51.507605,-0.128497,4,satellite_51.507174_-0.128034.png,-514.9,344.2,False,619.3509909574699
pano_484,51.507607,-0.128552,1,satellite_51.507708_-0.128892.png,120.7,-252.8,True,280.1362704113839
pano_484,51.507607,-0.128552,2,satellite_51.507708_-0.128034.png,120.7,385.1,False,403.57217446201616
pano_484,51.507607,-0.128552,3,satellite_51.507174_-0.128892.png,-517.2,-252.8,False,575.6767148322051
pano_484,51.507607,-0.128552,4,satellite_51.507174_-0.128034.png,-517.2,385.1,False,644.8238906864417
pano_485,51.507622,-0.128025,1,satellite_51.507708_-0.128034.png,102.7,-6.7,True,102.91831712576727
pano_485,51.507622,-0.128025,2,satellite_51.507174_-0.128034.png,-535.2,-6.7,False,535.2419359504635
pano_485,51.507622,-0.128025,3,satellite_51.507708_-0.127175.png,102.7,632.0,False,640.2900046072873
pano_485,51.507622,-0.128025,4,satellite_51.507708_-0.128892.png,102.7,-644.6,False,652.7299977785608
pano_486,51.507623,-0.12862,1,satellite_51.507708_-0.128892.png,101.5,-202.2,True,226.24564084198394
pano_486,51.507623,-0.12862,2,satellite_51.507708_-0.128034.png,101.5,435.7,False,447.3664493455002
pano_486,51.507623,-0.12862,3,satellite_51.507174_-0.128892.png,-536.4,-202.2,False,573.2449738113714
pano_486,51.507623,-0.12862,4,satellite_51.507174_-0.128034.png,-536.4,435.7,False,691.0567632257136
pano_487,51.5077,-0.12757,1,satellite_51.507708_-0.127175.png,9.6,293.7,True,293.8568529063088
pano_487,51.5077,-0.12757,2,satellite_51.507708_-0.128034.png,9.6,-345.0,False,345.13353937280567
pano_487,51.5077,-0.12757,3,satellite_51.507174_-0.127175.png,-628.3,293.7,False,693.5564721059129
pano_487,51.5077,-0.12757,4,satellite_51.508242_-0.127175.png,647.5,293.7,False,710.9964416226005
pano_488,51.507804,-0.127288,1,satellite_51.507708_-0.127175.png,-114.7,84.0,True,142.16923014492272
pano_488,51.507804,-0.127288,2,satellite_51.508242_-0.127175.png,523.2,84.0,False,529.9002170220352
pano_488,51.507804,-0.127288,3,satellite_51.507708_-0.128034.png,-114.7,-554.7,False,566.4346211170359
pano_488,51.507804,-0.127288,4,satellite_51.507708_-0.126317.png,-114.7,722.0,False,731.0540951256617
pano_489,51.50783,-0.127248,1,satellite_51.507708_-0.127175.png,-145.7,54.3,True,155.48948517504326
pano_489,51.50783,-0.127248,2,satellite_51.508242_-0.127175.png,492.2,54.3,False,495.1861569147506
pano_489,51.50783,-0.127248,3,satellite_51.507708_-0.128034.png,-145.7,-584.4,False,602.2888426660418
pano_489,51.50783,-0.127248,4,satellite_51.507708_-0.126317.png,-145.7,692.2,False,707.3678887255203
pano_49,51.506726,-0.126731,1,satellite_51.506640_-0.126317.png,-102.7,307.8,True,324.4813245781643
pano_49,51.506726,-0.126731,2,satellite_51.506640_-0.127175.png,-102.7,-330.1,False,345.7069568290462
pano_49,51.506726,-0.126731,3,satellite_51.507174_-0.126317.png,535.2,307.8,False,617.3976676340785
pano_49,51.506726,-0.126731,4,satellite_51.507174_-0.127175.png,535.2,-330.1,False,628.8124124092972
pano_490,51.50785,-0.127239,1,satellite_51.507708_-0.127175.png,-169.6,47.6,True,176.15311521514457
pano_490,51.50785,-0.127239,2,satellite_51.508242_-0.127175.png,468.3,47.6,False,470.7129167550005
pano_490,51.50785,-0.127239,3,satellite_51.507708_-0.128034.png,-169.6,-591.1,False,614.9498922676546
pano_490,51.50785,-0.127239,4,satellite_51.507708_-0.126317.png,-169.6,685.5,False,706.1688254234961
pano_491,51.50791,-0.127235,1,satellite_51.507708_-0.127175.png,-241.3,44.6,True,245.38714310248614
pano_491,51.50791,-0.127235,2,satellite_51.508242_-0.127175.png,396.6,44.6,False,399.0998872462883
pano_491,51.50791,-0.127235,3,satellite_51.507708_-0.128034.png,-241.3,-594.1,False,641.2335767877412
pano_491,51.50791,-0.127235,4,satellite_51.508242_-0.128034.png,396.6,-594.1,False,714.3153155294937
pano_492,51.507557,-0.128277,1,satellite_51.507708_-0.128034.png,180.4,180.7,True,255.33634680554195
pano_492,51.507557,-0.128277,2,satellite_51.507708_-0.128892.png,180.4,-457.3,False,491.59683684905866
pano_492,51.507557,-0.128277,3,satellite_51.507174_-0.128034.png,-457.5,180.7,False,491.8930168237805
pano_492,51.507557,-0.128277,4,satellite_51.507174_-0.128892.png,-457.5,-457.3,False,646.8612988887185
pano_493,51.507556,-0.128344,1,satellite_51.507708_-0.128034.png,181.6,230.5,True,293.4430268382604
pano_493,51.507556,-0.128344,2,satellite_51.507708_-0.128892.png,181.6,-407.4,False,446.0418366028012
pano_493,51.507556,-0.128344,3,satellite_51.507174_-0.128034.png,-456.3,230.5,False,511.2141821193931
pano_493,51.507556,-0.128344,4,satellite_51.507174_-0.128892.png,-456.3,-407.4,False,611.7061794685419
pano_494,51.507559,-0.128171,1,satellite_51.507708_-0.128034.png,178.0,101.9,True,205.10390049923478
pano_494,51.507559,-0.128171,2,satellite_51.507174_-0.128034.png,-459.9,101.9,False,471.0537336652794
pano_494,51.507559,-0.128171,3,satellite_51.507708_-0.128892.png,178.0,-536.1,False,564.8780487857534
pano_494,51.507559,-0.128171,4,satellite_51.507174_-0.128892.png,-459.9,-536.1,False,706.33647789138
pano_495,51.507559,-0.128431,1,satellite_51.507708_-0.128034.png,178.0,295.2,True,344.71298205898773
pano_495,51.507559,-0.128431,2,satellite_51.507708_-0.128892.png,178.0,-342.8,False,386.2587733631432
pano_495,51.507559,-0.128431,3,satellite_51.507174_-0.128034.png,-459.9,295.2,False,546.4897528773984
pano_495,51.507559,-0.128431,4,satellite_51.507174_-0.128892.png,-459.9,-342.8,False,573.602519171595
pano_496,51.507563,-0.128106,1,satellite_51.507708_-0.128034.png,173.2,53.5,True,181.27462591328108
pano_496,51.507563,-0.128106,2,satellite_51.507174_-0.128034.png,-464.7,53.5,False,467.76953727236236
pano_496,51.507563,-0.128106,3,satellite_51.507708_-0.128892.png,173.2,-584.4,False,609.5257172589193
pano_496,51.507563,-0.128106,4,satellite_51.507708_-0.127175.png,173.2,692.2,False,713.5398236959168
pano_497,51.507566,-0.128522,1,satellite_51.507708_-0.128892.png,169.6,-275.1,True,323.1782325590633
pano_497,51.507566,-0.128522,2,satellite_51.507708_-0.128034.png,169.6,362.8,False,400.48470632472345
pano_497,51.507566,-0.128522,3,satellite_51.507174_-0.128892.png,-468.3,-275.1,False,543.1251237053945
pano_497,51.507566,-0.128522,4,satellite_51.507174_-0.128034.png,-468.3,362.8,False,592.3923784114714
pano_498,51.507569,-0.128553,1,satellite_51.507708_-0.128892.png,166.0,-252.1,True,301.84500989746374
pano_498,51.507569,-0.128553,2,satellite_51.507708_-0.128034.png,166.0,385.9,False,420.0890500834317
pano_498,51.507569,-0.128553,3,satellite_51.507174_-0.128892.png,-471.9,-252.1,False,535.0177754056401
pano_498,51.507569,-0.128553,4,satellite_51.507174_-0.128034.png,-471.9,385.9,False,609.5969324069798
pano_499,51.507578,-0.128008,1,satellite_51.507708_-0.128034.png,155.3,-19.3,True,156.49466444578871
pano_499,51.507578,-0.128008,2,satellite_51.507174_-0.128034.png,-482.6,-19.3,False,482.985765835806
pano_499,51.507578,-0.128008,3,satellite_51.507708_-0.127175.png,155.3,619.3,False,638.4751992051062
pano_499,51.507578,-0.128008,4,satellite_51.507708_-0.128892.png,155.3,-657.3,False,675.3972016524795
pano_5,51.507548,-0.127827,1,satellite_51.507708_-0.128034.png,191.1,-153.9,True,245.36589004994153
pano_5,51.507548,-0.127827,2,satellite_51.507174_-0.128034.png,-446.8,-153.9,False,472.56264135032933
pano_5,51.507548,-0.127827,3,satellite_51.507708_-0.127175.png,191.1,484.8,False,521.1048359015679
pano_5,51.507548,-0.127827,4,satellite_51.507174_-0.127175.png,-446.8,484.8,False,659.2884649377692
pano_50,51.506611,-0.126554,1,satellite_51.506640_-0.126317.png,34.6,176.2,True,179.56503000306043
pano_50,51.506611,-0.126554,2,satellite_51.506640_-0.127175.png,34.6,-461.7,False,462.99465439678676
pano_50,51.506611,-0.126554,3,satellite_51.506105_-0.126317.png,-604.4,176.2,False,629.560005082915
pano_50,51.506611,-0.126554,4,satellite_51.507174_-0.126317.png,672.5,176.2,False,695.1997482738325
pano_500,51.507574,-0.128589,1,satellite_51.507708_-0.128892.png,160.1,-225.3,True,276.39120825380826
pano_500,51.507574,-0.128589,2,satellite_51.507708_-0.128034.png,160.1,412.7,False,442.66612700770315
pano_500,51.507574,-0.128589,3,satellite_51.507174_-0.128892.png,-477.8,-225.3,False,528.2546071734728
pano_500,51.507574,-0.128589,4,satellite_51.507174_-0.128034.png,-477.8,412.7,False,631.3589549535193
pano_501,51.507584,-0.128618,1,satellite_51.507708_-0.128892.png,148.1,-203.7,True,251.8477714811072
pano_501,51.507584,-0.128618,2,satellite_51.507708_-0.128034.png,148.1,434.2,False,458.7627382427653
pano_501,51.507584,-0.128618,3,satellite_51.507174_-0.128892.png,-489.8,-203.7,False,530.4693487846399
pano_501,51.507584,-0.128618,4,satellite_51.507174_-0.128034.png,-489.8,434.2,False,654.5484550436278
pano_502,51.507609,-0.127819,1,satellite_51.507708_-0.128034.png,118.3,-159.9,True,198.90424832064298
pano_502,51.507609,-0.127819,2,satellite_51.507708_-0.127175.png,118.3,478.8,False,493.19806366205455
pano_502,51.507609,-0.127819,3,satellite_51.507174_-0.128034.png,-519.6,-159.9,False,543.6471006084738
pano_502,51.507609,-0.127819,4,satellite_51.507174_-0.127175.png,-519.6,478.8,False,706.5646467238507
pano_503,51.507632,-0.127685,1,satellite_51.507708_-0.128034.png,90.8,-259.5,True,274.9270630549128
pano_503,51.507632,-0.127685,2,satellite_51.507708_-0.127175.png,90.8,379.2,False,389.919581452381
pano_503,51.507632,-0.127685,3,satellite_51.507174_-0.128034.png,-547.1,-259.5,False,605.5234594959968
pano_503,51.507632,-0.127685,4,satellite_51.507174_-0.127175.png,-547.1,379.2,False,665.6658696373129
pano_504,51.507659,-0.127565,1,satellite_51.507708_-0.127175.png,58.5,290.0,True,295.8415961287391
pano_504,51.507659,-0.127565,2,satellite_51.507708_-0.128034.png,58.5,-348.7,False,353.5731041807337
pano_504,51.507659,-0.127565,3,satellite_51.507174_-0.127175.png,-579.4,290.0,False,647.9231127224896
pano_504,51.507659,-0.127565,4,satellite_51.507174_-0.128034.png,-579.4,-348.7,False,676.2366819390974
pano_505,51.507674,-0.127498,1,satellite_51.507708_-0.127175.png,40.6,240.2,True,243.60706065301144
pano_505,51.507674,-0.127498,2,satellite_51.507708_-0.128034.png,40.6,-398.5,False,400.56286647666184
pano_505,51.507674,-0.127498,3,satellite_51.507174_-0.127175.png,-597.3,240.2,False,643.7882648821737
pano_505,51.507674,-0.127498,4,satellite_51.507174_-0.128034.png,-597.3,-398.5,False,718.0317123915906
pano_506,51.507686,-0.12746,1,satellite_51.507708_-0.127175.png,26.3,211.9,True,213.52587665198803
pano_506,51.507686,-0.12746,2,satellite_51.507708_-0.128034.png,26.3,-426.8,False,427.60955321414417
pano_506,51.507686,-0.12746,3,satellite_51.507174_-0.127175.png,-611.6,211.9,False,647.2682365140437
pano_506,51.507686,-0.12746,4,satellite_51.508242_-0.127175.png,664.2,211.9,False,697.1823649519544
pano_507,51.507722,-0.127371,1,satellite_51.507708_-0.127175.png,-16.7,145.7,True,146.65394641808996
pano_507,51.507722,-0.127371,2,satellite_51.507708_-0.128034.png,-16.7,-492.9,False,493.1828261405703
pano_507,51.507722,-0.127371,3,satellite_51.508242_-0.127175.png,621.2,145.7,False,638.0579362409029
pano_507,51.507722,-0.127371,4,satellite_51.507174_-0.127175.png,-654.6,145.7,False,670.618855983039
pano_508,51.507731,-0.128682,1,satellite_51.507708_-0.128892.png,-27.5,-156.1,True,158.50381698874006
pano_508,51.507731,-0.128682,2,satellite_51.507708_-0.128034.png,-27.5,481.8,False,482.58417918535207
pano_508,51.507731,-0.128682,3,satellite_51.508242_-0.128892.png,610.4,-156.1,False,630.043942911921
pano_508,51.507731,-0.128682,4,satellite_51.507174_-0.128892.png,-665.4,-156.1,False,683.4649734990082
pano_509,51.507761,-0.127279,1,satellite_51.507708_-0.127175.png,-63.3,77.3,True,99.91086027054315
pano_509,51.507761,-0.127279,2,satellite_51.507708_-0.128034.png,-63.3,-561.4,False,564.9573877736267
pano_509,51.507761,-0.127279,3,satellite_51.508242_-0.127175.png,574.6,77.3,False,579.7762068246678
pano_509,51.507761,-0.127279,4,satellite_51.507174_-0.127175.png,-701.2,77.3,False,705.4478931855988
pano_51,51.506118,-0.126512,1,satellite_51.506105_-0.126317.png,-15.5,145.0,True,145.82609505846338
pano_51,51.506118,-0.126512,2,satellite_51.506105_-0.127175.png,-15.5,-492.9,False,493.1436504711381
pano_51,51.506118,-0.126512,3,satellite_51.506640_-0.126317.png,623.5,145.0,False,640.1384615846794
pano_51,51.506118,-0.126512,4,satellite_51.505571_-0.126317.png,-653.4,145.0,False,669.295569983845
pano_510,51.507795,-0.127224,1,satellite_51.507708_-0.127175.png,-103.9,36.4,True,110.09164364292143
pano_510,51.507795,-0.127224,2,satellite_51.508242_-0.127175.png,534.0,36.4,False,535.2391614969891
pano_510,51.507795,-0.127224,3,satellite_51.507708_-0.128034.png,-103.9,-602.2,False,611.097414492976
pano_510,51.507795,-0.127224,4,satellite_51.507708_-0.126317.png,-103.9,674.4,False,682.3566296299905
pano_511,51.507808,-0.127208,1,satellite_51.507708_-0.127175.png,-119.5,24.5,True,121.98565489433584
pano_511,51.507808,-0.127208,2,satellite_51.508242_-0.127175.png,518.4,24.5,False,518.9786219103827
pano_511,51.507808,-0.127208,3,satellite_51.507708_-0.128034.png,-119.5,-614.1,False,625.6189415291069
pano_511,51.507808,-0.127208,4,satellite_51.507708_-0.126317.png,-119.5,662.5,False,673.1912803951044
pano_512,51.507592,-0.128639,1,satellite_51.507708_-0.128892.png,138.6,-188.1,True,233.64838967987774
pano_512,51.507592,-0.128639,2,satellite_51.507708_-0.128034.png,138.6,449.8,False,470.669735589617
pano_512,51.507592,-0.128639,3,satellite_51.507174_-0.128892.png,-499.3,-188.1,False,533.5560888978778
pano_512,51.507592,-0.128639,4,satellite_51.507174_-0.128034.png,-499.3,449.8,False,672.0271795098766
pano_513,51.507608,-0.128664,1,satellite_51.507708_-0.128892.png,119.5,-169.5,True,207.38972973606963
pano_513,51.507608,-0.128664,2,satellite_51.507708_-0.128034.png,119.5,468.4,False,483.4033615936074
pano_513,51.507608,-0.128664,3,satellite_51.507174_-0.128892.png,-518.4,-169.5,False,545.4070131562299
pano_513,51.507608,-0.128664,4,satellite_51.507174_-0.128034.png,-518.4,468.4,False,698.6681043242206
pano_514,51.507666,-0.128709,1,satellite_51.507708_-0.128892.png,50.2,-136.1,True,145.06291738414748
pano_514,51.507666,-0.128709,2,satellite_51.507708_-0.128034.png,50.2,501.9,False,504.40425255939306
pano_514,51.507666,-0.128709,3,satellite_51.507174_-0.128892.png,-587.7,-136.1,False,603.2532635634888
pano_514,51.507666,-0.128709,4,satellite_51.508242_-0.128892.png,688.1,-136.1,False,701.4305525139321
pano_515,51.507891,-0.128804,1,satellite_51.507708_-0.128892.png,-218.6,-65.4,True,228.17344280174237
pano_515,51.507891,-0.128804,2,satellite_51.508242_-0.128892.png,419.3,-65.4,False,424.3697090980929
pano_515,51.507891,-0.128804,3,satellite_51.507708_-0.128034.png,-218.6,572.5,False,612.814988393724
pano_515,51.507891,-0.128804,4,satellite_51.508242_-0.128034.png,419.3,572.5,False,709.6257746164523
pano_516,51.508088,-0.128887,1,satellite_51.508242_-0.128892.png,184.0,-3.7,True,184.03719732706213
pano_516,51.508088,-0.128887,2,satellite_51.507708_-0.128892.png,-453.9,-3.7,False,453.91508016367993
pano_516,51.508088,-0.128887,3,satellite_51.508242_-0.128034.png,184.0,634.2,False,660.3526633549683
pano_516,51.508088,-0.128887,4,satellite_51.508242_-0.129750.png,184.0,-641.7,False,667.5589037680496
pano_517,51.507821,-0.127198,1,satellite_51.507708_-0.127175.png,-135.0,17.1,True,136.07869046988952
pano_517,51.507821,-0.127198,2,satellite_51.508242_-0.127175.png,502.9,17.1,False,503.1906398175546
pano_517,51.507821,-0.127198,3,satellite_51.507708_-0.128034.png,-135.0,-621.6,False,636.0908425688897
pano_517,51.507821,-0.127198,4,satellite_51.507708_-0.126317.png,-135.0,655.0,False,668.7675231349082
pano_518,51.507833,-0.127191,1,satellite_51.507708_-0.127175.png,-149.3,11.9,True,149.77349565260204
pano_518,51.507833,-0.127191,2,satellite_51.508242_-0.127175.png,488.6,11.9,False,488.7448925564338
pano_518,51.507833,-0.127191,3,satellite_51.507708_-0.128034.png,-149.3,-626.8,False,644.3358829058025
pano_518,51.507833,-0.127191,4,satellite_51.507708_-0.126317.png,-149.3,649.8,False,666.7312277072373
pano_519,51.507851,-0.127187,1,satellite_51.507708_-0.127175.png,-170.8,8.9,True,171.0317222038064
pano_519,51.507851,-0.127187,2,satellite_51.508242_-0.127175.png,467.1,8.9,False,467.1847814302174
pano_519,51.507851,-0.127187,3,satellite_51.507708_-0.128034.png,-170.8,-629.8,False,652.5493697797891
pano_519,51.507851,-0.127187,4,satellite_51.507708_-0.126317.png,-170.8,646.9,False,669.0681953283985
pano_52,51.506243,-0.126607,1,satellite_51.506105_-0.126317.png,-164.8,215.6,True,271.3713323105446
pano_52,51.506243,-0.126607,2,satellite_51.506105_-0.127175.png,-164.8,-422.3,False,453.31703034410697
pano_52,51.506243,-0.126607,3,satellite_51.506640_-0.126317.png,474.2,215.6,False,520.9117007708696
pano_52,51.506243,-0.126607,4,satellite_51.506640_-0.127175.png,474.2,-422.3,False,634.9826218094477
pano_520,51.507878,-0.127188,1,satellite_51.507708_-0.127175.png,-203.1,9.7,True,203.33150272399993
pano_520,51.507878,-0.127188,2,satellite_51.508242_-0.127175.png,434.8,9.7,False,434.9081857128008
pano_520,51.507878,-0.127188,3,satellite_51.507708_-0.128034.png,-203.1,-629.0,False,660.9770117031303
pano_520,51.507878,-0.127188,4,satellite_51.507708_-0.126317.png,-203.1,647.6,False,678.7012376591043
pano_521,51.507938,-0.127194,1,satellite_51.507708_-0.127175.png,-274.8,14.1,True,275.1614980334276
pano_521,51.507938,-0.127194,2,satellite_51.508242_-0.127175.png,363.2,14.1,False,363.47358913681745
pano_521,51.507938,-0.127194,3,satellite_51.507708_-0.128034.png,-274.8,-624.6,False,682.3783408051578
pano_521,51.507938,-0.127194,4,satellite_51.507708_-0.126317.png,-274.8,652.1,False,707.6365239301883
pano_522,51.508015,-0.127226,1,satellite_51.508242_-0.127175.png,271.2,37.9,True,273.8354432866571
pano_522,51.508015,-0.127226,2,satellite_51.507708_-0.127175.png,-366.7,37.9,False,368.6533602179695
pano_522,51.508015,-0.127226,3,satellite_51.508242_-0.128034.png,271.2,-600.8,False,659.1737858865445
pano_522,51.508015,-0.127226,4,satellite_51.507708_-0.128034.png,-366.7,-600.8,False,703.8675514612106
pano_523,51.508106,-0.127253,1,satellite_51.508242_-0.127175.png,162.5,58.0,True,172.54057493818664
pano_523,51.508106,-0.127253,2,satellite_51.507708_-0.127175.png,-475.4,58.0,False,478.92500456752094
pano_523,51.508106,-0.127253,3,satellite_51.508242_-0.128034.png,162.5,-580.7,False,603.0080762311563
pano_523,51.508106,-0.127253,4,satellite_51.508242_-0.126317.png,162.5,695.9,False,714.6209204886181
pano_524,51.508239,-0.127303,1,satellite_51.508242_-0.127175.png,3.6,95.2,True,95.26804291051643
pano_524,51.508239,-0.127303,2,satellite_51.508242_-0.128034.png,3.6,-543.5,False,543.5119225923199
pano_524,51.508239,-0.127303,3,satellite_51.507708_-0.127175.png,-634.3,95.2,False,641.4043420495374
pano_524,51.508239,-0.127303,4,satellite_51.508776_-0.127175.png,641.5,95.2,False,648.5254736708497
pano_525,51.50838,-0.127356,1,satellite_51.508242_-0.127175.png,-164.9,134.6,True,212.85950765704595
pano_525,51.50838,-0.127356,2,satellite_51.508776_-0.127175.png,473.1,134.6,False,491.8747503175987
pano_525,51.50838,-0.127356,3,satellite_51.508242_-0.128034.png,-164.9,-504.1,False,530.3855390185521
pano_525,51.50838,-0.127356,4,satellite_51.508776_-0.128034.png,473.1,-504.1,False,691.3323513332788
pano_526,51.507126,-0.12587,1,satellite_51.507174_-0.125459.png,57.3,305.6,True,310.9254733855044
pano_526,51.507126,-0.12587,2,satellite_51.507174_-0.126317.png,57.3,-332.4,False,337.3026089433641
pano_526,51.507126,-0.12587,3,satellite_51.506640_-0.125459.png,-580.6,305.6,False,656.115630053118
pano_526,51.507126,-0.12587,4,satellite_51.506640_-0.126317.png,-580.6,-332.4,False,669.018774026559
pano_527,51.507317,-0.127274,1,satellite_51.507174_-0.127175.png,-170.8,73.6,True,185.98279490318453
pano_527,51.507317,-0.127274,2,satellite_51.507708_-0.127175.png,467.1,73.6,False,472.8629505469846
pano_527,51.507317,-0.127274,3,satellite_51.507174_-0.128034.png,-170.8,-565.1,False,590.3479058995637
pano_527,51.507317,-0.127274,4,satellite_51.507174_-0.126317.png,-170.8,711.5,False,731.7136666757018
pano_528,51.507335,-0.128087,1,satellite_51.507174_-0.128034.png,-192.3,39.4,True,196.2948038028516
pano_528,51.507335,-0.128087,2,satellite_51.507708_-0.128034.png,445.6,39.4,False,447.3384848188226
pano_528,51.507335,-0.128087,3,satellite_51.507174_-0.128892.png,-192.3,-598.5,False,628.6346633777047
pano_528,51.507335,-0.128087,4,satellite_51.507174_-0.127175.png,-192.3,678.1,False,704.8396271493253
pano_529,51.507329,-0.127199,1,satellite_51.507174_-0.127175.png,-185.2,17.8,True,186.05343318520084
pano_529,51.507329,-0.127199,2,satellite_51.507708_-0.127175.png,452.7,17.8,False,453.04980962362185
pano_529,51.507329,-0.127199,3,satellite_51.507174_-0.128034.png,-185.2,-620.8,False,647.8361521249026
pano_529,51.507329,-0.127199,4,satellite_51.507174_-0.126317.png,-185.2,655.8,False,681.4489562689196
pano_53,51.506306,-0.125772,1,satellite_51.506105_-0.125459.png,-240.1,232.7,True,334.36103241855204
pano_53,51.506306,-0.125772,2,satellite_51.506640_-0.125459.png,399.0,232.7,False,461.89857111707977
pano_53,51.506306,-0.125772,3,satellite_51.506105_-0.126317.png,-240.1,-405.2,False,470.99368360945135
pano_53,51.506306,-0.125772,4,satellite_51.506640_-0.126317.png,399.0,-405.2,False,568.6721726970645
pano_530,51.507331,-0.127316,1,satellite_51.507174_-0.127175.png,-187.5,104.8,True,214.800581935897
pano_530,51.507331,-0.127316,2,satellite_51.507708_-0.127175.png,450.4,104.8,False,462.4318328143079
pano_530,51.507331,-0.127316,3,satellite_51.507174_-0.128034.png,-187.5,-533.8,False,565.7726486849642
pano_530,51.507331,-0.127316,4,satellite_51.507708_-0.128034.png,450.4,-533.8,False,698.4286649329335
pano_531,51.507348,-0.126821,1,satellite_51.507174_-0.127175.png,-207.9,-263.2,True,335.4052027026414
pano_531,51.507348,-0.126821,2,satellite_51.507174_-0.126317.png,-207.9,374.7,False,428.51196015980696
pano_531,51.507348,-0.126821,3,satellite_51.507708_-0.127175.png,430.0,-263.2,False,504.15695968616757
pano_531,51.507348,-0.126821,4,satellite_51.507708_-0.126317.png,430.0,374.7,False,570.3508481627778
pano_532,51.50736,-0.127301,1,satellite_51.507174_-0.127175.png,-222.2,93.7,True,241.14835682624917
pano_532,51.50736,-0.127301,2,satellite_51.507708_-0.127175.png,415.7,93.7,False,426.12929962629886
pano_532,51.50736,-0.127301,3,satellite_51.507174_-0.128034.png,-222.2,-545.0,False,588.5557237849276
pano_532,51.50736,-0.127301,4,satellite_51.507708_-0.128034.png,415.7,-545.0,False,685.4425504737796
pano_533,51.50742,-0.128352,1,satellite_51.507174_-0.128034.png,-293.9,236.4,True,377.1765766852443
pano_533,51.50742,-0.128352,2,satellite_51.507708_-0.128034.png,344.0,236.4,False,417.39784378935167
pano_533,51.50742,-0.128352,3,satellite_51.507174_-0.128892.png,-293.9,-401.5,False,497.5735724493414
pano_533,51.50742,-0.128352,4,satellite_51.507708_-0.128892.png,344.0,-401.5,False,528.7137694442996
pano_534,51.507433,-0.12849,1,satellite_51.507174_-0.128892.png,-309.4,-298.9,True,430.19712923263444
pano_534,51.507433,-0.12849,2,satellite_51.507708_-0.128892.png,328.5,-298.9,False,444.1322550772461
pano_534,51.507433,-0.12849,3,satellite_51.507174_-0.128034.png,-309.4,339.0,False,458.9655324749343
pano_534,51.507433,-0.12849,4,satellite_51.507708_-0.128034.png,328.5,339.0,False,472.05216872714396
pano_535,51.507579,-0.128352,1,satellite_51.507708_-0.128034.png,154.1,236.4,True,282.1910168662355
pano_535,51.507579,-0.128352,2,satellite_51.507708_-0.128892.png,154.1,-401.5,False,430.05704272805485
pano_535,51.507579,-0.128352,3,satellite_51.507174_-0.128034.png,-483.8,236.4,False,538.467640624764
pano_535,51.507579,-0.128352,4,satellite_51.507174_-0.128892.png,-483.8,-401.5,False,628.7007952913691
pano_536,51.507584,-0.128459,1,satellite_51.507708_-0.128034.png,148.1,316.0,True,348.98368156691794
pano_536,51.507584,-0.128459,2,satellite_51.507708_-0.128892.png,148.1,-321.9,False,354.3348980837196
pano_536,51.507584,-0.128459,3,satellite_51.507174_-0.128034.png,-489.8,316.0,False,582.8893891640163
pano_536,51.507584,-0.128459,4,satellite_51.507174_-0.128892.png,-489.8,-321.9,False,586.1089062623089
pano_537,51.507588,-0.12854,1,satellite_51.507708_-0.128892.png,143.3,-261.7,True,298.36517893346735
pano_537,51.507588,-0.12854,2,satellite_51.507708_-0.128034.png,143.3,376.2,False,402.5684165455606
pano_537,51.507588,-0.12854,3,satellite_51.507174_-0.128892.png,-494.6,-261.7,False,559.5677349526151
pano_537,51.507588,-0.12854,4,satellite_51.507174_-0.128034.png,-494.6,376.2,False,621.4141935939346
pano_538,51.507577,-0.128229,1,satellite_51.507708_-0.128034.png,156.5,145.0,True,213.34772086900765
pano_538,51.507577,-0.128229,2,satellite_51.507174_-0.128034.png,-481.4,145.0,False,502.76332404024856
pano_538,51.507577,-0.128229,3,satellite_51.507708_-0.128892.png,156.5,-492.9,False,517.1485859982603
pano_538,51.507577,-0.128229,4,satellite_51.507174_-0.128892.png,-481.4,-492.9,False,688.9821260381143
pano_539,51.507582,-0.128115,1,satellite_51.507708_-0.128034.png,150.5,60.2,True,162.0934606947486
pano_539,51.507582,-0.128115,2,satellite_51.507174_-0.128034.png,-487.4,60.2,False,491.10365504646774
pano_539,51.507582,-0.128115,3,satellite_51.507708_-0.128892.png,150.5,-577.7,False,596.9820265301125
pano_539,51.507582,-0.128115,4,satellite_51.507708_-0.127175.png,150.5,698.9,False,714.9205969896237
pano_54,51.506434,-0.127871,1,satellite_51.506640_-0.128034.png,246.1,-121.2,True,274.3258099413907
pano_54,51.506434,-0.127871,2,satellite_51.506105_-0.128034.png,-393.0,-121.2,False,411.2644404759546
pano_54,51.506434,-0.127871,3,satellite_51.506640_-0.127175.png,246.1,517.5,False,573.0370494130375
pano_54,51.506434,-0.127871,4,satellite_51.506105_-0.127175.png,-393.0,517.5,False,649.8117034957127
pano_540,51.507594,-0.128592,1,satellite_51.507708_-0.128892.png,136.2,-223.1,True,261.38869524139716
pano_540,51.507594,-0.128592,2,satellite_51.507708_-0.128034.png,136.2,414.9,False,436.6834665979466
pano_540,51.507594,-0.128592,3,satellite_51.507174_-0.128892.png,-501.7,-223.1,False,549.0687570787469
pano_540,51.507594,-0.128592,4,satellite_51.507174_-0.128034.png,-501.7,414.9,False,651.0337164847916
pano_541,51.507598,-0.128016,1,satellite_51.507708_-0.128034.png,131.4,-13.4,True,132.0814899976526
pano_541,51.507598,-0.128016,2,satellite_51.507174_-0.128034.png,-506.5,-13.4,False,506.67722467069706
pano_541,51.507598,-0.128016,3,satellite_51.507708_-0.127175.png,131.4,625.3,False,638.9570016832118
pano_541,51.507598,-0.128016,4,satellite_51.507708_-0.128892.png,131.4,-651.3,False,664.422794611985
pano_542,51.507603,-0.128622,1,satellite_51.507708_-0.128892.png,125.4,-200.7,True,236.6551288267381
pano_542,51.507603,-0.128622,2,satellite_51.507708_-0.128034.png,125.4,437.2,False,454.82853912216194
pano_542,51.507603,-0.128622,3,satellite_51.507174_-0.128892.png,-512.5,-200.7,False,550.396893159836
pano_542,51.507603,-0.128622,4,satellite_51.507174_-0.128034.png,-512.5,437.2,False,673.6468585245536
pano_543,51.507613,-0.128643,1,satellite_51.507708_-0.128892.png,113.5,-185.1,True,217.12728985551308
pano_543,51.507613,-0.128643,2,satellite_51.507708_-0.128034.png,113.5,452.8,False,466.8084082361842
pano_543,51.507613,-0.128643,3,satellite_51.507174_-0.128892.png,-524.4,-185.1,False,556.1091349726239
pano_543,51.507613,-0.128643,4,satellite_51.507174_-0.128034.png,-524.4,452.8,False,692.8370659830491
pano_544,51.507623,-0.127847,1,satellite_51.507708_-0.128034.png,101.5,-139.0,True,172.11406101768677
pano_544,51.507623,-0.127847,2,satellite_51.507708_-0.127175.png,101.5,499.6,False,509.806247509777
pano_544,51.507623,-0.127847,3,satellite_51.507174_-0.128034.png,-536.4,-139.0,False,554.117280004874
pano_544,51.507623,-0.127847,4,satellite_51.507174_-0.127175.png,-536.4,499.6,False,733.0246380579578
pano_545,51.507645,-0.128668,1,satellite_51.507708_-0.128892.png,75.3,-166.5,True,182.73571079567344
pano_545,51.507645,-0.128668,2,satellite_51.507708_-0.128034.png,75.3,471.4,False,477.37621432157675
pano_545,51.507645,-0.128668,3,satellite_51.507174_-0.128892.png,-562.6,-166.5,False,586.7205552901654
pano_545,51.507645,-0.128668,4,satellite_51.508242_-0.128892.png,713.2,-166.5,False,732.3772866494428
pano_546,51.507649,-0.127684,1,satellite_51.507708_-0.128034.png,70.5,-260.2,True,269.5816944823962
pano_546,51.507649,-0.127684,2,satellite_51.507708_-0.127175.png,70.5,378.4,False,384.91143137090637
pano_546,51.507649,-0.127684,3,satellite_51.507174_-0.128034.png,-567.4,-260.2,False,624.2169494654883
pano_546,51.507649,-0.127684,4,satellite_51.507174_-0.127175.png,-567.4,378.4,False,682.0039002821024
pano_547,51.507672,-0.127573,1,satellite_51.507708_-0.127175.png,43.0,295.9,True,299.0080433700739
pano_547,51.507672,-0.127573,2,satellite_51.507708_-0.128034.png,43.0,-342.8,False,345.4863817866053
pano_547,51.507672,-0.127573,3,satellite_51.507174_-0.127175.png,-594.9,295.9,False,664.4266851955903
pano_547,51.507672,-0.127573,4,satellite_51.507174_-0.128034.png,-594.9,-342.8,False,686.59875473234
pano_548,51.507689,-0.127511,1,satellite_51.507708_-0.127175.png,22.7,249.8,True,250.82928457419004
pano_548,51.507689,-0.127511,2,satellite_51.507708_-0.128034.png,22.7,-388.9,False,389.5619334585965
pano_548,51.507689,-0.127511,3,satellite_51.507174_-0.127175.png,-615.2,249.8,False,663.9812346745954
pano_548,51.507689,-0.127511,4,satellite_51.508242_-0.127175.png,660.6,249.8,False,706.2523628279059
pano_549,51.507716,-0.12744,1,satellite_51.507708_-0.127175.png,-9.6,197.0,True,197.2337699279715
pano_549,51.507716,-0.12744,2,satellite_51.507708_-0.128034.png,-9.6,-441.6,False,441.7043355005699
pano_549,51.507716,-0.12744,3,satellite_51.508242_-0.127175.png,628.3,197.0,False,658.4602417762214
pano_549,51.507716,-0.12744,4,satellite_51.507174_-0.127175.png,-647.5,197.0,False,676.8051787626924
pano_55,51.506377,-0.128289,1,satellite_51.506640_-0.128034.png,314.2,189.6,True,366.9738410295753
pano_55,51.506377,-0.128289,2,satellite_51.506105_-0.128034.png,-324.9,189.6,False,376.17571691963315
pano_55,51.506377,-0.128289,3,satellite_51.506640_-0.128892.png,314.2,-448.3,False,547.4436318014851
pano_55,51.506377,-0.128289,4,satellite_51.506105_-0.128892.png,-324.9,-448.3,False,553.6541339139445
pano_550,51.507738,-0.127384,1,satellite_51.507708_-0.127175.png,-35.8,155.4,True,159.47037342403135
pano_550,51.507738,-0.127384,2,satellite_51.507708_-0.128034.png,-35.8,-483.3,False,484.62411207037565
pano_550,51.507738,-0.127384,3,satellite_51.508242_-0.127175.png,602.1,155.4,False,621.8308210437949
pano_550,51.507738,-0.127384,4,satellite_51.507174_-0.127175.png,-673.7,155.4,False,691.3905191713292
pano_551,51.507773,-0.127301,1,satellite_51.507708_-0.127175.png,-77.6,93.7,True,121.66120992329478
pano_551,51.507773,-0.127301,2,satellite_51.507708_-0.128034.png,-77.6,-545.0,False,550.4968301452789
pano_551,51.507773,-0.127301,3,satellite_51.508242_-0.127175.png,560.3,93.7,False,568.0807865083979
pano_551,51.507773,-0.127301,4,satellite_51.507174_-0.127175.png,-715.6,93.7,False,721.7084245039682
pano_552,51.507802,-0.127245,1,satellite_51.507708_-0.127175.png,-112.3,52.0,True,123.75495949657936
pano_552,51.507802,-0.127245,2,satellite_51.508242_-0.127175.png,525.6,52.0,False,528.1660345005158
pano_552,51.507802,-0.127245,3,satellite_51.507708_-0.128034.png,-112.3,-586.6,False,597.252752191231
pano_552,51.507802,-0.127245,4,satellite_51.507708_-0.126317.png,-112.3,690.0,False,699.078886821795
pano_553,51.507817,-0.127227,1,satellite_51.507708_-0.127175.png,-130.2,38.7,True,135.82978318469037
pano_553,51.507817,-0.127227,2,satellite_51.508242_-0.127175.png,507.7,38.7,False,509.17283902423543
pano_553,51.507817,-0.127227,3,satellite_51.507708_-0.128034.png,-130.2,-600.0,False,613.9642009107697
pano_553,51.507817,-0.127227,4,satellite_51.507708_-0.126317.png,-130.2,676.6,False,689.0134976907201
pano_554,51.507837,-0.127214,1,satellite_51.507708_-0.127175.png,-154.1,29.0,True,156.80500629763068
pano_554,51.507837,-0.127214,2,satellite_51.508242_-0.127175.png,483.8,29.0,False,484.6683814733534
pano_554,51.507837,-0.127214,3,satellite_51.507708_-0.128034.png,-154.1,-609.7,False,628.8727216217922
pano_554,51.507837,-0.127214,4,satellite_51.507708_-0.126317.png,-154.1,666.9,False,684.4723661332135
pano_555,51.507861,-0.127209,1,satellite_51.507708_-0.127175.png,-182.8,25.3,True,184.54248833263304
pano_555,51.507861,-0.127209,2,satellite_51.508242_-0.127175.png,455.1,25.3,False,455.8026985440082
pano_555,51.507861,-0.127209,3,satellite_51.507708_-0.128034.png,-182.8,-613.4,False,640.0589035393539
pano_555,51.507861,-0.127209,4,satellite_51.507708_-0.126317.png,-182.8,663.2,False,687.931740799914
pano_556,51.50791,-0.127213,1,satellite_51.507708_-0.127175.png,-241.3,28.3,True,242.95386393305213
pano_556,51.50791,-0.127213,2,satellite_51.508242_-0.127175.png,396.6,28.3,False,397.60841288886235
pano_556,51.50791,-0.127213,3,satellite_51.507708_-0.128034.png,-241.3,-610.4,False,656.3641138880156
pano_556,51.50791,-0.127213,4,satellite_51.507708_-0.126317.png,-241.3,666.2,False,708.5535477294571
pano_557,51.507835,-0.127285,1,satellite_51.507708_-0.127175.png,-151.7,81.8,True,172.34886132493014
pano_557,51.507835,-0.127285,2,satellite_51.508242_-0.127175.png,486.2,81.8,False,493.0331429021785
pano_557,51.507835,-0.127285,3,satellite_51.507708_-0.128034.png,-151.7,-556.9,False,577.191909160203
pano_557,51.507835,-0.127285,4,satellite_51.507708_-0.126317.png,-151.7,719.7,False,735.5140923191071
pano_558,51.507851,-0.127272,1,satellite_51.507708_-0.127175.png,-170.8,72.1,True,185.3943095135339
pano_558,51.507851,-0.127272,2,satellite_51.508242_-0.127175.png,467.1,72.1,False,472.63180172307494
pano_558,51.507851,-0.127272,3,satellite_51.507708_-0.128034.png,-170.8,-566.6,False,591.7839132656446
pano_558,51.507851,-0.127272,4,satellite_51.507708_-0.126317.png,-170.8,710.1,False,730.3524149340509
pano_559,51.507039,-0.128033,1,satellite_51.507174_-0.128034.png,161.3,-0.7,True,161.30151890171402
pano_559,51.507039,-0.128033,2,satellite_51.506640_-0.128034.png,-476.6,-0.7,False,476.600514057633
pano_559,51.507039,-0.128033,3,satellite_51.507174_-0.127175.png,161.3,637.9,False,657.9772792429842
pano_559,51.507039,-0.128033,4,satellite_51.507174_-0.128892.png,161.3,-638.7,False,658.7528975268344
pano_56,51.51022,-0.126915,1,satellite_51.510379_-0.127175.png,189.9,-193.3,True,270.97398399108357
pano_56,51.51022,-0.126915,2,satellite_51.510379_-0.126317.png,189.9,444.6,False,483.4575162307439
pano_56,51.51022,-0.126915,3,satellite_51.509845_-0.127175.png,-448.0,-193.3,False,487.9230369638228
pano_56,51.51022,-0.126915,4,satellite_51.509845_-0.126317.png,-448.0,444.6,False,631.1680917156697
pano_560,51.507053,-0.12789,1,satellite_51.507174_-0.128034.png,144.5,-107.1,True,179.8628922262733
pano_560,51.507053,-0.12789,2,satellite_51.506640_-0.128034.png,-493.4,-107.1,False,504.89005733921914
pano_560,51.507053,-0.12789,3,satellite_51.507174_-0.127175.png,144.5,531.6,False,550.8891086235051
pano_560,51.507053,-0.12789,4,satellite_51.506640_-0.127175.png,-493.4,531.6,False,725.2876119168175
pano_561,51.50711,-0.12796,1,satellite_51.507174_-0.128034.png,76.5,-55.0,True,94.21915941038743
pano_561,51.50711,-0.12796,2,satellite_51.506640_-0.128034.png,-561.4,-55.0,False,564.0877236742526
pano_561,51.50711,-0.12796,3,satellite_51.507174_-0.127175.png,76.5,583.7,False,588.6917189837139
pano_561,51.50711,-0.12796,4,satellite_51.507174_-0.128892.png,76.5,-693.0,False,697.20961697326
pano_562,51.507113,-0.127573,1,satellite_51.507174_-0.127175.png,72.9,295.9,True,304.7477973669375
pano_562,51.507113,-0.127573,2,satellite_51.507174_-0.128034.png,72.9,-342.8,False,350.46576152314793
pano_562,51.507113,-0.127573,3,satellite_51.506640_-0.127175.png,-565.0,295.9,False,637.7944888441731
pano_562,51.507113,-0.127573,4,satellite_51.506640_-0.128034.png,-565.0,-342.8,False,660.8606812331931
pano_563,51.507118,-0.127867,1,satellite_51.507174_-0.128034.png,66.9,-124.2,True,141.0717902346178
pano_563,51.507118,-0.127867,2,satellite_51.507174_-0.127175.png,66.9,514.5,False,518.8312442403599
pano_563,51.507118,-0.127867,3,satellite_51.506640_-0.128034.png,-571.0,-124.2,False,584.3514695797385
pano_563,51.507118,-0.127867,4,satellite_51.507708_-0.128034.png,704.8,-124.2,False,715.6596118267398
pano_564,51.507128,-0.12754,1,satellite_51.507174_-0.127175.png,54.9,271.4,True,276.89703862627346
pano_564,51.507128,-0.12754,2,satellite_51.507174_-0.128034.png,54.9,-367.3,False,371.380263342036
pano_564,51.507128,-0.12754,3,satellite_51.506640_-0.127175.png,-582.9,271.4,False,642.9855130560874
pano_564,51.507128,-0.12754,4,satellite_51.506640_-0.128034.png,-582.9,-367.3,False,688.9714798161096
pano_565,51.507129,-0.12749,1,satellite_51.507174_-0.127175.png,53.8,234.2,True,240.2999791926749
pano_565,51.507129,-0.12749,2,satellite_51.507174_-0.128034.png,53.8,-404.5,False,408.06211536970693
pano_565,51.507129,-0.12749,3,satellite_51.506640_-0.127175.png,-584.1,234.2,False,629.3031463452253
pano_565,51.507129,-0.12749,4,satellite_51.506640_-0.128034.png,-584.1,-404.5,False,710.4879027823064
pano_566,51.507128,-0.127986,1,satellite_51.507174_-0.128034.png,54.9,-35.7,True,65.48663985882922
pano_566,51.507128,-0.127986,2,satellite_51.506640_-0.128034.png,-582.9,-35.7,False,583.9922088521387
pano_566,51.507128,-0.127986,3,satellite_51.507174_-0.127175.png,54.9,603.0,False,605.4940214403442
pano_566,51.507128,-0.127986,4,satellite_51.507174_-0.128892.png,54.9,-673.6,False,675.8335371968456
pano_567,51.507144,-0.128016,1,satellite_51.507174_-0.128034.png,35.8,-13.4,True,38.225645841502796
pano_567,51.507144,-0.128016,2,satellite_51.506640_-0.128034.png,-602.1,-13.4,False,602.2490929839579
pano_567,51.507144,-0.128016,3,satellite_51.507174_-0.127175.png,35.8,625.3,False,626.3239816580552
pano_567,51.507144,-0.128016,4,satellite_51.507174_-0.128892.png,35.8,-651.3,False,652.2831670371388
pano_568,51.507164,-0.127553,1,satellite_51.507174_-0.127175.png,11.9,281.0,True,281.25186221605713
pano_568,51.507164,-0.127553,2,satellite_51.507174_-0.128034.png,11.9,-357.6,False,357.7979457738683
pano_568,51.507164,-0.127553,3,satellite_51.506640_-0.127175.png,-625.9,281.0,False,686.084404428493
pano_568,51.507164,-0.127553,4,satellite_51.507708_-0.127175.png,649.8,281.0,False,707.9555353269017
pano_569,51.507185,-0.128143,1,satellite_51.507174_-0.128034.png,-13.1,81.0,True,82.05248320434916
pano_569,51.507185,-0.128143,2,satellite_51.507174_-0.128892.png,-13.1,-556.9,False,557.054054827716
pano_569,51.507185,-0.128143,3,satellite_51.507708_-0.128034.png,624.8,81.0,False,630.0286025253139
pano_569,51.507185,-0.128143,4,satellite_51.506640_-0.128034.png,-651.0,81.0,False,656.0198167738532
pano_57,51.509504,-0.126941,1,satellite_51.509311_-0.127175.png,-230.6,-174.0,True,288.8812212657652
pano_57,51.509504,-0.126941,2,satellite_51.509845_-0.127175.png,407.4,-174.0,False,443.0019864515282
pano_57,51.509504,-0.126941,3,satellite_51.509311_-0.126317.png,-230.6,464.0,False,518.1431848437264
pano_57,51.509504,-0.126941,4,satellite_51.509845_-0.126317.png,407.4,464.0,False,617.4712624891947
pano_570,51.507252,-0.127594,1,satellite_51.507174_-0.127175.png,-93.2,311.5,True,325.14379895670777
pano_570,51.507252,-0.127594,2,satellite_51.507174_-0.128034.png,-93.2,-327.1,False,340.11858226212814
pano_570,51.507252,-0.127594,3,satellite_51.507708_-0.127175.png,544.7,311.5,False,627.479354242034
pano_570,51.507252,-0.127594,4,satellite_51.507708_-0.128034.png,544.7,-327.1,False,635.3680036010627
pano_571,51.50731,-0.127142,1,satellite_51.507174_-0.127175.png,-162.5,-24.5,True,164.33654493143027
pano_571,51.50731,-0.127142,2,satellite_51.507708_-0.127175.png,475.4,-24.5,False,476.03089185471987
pano_571,51.50731,-0.127142,3,satellite_51.507174_-0.126317.png,-162.5,613.4,False,634.5595401536407
pano_571,51.50731,-0.127142,4,satellite_51.507174_-0.128034.png,-162.5,-663.2,False,682.8180504351068
pano_572,51.507353,-0.127125,1,satellite_51.507174_-0.127175.png,-213.8,-37.2,True,217.01216555760186
pano_572,51.507353,-0.127125,2,satellite_51.507708_-0.127175.png,424.1,-37.2,False,425.7283758454445
pano_572,51.507353,-0.127125,3,satellite_51.507174_-0.126317.png,-213.8,600.8,False,637.7076759770106
pano_572,51.507353,-0.127125,4,satellite_51.507174_-0.128034.png,-213.8,-675.9,False,708.9084919790423
pano_573,51.50736,-0.128279,1,satellite_51.507174_-0.128034.png,-222.2,182.2,True,287.34940403627076
pano_573,51.50736,-0.128279,2,satellite_51.507708_-0.128034.png,415.7,182.2,False,453.8758971348886
pano_573,51.50736,-0.128279,3,satellite_51.507174_-0.128892.png,-222.2,-455.8,False,507.07640449936144
pano_573,51.50736,-0.128279,4,satellite_51.507708_-0.128892.png,415.7,-455.8,False,616.8955584213587
pano_574,51.507384,-0.127054,1,satellite_51.507174_-0.127175.png,-250.9,-90.0,True,266.5535781039152
pano_574,51.507384,-0.127054,2,satellite_51.507708_-0.127175.png,387.0,-90.0,False,397.32732098359406
pano_574,51.507384,-0.127054,3,satellite_51.507174_-0.126317.png,-250.9,548.0,False,602.7062385607104
pano_574,51.507384,-0.127054,4,satellite_51.507708_-0.126317.png,387.0,548.0,False,670.8748020309006
pano_575,51.507404,-0.128021,1,satellite_51.507174_-0.128034.png,-274.8,-9.7,True,274.97114394059605
pano_575,51.507404,-0.128021,2,satellite_51.507708_-0.128034.png,363.1,-9.7,False,363.22954175011705
pano_575,51.507404,-0.128021,3,satellite_51.507174_-0.127175.png,-274.8,629.0,False,686.4080710481193
pano_575,51.507404,-0.128021,4,satellite_51.507174_-0.128892.png,-274.8,-647.6,False,703.4918620709127
pano_576,51.507429,-0.128239,1,satellite_51.507174_-0.128034.png,-304.6,152.4,True,340.5978860768223
pano_576,51.507429,-0.128239,2,satellite_51.507708_-0.128034.png,333.3,152.4,False,366.48963150408497
pano_576,51.507429,-0.128239,3,satellite_51.507174_-0.128892.png,-304.6,-485.5,False,573.1417015014699
pano_576,51.507429,-0.128239,4,satellite_51.507708_-0.128892.png,333.3,-485.5,False,588.896544394684
pano_577,51.507461,-0.128058,1,satellite_51.507708_-0.128034.png,295.1,17.8,True,295.63634756233887
pano_577,51.507461,-0.128058,2,satellite_51.507174_-0.128034.png,-342.8,17.8,False,343.26182426829814
pano_577,51.507461,-0.128058,3,satellite_51.507708_-0.128892.png,295.1,-620.1,False,686.7372277661959
pano_577,51.507461,-0.128058,4,satellite_51.507174_-0.128892.png,-342.8,-620.1,False,708.544882135211
pano_578,51.507458,-0.128226,1,satellite_51.507708_-0.128034.png,298.6,142.8,True,330.98912368837745
pano_578,51.507458,-0.128226,2,satellite_51.507174_-0.128034.png,-339.3,142.8,False,368.125426994659
pano_578,51.507458,-0.128226,3,satellite_51.507708_-0.128892.png,298.6,-495.2,False,578.2603220003946
pano_578,51.507458,-0.128226,4,satellite_51.507174_-0.128892.png,-339.3,-495.2,False,600.2895384728939
pano_579,51.507471,-0.127413,1,satellite_51.507708_-0.127175.png,283.1,177.0,True,333.87813645101113
pano_579,51.507471,-0.127413,2,satellite_51.507174_-0.127175.png,-354.8,177.0,False,396.4997351827615
pano_579,51.507471,-0.127413,3,satellite_51.507708_-0.128034.png,283.1,-461.7,False,541.5833269220906
pano_579,51.507471,-0.127413,4,satellite_51.507174_-0.128034.png,-354.8,-461.7,False,582.2799412653676
pano_58,51.509714,-0.126815,1,satellite_51.509845_-0.127175.png,156.5,-267.7,True,310.0895677058485
pano_58,51.509714,-0.126815,2,satellite_51.509845_-0.126317.png,156.5,370.3,False,402.0128604908057
pano_58,51.509714,-0.126815,3,satellite_51.509311_-0.127175.png,-481.4,-267.7,False,550.825970702181
pano_58,51.509714,-0.126815,4,satellite_51.509311_-0.126317.png,-481.4,370.3,False,607.3450831281998
pano_580,51.507489,-0.128226,1,satellite_51.507708_-0.128034.png,261.6,142.8,True,298.0375815228677
pano_580,51.507489,-0.128226,2,satellite_51.507174_-0.128034.png,-376.3,142.8,False,402.48419844759127
pano_580,51.507489,-0.128226,3,satellite_51.507708_-0.128892.png,261.6,-495.2,False,560.0514262101294
pano_580,51.507489,-0.128226,4,satellite_51.507174_-0.128892.png,-376.3,-495.2,False,621.952353480554
pano_581,51.507557,-0.1273,1,satellite_51.507708_-0.127175.png,180.4,92.9,True,202.9151793237756
pano_581,51.507557,-0.1273,2,satellite_51.507174_-0.127175.png,-457.5,92.9,False,466.8368665818928
pano_581,51.507557,-0.1273,3,satellite_51.507708_-0.128034.png,180.4,-545.7,False,574.7457263868954
pano_581,51.507557,-0.1273,4,satellite_51.507174_-0.128034.png,-457.5,-545.7,False,712.1058488736068
pano_582,51.507556,-0.128229,1,satellite_51.507708_-0.128034.png,181.6,145.0,True,232.3866605465985
pano_582,51.507556,-0.128229,2,satellite_51.507174_-0.128034.png,-456.3,145.0,False,478.7845966611708
pano_582,51.507556,-0.128229,3,satellite_51.507708_-0.128892.png,181.6,-492.9,False,525.2894154654175
pano_582,51.507556,-0.128229,4,satellite_51.507174_-0.128892.png,-456.3,-492.9,False,671.6845241629436
pano_583,51.507587,-0.12721,1,satellite_51.507708_-0.127175.png,144.5,26.0,True,146.82046860026023
pano_583,51.507587,-0.12721,2,satellite_51.507174_-0.127175.png,-493.4,26.0,False,494.08456766023363
pano_583,51.507587,-0.12721,3,satellite_51.507708_-0.128034.png,144.5,-612.7,False,629.5089673706008
pano_583,51.507587,-0.12721,4,satellite_51.507708_-0.126317.png,144.5,664.0,False,679.5412055203128
pano_584,51.507602,-0.127272,1,satellite_51.507708_-0.127175.png,126.6,72.1,True,145.69135183668246
pano_584,51.507602,-0.127272,2,satellite_51.507174_-0.127175.png,-511.3,72.1,False,516.3584994942952
pano_584,51.507602,-0.127272,3,satellite_51.507708_-0.128034.png,126.6,-566.6,False,580.5713737345307
pano_584,51.507602,-0.127272,4,satellite_51.507708_-0.126317.png,126.6,710.1,False,721.2971440398194
pano_585,51.507649,-0.127367,1,satellite_51.507708_-0.127175.png,70.5,142.8,True,159.25479584615343
pano_585,51.507649,-0.127367,2,satellite_51.507708_-0.128034.png,70.5,-495.9,False,500.88627451747965
pano_585,51.507649,-0.127367,3,satellite_51.507174_-0.127175.png,-567.4,142.8,False,585.0936677148369
pano_585,51.507649,-0.127367,4,satellite_51.508242_-0.127175.png,708.4,142.8,False,722.6495692934438
pano_586,51.507701,-0.127424,1,satellite_51.507708_-0.127175.png,8.4,185.1,True,185.29050164538924
pano_586,51.507701,-0.127424,2,satellite_51.507708_-0.128034.png,8.4,-453.5,False,453.5777882568766
pano_586,51.507701,-0.127424,3,satellite_51.507174_-0.127175.png,-629.5,185.1,False,656.1495713631153
pano_586,51.507701,-0.127424,4,satellite_51.508242_-0.127175.png,646.3,185.1,False,672.2839429883775
pano_587,51.507734,-0.12746,1,satellite_51.507708_-0.127175.png,-31.1,211.9,True,214.17007260586155
pano_587,51.507734,-0.12746,2,satellite_51.507708_-0.128034.png,-31.1,-426.8,False,427.9315950008833
pano_587,51.507734,-0.12746,3,satellite_51.508242_-0.127175.png,606.8,211.9,False,642.7346653168786
pano_587,51.507734,-0.12746,4,satellite_51.507174_-0.127175.png,-669.0,211.9,False,701.756802603295
pano_588,51.507462,-0.127609,1,satellite_51.507708_-0.128034.png,293.9,-316.0,True,431.5474597306767
pano_588,51.507462,-0.127609,2,satellite_51.507708_-0.127175.png,293.9,322.7,False,436.4773762751054
pano_588,51.507462,-0.127609,3,satellite_51.507174_-0.128034.png,-344.0,-316.0,False,467.1102653549802
pano_588,51.507462,-0.127609,4,satellite_51.507174_-0.127175.png,-344.0,322.7,False,471.668623081926
pano_589,51.507612,-0.128116,1,satellite_51.507708_-0.128034.png,114.7,61.0,True,129.91185473235305
pano_589,51.507612,-0.128116,2,satellite_51.507174_-0.128034.png,-523.2,61.0,False,526.7439985419862
pano_589,51.507612,-0.128116,3,satellite_51.507708_-0.128892.png,114.7,-577.0,False,588.2899710176946
pano_589,51.507612,-0.128116,4,satellite_51.507708_-0.127175.png,114.7,699.6,False,708.9402302028006
pano_59,51.50949,-0.125896,1,satellite_51.509311_-0.126317.png,-213.8,-313.0,True,379.0507090087024
pano_59,51.50949,-0.125896,2,satellite_51.509311_-0.125459.png,-213.8,324.9,False,388.9350202797377
pano_59,51.50949,-0.125896,3,satellite_51.509845_-0.126317.png,424.1,-313.0,False,527.0956364835513
pano_59,51.50949,-0.125896,4,satellite_51.509845_-0.125459.png,424.1,324.9,False,534.2479012593311
pano_590,51.507685,-0.127647,1,satellite_51.507708_-0.128034.png,27.5,-287.7,True,289.0113146574023
pano_590,51.507685,-0.127647,2,satellite_51.507708_-0.127175.png,27.5,350.9,False,351.97593667749504
pano_590,51.507685,-0.127647,3,satellite_51.507174_-0.128034.png,-610.4,-287.7,False,674.8032676269432
pano_590,51.507685,-0.127647,4,satellite_51.507174_-0.127175.png,-610.4,350.9,False,704.0731283041556
pano_591,51.508144,-0.128788,1,satellite_51.508242_-0.128892.png,117.1,-77.3,True,140.31286469885788
pano_591,51.508144,-0.128788,2,satellite_51.507708_-0.128892.png,-520.8,-77.3,False,526.5053940844291
pano_591,51.508144,-0.128788,3,satellite_51.508242_-0.128034.png,117.1,560.6,False,572.6995460099475
pano_591,51.508144,-0.128788,4,satellite_51.508242_-0.129750.png,117.1,-715.3,False,724.8217022137237
pano_592,51.508184,-0.128805,1,satellite_51.508242_-0.128892.png,69.3,-64.7,True,94.80812201494132
pano_592,51.508184,-0.128805,2,satellite_51.507708_-0.128892.png,-568.6,-64.7,False,572.269211123576
pano_592,51.508184,-0.128805,3,satellite_51.508242_-0.128034.png,69.3,573.2,False,577.3739949114439
pano_592,51.508184,-0.128805,4,satellite_51.508242_-0.129750.png,69.3,-702.6,False,706.009383790329
pano_593,51.508196,-0.128809,1,satellite_51.508242_-0.128892.png,55.0,-61.7,True,82.65524786727096
pano_593,51.508196,-0.128809,2,satellite_51.508242_-0.128034.png,55.0,576.2,False,578.8190045255944
pano_593,51.508196,-0.128809,3,satellite_51.507708_-0.128892.png,-583.0,-61.7,False,586.2558229987998
pano_593,51.508196,-0.128809,4,satellite_51.508776_-0.128892.png,692.9,-61.7,False,695.6416462518615
pano_594,51.508207,-0.128803,1,satellite_51.508242_-0.128892.png,41.8,-66.2,True,78.29227292651555
pano_594,51.508207,-0.128803,2,satellite_51.508242_-0.128034.png,41.8,571.8,False,573.3258061521389
pano_594,51.508207,-0.128803,3,satellite_51.507708_-0.128892.png,-596.1,-66.2,False,599.7646621800922
pano_594,51.508207,-0.128803,4,satellite_51.508776_-0.128892.png,679.7,-66.2,False,682.9161954442142
pano_595,51.508219,-0.128793,1,satellite_51.508242_-0.128892.png,27.5,-73.6,True,78.56977790473891
pano_595,51.508219,-0.128793,2,satellite_51.508242_-0.128034.png,27.5,564.3,False,564.9696806024195
pano_595,51.508219,-0.128793,3,satellite_51.507708_-0.128892.png,-610.4,-73.6,False,614.8212097837875
pano_595,51.508219,-0.128793,4,satellite_51.508776_-0.128892.png,665.4,-73.6,False,669.4580793447786
pano_596,51.508228,-0.128776,1,satellite_51.508242_-0.128892.png,16.7,-86.2,True,87.80279038846089
pano_596,51.508228,-0.128776,2,satellite_51.508242_-0.128034.png,16.7,551.7,False,551.9526972485958
pano_596,51.508228,-0.128776,3,satellite_51.507708_-0.128892.png,-621.2,-86.2,False,627.1521984335222
pano_596,51.508228,-0.128776,4,satellite_51.508776_-0.128892.png,654.6,-86.2,False,660.2511643306659
pano_597,51.508233,-0.128754,1,satellite_51.508242_-0.128892.png,10.8,-102.6,True,103.16685514253112
pano_597,51.508233,-0.128754,2,satellite_51.508242_-0.128034.png,10.8,535.3,False,535.4089371685908
pano_597,51.508233,-0.128754,3,satellite_51.507708_-0.128892.png,-627.2,-102.6,False,635.5364663022887
pano_597,51.508233,-0.128754,4,satellite_51.508776_-0.128892.png,648.7,-102.6,False,656.7636180544717
pano_598,51.50824,-0.128714,1,satellite_51.508242_-0.128892.png,2.4,-132.3,True,132.32176691686067
pano_598,51.50824,-0.128714,2,satellite_51.508242_-0.128034.png,2.4,505.6,False,505.6056961704447
pano_598,51.50824,-0.128714,3,satellite_51.507708_-0.128892.png,-635.5,-132.3,False,649.1252113421571
pano_598,51.50824,-0.128714,4,satellite_51.508776_-0.128892.png,640.3,-132.3,False,653.8251907046714
pano_599,51.508275,-0.128774,1,satellite_51.508242_-0.128892.png,-39.4,-87.7,True,96.14390256277306
pano_599,51.508275,-0.128774,2,satellite_51.508242_-0.128034.png,-39.4,550.2,False,551.608919434775
pano_599,51.508275,-0.128774,3,satellite_51.508776_-0.128892.png,598.5,-87.7,False,604.8913456150617
pano_599,51.508275,-0.128774,4,satellite_51.507708_-0.128892.png,-677.3,-87.7,False,682.9543030100915
pano_6,51.505862,-0.130808,1,satellite_51.506105_-0.130608.png,290.3,148.7,True,326.1683307741572
pano_6,51.505862,-0.130808,2,satellite_51.505571_-0.130608.png,-347.6,148.7,False,378.0706944474803
pano_6,51.505862,-0.130808,3,satellite_51.506105_-0.131467.png,290.3,-490.0,False,569.5384886028336
pano_6,51.505862,-0.130808,4,satellite_51.505571_-0.131467.png,-347.6,-490.0,False,600.7709713359992
pano_60,51.509146,-0.125878,1,satellite_51.509311_-0.125459.png,197.1,311.5,True,368.6199397753735
pano_60,51.509146,-0.125878,2,satellite_51.509311_-0.126317.png,197.1,-326.4,False,381.2943351270774
pano_60,51.509146,-0.125878,3,satellite_51.508776_-0.125459.png,-442.0,311.5,False,540.7367659037066
pano_60,51.509146,-0.125878,4,satellite_51.508776_-0.126317.png,-442.0,-326.4,False,549.4551483060287
pano_600,51.508355,-0.127479,1,satellite_51.508242_-0.127175.png,-135.0,226.0,True,263.2508309578528
pano_600,51.508355,-0.127479,2,satellite_51.508242_-0.128034.png,-135.0,-412.7,False,434.2191727687758
pano_600,51.508355,-0.127479,3,satellite_51.508776_-0.127175.png,502.9,226.0,False,551.3478121839244
pano_600,51.508355,-0.127479,4,satellite_51.508776_-0.128034.png,502.9,-412.7,False,650.5610655426591
pano_601,51.508403,-0.127498,1,satellite_51.508242_-0.127175.png,-192.3,240.2,True,307.69356509358465
pano_601,51.508403,-0.127498,2,satellite_51.508242_-0.128034.png,-192.3,-398.5,False,442.47207821511176
pano_601,51.508403,-0.127498,3,satellite_51.508776_-0.127175.png,445.6,240.2,False,506.2167519946372
pano_601,51.508403,-0.127498,4,satellite_51.508776_-0.128034.png,445.6,-398.5,False,597.7972984214633
pano_602,51.508415,-0.127505,1,satellite_51.508242_-0.127175.png,-206.7,245.4,True,320.8520687170335
pano_602,51.508415,-0.127505,2,satellite_51.508242_-0.128034.png,-206.7,-393.3,False,444.3082038405323
pano_602,51.508415,-0.127505,3,satellite_51.508776_-0.127175.png,431.2,245.4,False,496.1396980690015
pano_602,51.508415,-0.127505,4,satellite_51.508776_-0.128034.png,431.2,-393.3,False,583.6251622402858
pano_603,51.508423,-0.127617,1,satellite_51.508242_-0.128034.png,-216.2,-310.0,True,377.9450224569706
pano_603,51.508423,-0.127617,2,satellite_51.508242_-0.127175.png,-216.2,328.6,False,393.34514106570583
pano_603,51.508423,-0.127617,3,satellite_51.508776_-0.128034.png,421.7,-310.0,False,523.3840750347683
pano_603,51.508423,-0.127617,4,satellite_51.508776_-0.127175.png,421.7,328.6,False,534.6109332963553
pano_604,51.508425,-0.127517,1,satellite_51.508242_-0.127175.png,-218.6,254.3,True,335.3422878194756
pano_604,51.508425,-0.127517,2,satellite_51.508242_-0.128034.png,-218.6,-384.4,False,442.20958831757594
pano_604,51.508425,-0.127517,3,satellite_51.508776_-0.127175.png,419.3,254.3,False,490.38860100944436
pano_604,51.508425,-0.127517,4,satellite_51.508776_-0.128034.png,419.3,-384.4,False,568.8372790174709
pano_605,51.508433,-0.127552,1,satellite_51.508242_-0.127175.png,-228.2,280.3,True,361.44616473273027
pano_605,51.508433,-0.127552,2,satellite_51.508242_-0.128034.png,-228.2,-358.4,False,424.88327808940653
pano_605,51.508433,-0.127552,3,satellite_51.508776_-0.127175.png,409.7,280.3,False,496.4092867785614
pano_605,51.508433,-0.127552,4,satellite_51.508776_-0.128034.png,409.7,-358.4,False,544.338727264559
pano_606,51.50843,-0.12758,1,satellite_51.508242_-0.127175.png,-224.6,301.1,True,375.6412783494381
pano_606,51.50843,-0.12758,2,satellite_51.508242_-0.128034.png,-224.6,-337.6,False,405.48602935243036
pano_606,51.50843,-0.12758,3,satellite_51.508776_-0.127175.png,413.3,301.1,False,511.3492935362286
pano_606,51.50843,-0.12758,4,satellite_51.508776_-0.128034.png,413.3,-337.6,False,533.657802341538
pano_607,51.508471,-0.127598,1,satellite_51.508242_-0.127175.png,-273.6,314.5,True,416.8539432463126
pano_607,51.508471,-0.127598,2,satellite_51.508242_-0.128034.png,-273.6,-324.2,False,424.2199900994766
pano_607,51.508471,-0.127598,3,satellite_51.508776_-0.127175.png,364.4,314.5,False,481.34977926659525
pano_607,51.508471,-0.127598,4,satellite_51.508776_-0.128034.png,364.4,-324.2,False,487.74276006928073
pano_608,51.508654,-0.125264,1,satellite_51.508776_-0.125459.png,145.7,-145.0,True,205.5565372348931
pano_608,51.508654,-0.125264,2,satellite_51.508242_-0.125459.png,-492.2,-145.0,False,513.1138665052816
pano_608,51.508654,-0.125264,3,satellite_51.508776_-0.124600.png,145.7,493.7,False,514.7505998053815
pano_608,51.508654,-0.125264,4,satellite_51.508242_-0.124600.png,-492.2,493.7,False,697.1373824433746
pano_609,51.508548,-0.125097,1,satellite_51.508776_-0.125459.png,272.4,-269.2,True,382.9757172458849
pano_609,51.508548,-0.125097,2,satellite_51.508242_-0.125459.png,-365.5,-269.2,False,453.9370991668339
pano_609,51.508548,-0.125097,3,satellite_51.508776_-0.124600.png,272.4,369.5,False,459.05556308577724
pano_609,51.508548,-0.125097,4,satellite_51.508242_-0.124600.png,-365.5,369.5,False,519.7311805154661
pano_61,51.506364,-0.131937,1,satellite_51.506105_-0.132325.png,-309.4,-288.5,True,423.03736241613456
pano_61,51.506364,-0.131937,2,satellite_51.506640_-0.132325.png,329.7,-288.5,False,438.10311571592365
pano_61,51.506364,-0.131937,3,satellite_51.506105_-0.131467.png,-309.4,349.5,False,466.7746886882364
pano_61,51.506364,-0.131937,4,satellite_51.506640_-0.131467.png,329.7,349.5,False,480.47095645834827
pano_610,51.505763,-0.130596,1,satellite_51.505571_-0.130608.png,-229.3,-8.9,True,229.47265632314455
pano_610,51.505763,-0.130596,2,satellite_51.506105_-0.130608.png,408.5,-8.9,False,408.59694076192005
pano_610,51.505763,-0.130596,3,satellite_51.505571_-0.129750.png,-229.3,629.0,False,669.4919641041257
pano_610,51.505763,-0.130596,4,satellite_51.505571_-0.131467.png,-229.3,-647.6,False,686.9965429316221
pano_611,51.508293,-0.129123,1,satellite_51.508242_-0.128892.png,-60.9,171.8,True,182.27465539673915
pano_611,51.508293,-0.129123,2,satellite_51.508242_-0.129750.png,-60.9,-466.2,False,470.16087672200035
pano_611,51.508293,-0.129123,3,satellite_51.508776_-0.128892.png,577.0,171.8,False,602.0334209992
pano_611,51.508293,-0.129123,4,satellite_51.507708_-0.128892.png,-698.8,171.8,False,719.6086992247939
pano_612,51.508296,-0.12915,1,satellite_51.508242_-0.128892.png,-64.5,191.8,True,202.35486156749485
pano_612,51.508296,-0.12915,2,satellite_51.508242_-0.129750.png,-64.5,-446.1,False,450.7387935378982
pano_612,51.508296,-0.12915,3,satellite_51.508776_-0.128892.png,573.4,191.8,False,604.6278194062857
pano_612,51.508296,-0.12915,4,satellite_51.508776_-0.129750.png,573.4,-446.1,False,726.4934755384937
pano_613,51.508285,-0.129091,1,satellite_51.508242_-0.128892.png,-51.4,148.0,True,156.67150347143541
pano_613,51.508285,-0.129091,2,satellite_51.508242_-0.129750.png,-51.4,-490.0,False,492.6885019969514
pano_613,51.508285,-0.129091,3,satellite_51.508776_-0.128892.png,586.5,148.0,False,604.8853197094471
pano_613,51.508285,-0.129091,4,satellite_51.507708_-0.128892.png,-689.3,148.0,False,705.0095673109691
pano_614,51.508252,-0.129025,1,satellite_51.508242_-0.128892.png,-11.9,98.9,True,99.61335251862575
pano_614,51.508252,-0.129025,2,satellite_51.508242_-0.129750.png,-11.9,-539.0,False,539.131347632467
pano_614,51.508252,-0.129025,3,satellite_51.508776_-0.128892.png,626.0,98.9,False,633.7643173925146
pano_614,51.508252,-0.129025,4,satellite_51.507708_-0.128892.png,-649.9,98.9,False,657.3820958924878
pano_615,51.508263,-0.129041,1,satellite_51.508242_-0.128892.png,-25.1,110.8,True,113.6074381367699
pano_615,51.508263,-0.129041,2,satellite_51.508242_-0.129750.png,-25.1,-527.2,False,527.7971674800842
pano_615,51.508263,-0.129041,3,satellite_51.508776_-0.128892.png,612.8,110.8,False,622.7362844736124
pano_615,51.508263,-0.129041,4,satellite_51.507708_-0.128892.png,-663.0,110.8,False,672.1946444297217
pano_616,51.508237,-0.129007,1,satellite_51.508242_-0.128892.png,6.0,85.5,True,85.71026776296992
pano_616,51.508237,-0.129007,2,satellite_51.508242_-0.129750.png,6.0,-552.4,False,552.4325841222619
pano_616,51.508237,-0.129007,3,satellite_51.507708_-0.128892.png,-631.9,85.5,False,637.6581058843367
pano_616,51.508237,-0.129007,4,satellite_51.508776_-0.128892.png,643.9,85.5,False,649.5517377391889
pano_617,51.508296,-0.129208,1,satellite_51.508242_-0.128892.png,-64.5,235.0,True,243.69089026879934
pano_617,51.508296,-0.129208,2,satellite_51.508242_-0.129750.png,-64.5,-403.0,False,408.12896246162194
pano_617,51.508296,-0.129208,3,satellite_51.508776_-0.128892.png,573.4,235.0,False,619.6874696167415
pano_617,51.508296,-0.129208,4,satellite_51.508776_-0.129750.png,573.4,-403.0,False,700.8541645734867
pano_618,51.509863,-0.122987,1,satellite_51.509845_-0.122884.png,-21.5,76.6,True,79.560103066801
pano_618,51.509863,-0.122987,2,satellite_51.509845_-0.123742.png,-21.5,-561.4,False,561.8115431352403
pano_618,51.509863,-0.122987,3,satellite_51.510379_-0.122884.png,616.4,76.6,False,621.1413043744554
pano_618,51.509863,-0.122987,4,satellite_51.509311_-0.122884.png,-659.4,76.6,False,663.8342564224898
pano_619,51.508371,-0.125933,1,satellite_51.508242_-0.126317.png,-154.1,-285.5,True,324.4334446384959
pano_619,51.508371,-0.125933,2,satellite_51.508242_-0.125459.png,-154.1,352.4,False,384.62003327959917
pano_619,51.508371,-0.125933,3,satellite_51.508776_-0.126317.png,483.8,-285.5,False,561.758569138024
pano_619,51.508371,-0.125933,4,satellite_51.508776_-0.125459.png,483.8,352.4,False,598.5383864047485
pano_62,51.505886,-0.133289,1,satellite_51.506105_-0.133183.png,261.6,78.8,True,273.21054152429775
pano_62,51.505886,-0.133289,2,satellite_51.505571_-0.133183.png,-376.3,78.8,False,384.4621307749308
pano_62,51.505886,-0.133289,3,satellite_51.506105_-0.134042.png,261.6,-559.9,False,617.9988430409882
pano_62,51.505886,-0.133289,4,satellite_51.505571_-0.134042.png,-376.3,-559.9,False,674.6033649486193
pano_620,51.508609,-0.126062,1,satellite_51.508776_-0.126317.png,199.5,-189.6,True,275.2242903524324
pano_620,51.508609,-0.126062,2,satellite_51.508242_-0.126317.png,-438.4,-189.6,False,477.64287914717204
pano_620,51.508609,-0.126062,3,satellite_51.508776_-0.125459.png,199.5,448.3,False,490.6863967953463
pano_620,51.508609,-0.126062,4,satellite_51.508242_-0.125459.png,-438.4,448.3,False,627.0306611322926
pano_621,51.508649,-0.125448,1,satellite_51.508776_-0.125459.png,151.7,-8.2,True,151.921459971921
pano_621,51.508649,-0.125448,2,satellite_51.508242_-0.125459.png,-486.2,-8.2,False,486.2691435820291
pano_621,51.508649,-0.125448,3,satellite_51.508776_-0.124600.png,151.7,630.5,False,648.4929760606509
pano_621,51.508649,-0.125448,4,satellite_51.508776_-0.126317.png,151.7,-646.1,False,663.6701741075909
pano_622,51.508679,-0.125391,1,satellite_51.508776_-0.125459.png,115.9,-50.6,True,126.46410557940938
pano_622,51.508679,-0.125391,2,satellite_51.508242_-0.125459.png,-522.0,-50.6,False,524.446717980006
pano_622,51.508679,-0.125391,3,satellite_51.508776_-0.124600.png,115.9,588.1,False,599.4117282803198
pano_622,51.508679,-0.125391,4,satellite_51.508776_-0.126317.png,115.9,-688.5,False,698.1869806864061
pano_623,51.508496,-0.125875,1,satellite_51.508242_-0.125459.png,-303.4,309.3,True,433.2644111855946
pano_623,51.508496,-0.125875,2,satellite_51.508242_-0.126317.png,-303.4,-328.6,False,447.2465986455347
pano_623,51.508496,-0.125875,3,satellite_51.508776_-0.125459.png,334.5,309.3,False,455.58395494134777
pano_623,51.508496,-0.125875,4,satellite_51.508776_-0.126317.png,334.5,-328.6,False,468.9010663242301
pano_624,51.508598,-0.127022,1,satellite_51.508776_-0.127175.png,212.6,-113.8,True,241.14145226401868
pano_624,51.508598,-0.127022,2,satellite_51.508242_-0.127175.png,-425.3,-113.8,False,440.2618879712392
pano_624,51.508598,-0.127022,3,satellite_51.508776_-0.126317.png,212.6,524.2,False,565.6716361989525
pano_624,51.508598,-0.127022,4,satellite_51.508242_-0.126317.png,-425.3,524.2,False,675.0301696961403
pano_625,51.508599,-0.126973,1,satellite_51.508776_-0.127175.png,211.4,-150.2,True,259.3260495977988
pano_625,51.508599,-0.126973,2,satellite_51.508242_-0.127175.png,-426.5,-150.2,False,452.1750656548855
pano_625,51.508599,-0.126973,3,satellite_51.508776_-0.126317.png,211.4,487.7,False,531.5460939561121
pano_625,51.508599,-0.126973,4,satellite_51.508242_-0.126317.png,-426.5,487.7,False,647.8838939192732
pano_626,51.508599,-0.127059,1,satellite_51.508776_-0.127175.png,211.4,-86.2,True,228.2989268481129
pano_626,51.508599,-0.127059,2,satellite_51.508242_-0.127175.png,-426.5,-86.2,False,435.1237640028409
pano_626,51.508599,-0.127059,3,satellite_51.508776_-0.126317.png,211.4,551.7,False,590.8154111057023
pano_626,51.508599,-0.127059,4,satellite_51.508242_-0.126317.png,-426.5,551.7,False,697.3343100694243
pano_627,51.50861,-0.127098,1,satellite_51.508776_-0.127175.png,198.3,-57.3,True,206.41264496149455
pano_627,51.50861,-0.127098,2,satellite_51.508242_-0.127175.png,-439.6,-57.3,False,443.3186777026206
pano_627,51.50861,-0.127098,3,satellite_51.508776_-0.126317.png,198.3,580.7,False,613.6247876349195
pano_627,51.50861,-0.127098,4,satellite_51.508776_-0.128034.png,198.3,-695.9,False,723.6018933087447
pano_628,51.508623,-0.127118,1,satellite_51.508776_-0.127175.png,182.8,-42.4,True,187.65287101454112
pano_628,51.508623,-0.127118,2,satellite_51.508242_-0.127175.png,-455.1,-42.4,False,457.07085883919575
pano_628,51.508623,-0.127118,3,satellite_51.508776_-0.126317.png,182.8,595.6,False,623.0210269324784
pano_628,51.508623,-0.127118,4,satellite_51.508776_-0.128034.png,182.8,-681.1,False,705.2042611896215
pano_629,51.508634,-0.127131,1,satellite_51.508776_-0.127175.png,169.6,-32.7,True,172.7236231671858
pano_629,51.508634,-0.127131,2,satellite_51.508242_-0.127175.png,-468.3,-32.7,False,469.4402837422455
pano_629,51.508634,-0.127131,3,satellite_51.508776_-0.126317.png,169.6,605.2,False,628.5150753959686
pano_629,51.508634,-0.127131,4,satellite_51.508776_-0.128034.png,169.6,-671.4,False,692.4897977587829
pano_63,51.507438,-0.130306,1,satellite_51.507174_-0.130608.png,-315.4,-224.5,True,387.14003926228037
pano_63,51.507438,-0.130306,2,satellite_51.507708_-0.130608.png,322.5,-224.5,False,392.94592503294905
pano_63,51.507438,-0.130306,3,satellite_51.507174_-0.129750.png,-315.4,413.4,False,519.9776149027956
pano_63,51.507438,-0.130306,4,satellite_51.507708_-0.129750.png,322.5,413.4,False,524.3146097525797
pano_630,51.508651,-0.127142,1,satellite_51.508776_-0.127175.png,149.3,-24.5,True,151.29686050939722
pano_630,51.508651,-0.127142,2,satellite_51.508242_-0.127175.png,-488.6,-24.5,False,489.2138693863861
pano_630,51.508651,-0.127142,3,satellite_51.508776_-0.126317.png,149.3,613.4,False,631.3082052373468
pano_630,51.508651,-0.127142,4,satellite_51.508776_-0.128034.png,149.3,-663.2,False,679.7975654560702
pano_631,51.508671,-0.127143,1,satellite_51.508776_-0.127175.png,125.4,-23.8,True,127.63855216978921
pano_631,51.508671,-0.127143,2,satellite_51.508242_-0.127175.png,-512.5,-23.8,False,513.0523267659937
pano_631,51.508671,-0.127143,3,satellite_51.508776_-0.126317.png,125.4,614.1,False,626.7726621351636
pano_631,51.508671,-0.127143,4,satellite_51.508776_-0.128034.png,125.4,-662.5,False,674.2636057210859
pano_632,51.508678,-0.126757,1,satellite_51.508776_-0.127175.png,117.1,-310.8,True,332.1280626505385
pano_632,51.508678,-0.126757,2,satellite_51.508776_-0.126317.png,117.1,327.1,False,347.42887041810445
pano_632,51.508678,-0.126757,3,satellite_51.508242_-0.127175.png,-520.8,-310.8,False,606.4893074078058
pano_632,51.508678,-0.126757,4,satellite_51.508242_-0.126317.png,-520.8,327.1,False,615.0016666644083
pano_633,51.508679,-0.127102,1,satellite_51.508776_-0.127175.png,115.9,-54.3,True,127.98945269044634
pano_633,51.508679,-0.127102,2,satellite_51.508242_-0.127175.png,-522.0,-54.3,False,524.8166251177644
pano_633,51.508679,-0.127102,3,satellite_51.508776_-0.126317.png,115.9,583.7,False,595.0953705079548
pano_633,51.508679,-0.127102,4,satellite_51.508776_-0.128034.png,115.9,-693.0,False,702.624942625865
pano_634,51.508735,-0.127101,1,satellite_51.508776_-0.127175.png,49.0,-55.0,True,73.66138744281159
pano_634,51.508735,-0.127101,2,satellite_51.508776_-0.126317.png,49.0,582.9,False,584.955904321001
pano_634,51.508735,-0.127101,3,satellite_51.508242_-0.127175.png,-588.9,-55.0,False,591.4627714404347
pano_634,51.508735,-0.127101,4,satellite_51.509311_-0.127175.png,688.1,-55.0,False,690.2945820445066
pano_635,51.508737,-0.127093,1,satellite_51.508776_-0.127175.png,46.6,-61.0,True,76.76301192631774
pano_635,51.508737,-0.127093,2,satellite_51.508776_-0.126317.png,46.6,577.0,False,578.8787092301807
pano_635,51.508737,-0.127093,3,satellite_51.508242_-0.127175.png,-591.3,-61.0,False,594.4381296653168
pano_635,51.508737,-0.127093,4,satellite_51.509311_-0.127175.png,685.7,-61.0,False,688.4079386526568
pano_636,51.508766,-0.127144,1,satellite_51.508776_-0.127175.png,11.9,-23.0,True,25.89613870830939
pano_636,51.508766,-0.127144,2,satellite_51.508776_-0.126317.png,11.9,614.9,False,615.0151380250733
pano_636,51.508766,-0.127144,3,satellite_51.508242_-0.127175.png,-626.0,-23.0,False,626.422381464775
pano_636,51.508766,-0.127144,4,satellite_51.509311_-0.127175.png,651.1,-23.0,False,651.5061089506376
pano_637,51.508766,-0.127093,1,satellite_51.508776_-0.127175.png,11.9,-61.0,True,62.14989943676498
pano_637,51.508766,-0.127093,2,satellite_51.508776_-0.126317.png,11.9,577.0,False,577.1226992590051
pano_637,51.508766,-0.127093,3,satellite_51.508242_-0.127175.png,-626.0,-61.0,False,628.9650228748814
pano_637,51.508766,-0.127093,4,satellite_51.509311_-0.127175.png,651.1,-61.0,False,653.9512290683458
pano_638,51.508232,-0.125551,1,satellite_51.508242_-0.125459.png,11.9,68.4,True,69.42744414134803
pano_638,51.508232,-0.125551,2,satellite_51.508242_-0.126317.png,11.9,-569.5,False,569.6243147900202
pano_638,51.508232,-0.125551,3,satellite_51.507708_-0.125459.png,-626.0,68.4,False,629.7257815906858
pano_638,51.508232,-0.125551,4,satellite_51.508776_-0.125459.png,649.9,68.4,False,653.489533198505
pano_639,51.50856,-0.125968,1,satellite_51.508776_-0.126317.png,258.0,-259.5,True,365.9292964494644
pano_639,51.50856,-0.125968,2,satellite_51.508776_-0.125459.png,258.0,378.4,False,457.98532727588554
pano_639,51.50856,-0.125968,3,satellite_51.508242_-0.126317.png,-379.9,-259.5,False,460.06984252393676
pano_639,51.50856,-0.125968,4,satellite_51.508242_-0.125459.png,-379.9,378.4,False,536.2001212234104
pano_64,51.507193,-0.131215,1,satellite_51.507174_-0.131467.png,-22.7,-187.4,True,188.76983339506342
pano_64,51.507193,-0.131215,2,satellite_51.507174_-0.130608.png,-22.7,451.3,False,451.8705345560828
pano_64,51.507193,-0.131215,3,satellite_51.507708_-0.131467.png,615.2,-187.4,False,643.1094774608753
pano_64,51.507193,-0.131215,4,satellite_51.506640_-0.131467.png,-660.6,-187.4,False,686.6666731391585
pano_640,51.508582,-0.12595,1,satellite_51.508776_-0.126317.png,231.8,-272.9,True,358.05816566585935
pano_640,51.508582,-0.12595,2,satellite_51.508776_-0.125459.png,231.8,365.1,False,432.4687850007212
pano_640,51.508582,-0.12595,3,satellite_51.508242_-0.126317.png,-406.2,-272.9,False,489.3596325811928
pano_640,51.508582,-0.12595,4,satellite_51.508242_-0.125459.png,-406.2,365.1,False,546.1652222542186
pano_641,51.508048,-0.126386,1,satellite_51.508242_-0.126317.png,231.7,51.3,True,237.31114596664017
pano_641,51.508048,-0.126386,2,satellite_51.507708_-0.126317.png,-406.2,51.3,False,409.4265868260145
pano_641,51.508048,-0.126386,3,satellite_51.508242_-0.127175.png,231.7,-586.6,False,630.7015538271647
pano_641,51.508048,-0.126386,4,satellite_51.507708_-0.127175.png,-406.2,-586.6,False,713.5110370554894
pano_642,51.508093,-0.126478,1,satellite_51.508242_-0.126317.png,178.0,119.7,True,214.504289001409
pano_642,51.508093,-0.126478,2,satellite_51.507708_-0.126317.png,-459.9,119.7,False,475.22215857428193
pano_642,51.508093,-0.126478,3,satellite_51.508242_-0.127175.png,178.0,-518.2,False,547.9190086134994
pano_642,51.508093,-0.126478,4,satellite_51.507708_-0.127175.png,-459.9,-518.2,False,692.8486486960915
pano_643,51.508235,-0.126175,1,satellite_51.508242_-0.126317.png,8.4,-105.6,True,105.93356408617619
pano_643,51.508235,-0.126175,2,satellite_51.508242_-0.125459.png,8.4,532.4,False,532.4662618420062
pano_643,51.508235,-0.126175,3,satellite_51.507708_-0.126317.png,-629.5,-105.6,False,638.2958640003866
pano_643,51.508235,-0.126175,4,satellite_51.508776_-0.126317.png,646.3,-105.6,False,654.8702543252365
pano_644,51.508543,-0.125452,1,satellite_51.508776_-0.125459.png,278.3,-5.2,True,278.34857642890864
pano_644,51.508543,-0.125452,2,satellite_51.508242_-0.125459.png,-359.6,-5.2,False,359.63759536511196
pano_644,51.508543,-0.125452,3,satellite_51.508776_-0.124600.png,278.3,633.5,False,691.934346596554
pano_644,51.508543,-0.125452,4,satellite_51.508776_-0.126317.png,278.3,-643.1,False,700.7342577611003
pano_645,51.505852,-0.125881,1,satellite_51.506105_-0.125459.png,302.2,313.8,True,435.65500111900474
pano_645,51.505852,-0.125881,2,satellite_51.506105_-0.126317.png,302.2,-324.2,False,443.20478336768883
pano_645,51.505852,-0.125881,3,satellite_51.505571_-0.125459.png,-335.7,313.8,False,459.5268544927489
pano_645,51.505852,-0.125881,4,satellite_51.505571_-0.126317.png,-335.7,-324.2,False,466.690614861709
pano_646,51.506509,-0.125175,1,satellite_51.506640_-0.125459.png,156.5,-211.2,True,262.86439469810284
pano_646,51.506509,-0.125175,2,satellite_51.506640_-0.124600.png,156.5,427.5,False,455.24553814397785
pano_646,51.506509,-0.125175,3,satellite_51.506105_-0.125459.png,-482.6,-211.2,False,526.7904706807062
pano_646,51.506509,-0.125175,4,satellite_51.506105_-0.124600.png,-482.6,427.5,False,644.7162243964394
pano_647,51.503799,-0.131619,1,satellite_51.503968_-0.131467.png,201.9,113.0,True,231.37115204795953
pano_647,51.503799,-0.131619,2,satellite_51.503434_-0.131467.png,-436.0,113.0,False,450.40537296972826
pano_647,51.503799,-0.131619,3,satellite_51.503968_-0.132325.png,201.9,-524.9,False,562.3909849917582
pano_647,51.503799,-0.131619,4,satellite_51.503434_-0.132325.png,-436.0,-524.9,False,682.3606158036965
pano_648,51.503665,-0.131949,1,satellite_51.503434_-0.132325.png,-275.9,-279.6,True,392.8065299864553
pano_648,51.503665,-0.131949,2,satellite_51.503434_-0.131467.png,-275.9,358.4,False,452.2956665722102
pano_648,51.503665,-0.131949,3,satellite_51.503968_-0.132325.png,361.9,-279.6,False,457.32676501600037
pano_648,51.503665,-0.131949,4,satellite_51.503968_-0.131467.png,361.9,358.4,False,509.33502726594406
pano_649,51.503697,-0.131959,1,satellite_51.503434_-0.132325.png,-314.1,-272.1,True,415.5685503018726
pano_649,51.503697,-0.131959,2,satellite_51.503968_-0.132325.png,323.7,-272.1,False,422.8712570038309
pano_649,51.503697,-0.131959,3,satellite_51.503434_-0.131467.png,-314.1,365.8,False,482.14982111372814
pano_649,51.503697,-0.131959,4,satellite_51.503968_-0.131467.png,323.7,365.8,False,488.4581148880628
pano_65,51.508829,-0.132051,1,satellite_51.508776_-0.132325.png,-63.3,-203.7,True,213.30864961365256
pano_65,51.508829,-0.132051,2,satellite_51.508776_-0.131467.png,-63.3,434.2,False,438.78984719339167
pano_65,51.508829,-0.132051,3,satellite_51.509311_-0.132325.png,575.8,-203.7,False,610.7694573241199
pano_65,51.508829,-0.132051,4,satellite_51.509311_-0.131467.png,575.8,434.2,False,721.162450492259
pano_650,51.503769,-0.131647,1,satellite_51.503968_-0.131467.png,237.7,133.8,True,272.77047127575963
pano_650,51.503769,-0.131647,2,satellite_51.503434_-0.131467.png,-400.1,133.8,False,421.87966293719353
pano_650,51.503769,-0.131647,3,satellite_51.503968_-0.132325.png,237.7,-504.1,False,557.3312300598271
pano_650,51.503769,-0.131647,4,satellite_51.503434_-0.132325.png,-400.1,-504.1,False,643.5812458423568
pano_651,51.504008,-0.1315,1,satellite_51.503968_-0.131467.png,-47.8,24.5,True,53.71303380000053
pano_651,51.504008,-0.1315,2,satellite_51.504503_-0.131467.png,591.3,24.5,False,591.8073504105876
pano_651,51.504008,-0.1315,3,satellite_51.503968_-0.132325.png,-47.8,-613.4,False,615.2596199979322
pano_651,51.504008,-0.1315,4,satellite_51.503968_-0.130608.png,-47.8,663.2,False,664.9203561329733
pano_652,51.503984,-0.131506,1,satellite_51.503968_-0.131467.png,-19.1,29.0,True,34.72477501726973
pano_652,51.503984,-0.131506,2,satellite_51.503968_-0.132325.png,-19.1,-608.9,False,609.1994911357034
pano_652,51.503984,-0.131506,3,satellite_51.504503_-0.131467.png,619.9,29.0,False,620.5779644814985
pano_652,51.503984,-0.131506,4,satellite_51.503434_-0.131467.png,-657.0,29.0,False,657.6397189951349
pano_653,51.504189,-0.132699,1,satellite_51.503968_-0.132325.png,-264.0,278.1,True,383.45222648981974
pano_653,51.504189,-0.132699,2,satellite_51.503968_-0.133183.png,-264.0,-359.9,False,446.3451691236279
pano_653,51.504189,-0.132699,3,satellite_51.504503_-0.132325.png,375.1,278.1,False,466.9471276279575
pano_653,51.504189,-0.132699,4,satellite_51.504503_-0.133183.png,375.1,-359.9,False,519.8346083130672
pano_654,51.504725,-0.129863,1,satellite_51.504503_-0.129750.png,-265.2,84.0,True,278.1852620107686
pano_654,51.504725,-0.129863,2,satellite_51.505037_-0.129750.png,372.7,84.0,False,382.0488057827167
pano_654,51.504725,-0.129863,3,satellite_51.504503_-0.130608.png,-265.2,-553.9,False,614.114199477589
pano_654,51.504725,-0.129863,4,satellite_51.505037_-0.130608.png,372.7,-553.9,False,667.6155330727408
pano_655,51.504654,-0.129279,1,satellite_51.504503_-0.128892.png,-180.4,287.7,True,339.5812862923986
pano_655,51.504654,-0.129279,2,satellite_51.504503_-0.129750.png,-180.4,-350.2,False,393.93425847468507
pano_655,51.504654,-0.129279,3,satellite_51.505037_-0.128892.png,457.5,287.7,False,540.4419857857085
pano_655,51.504654,-0.129279,4,satellite_51.505037_-0.129750.png,457.5,-350.2,False,576.1478022174518
pano_656,51.505234,-0.129539,1,satellite_51.505037_-0.129750.png,-235.3,-156.9,True,282.81389640539237
pano_656,51.505234,-0.129539,2,satellite_51.505571_-0.129750.png,402.5,-156.9,False,431.9998379629326
pano_656,51.505234,-0.129539,3,satellite_51.505037_-0.128892.png,-235.3,481.1,False,535.5588669791586
pano_656,51.505234,-0.129539,4,satellite_51.505571_-0.128892.png,402.5,481.1,False,627.2666578098983
pano_657,51.50528,-0.129618,1,satellite_51.505037_-0.129750.png,-290.3,-98.1,True,306.42731601474435
pano_657,51.50528,-0.129618,2,satellite_51.505571_-0.129750.png,347.6,-98.1,False,361.177754021479
pano_657,51.50528,-0.129618,3,satellite_51.505037_-0.128892.png,-290.3,539.8,False,612.9095610283788
pano_657,51.50528,-0.129618,4,satellite_51.505571_-0.128892.png,347.6,539.8,False,642.0356687910727
pano_658,51.507781,-0.131042,1,satellite_51.507708_-0.131467.png,-87.2,-316.0,True,327.81067706833466
pano_658,51.507781,-0.131042,2,satellite_51.507708_-0.130608.png,-87.2,322.7,False,334.274034289234
pano_658,51.507781,-0.131042,3,satellite_51.508242_-0.131467.png,550.7,-316.0,False,634.9224283327846
pano_658,51.507781,-0.131042,4,satellite_51.508242_-0.130608.png,550.7,322.7,False,638.283463674252
pano_659,51.507765,-0.130999,1,satellite_51.507708_-0.130608.png,-68.1,290.7,True,298.5700922731545
pano_659,51.507765,-0.130999,2,satellite_51.507708_-0.131467.png,-68.1,-348.0,False,354.6006345171988
pano_659,51.507765,-0.130999,3,satellite_51.508242_-0.130608.png,569.8,290.7,False,639.670641814989
pano_659,51.507765,-0.130999,4,satellite_51.508242_-0.131467.png,569.8,-348.0,False,667.6646164055722
pano_66,51.509154,-0.131197,1,satellite_51.509311_-0.131467.png,187.6,-200.7,True,274.72577236218666
pano_66,51.509154,-0.131197,2,satellite_51.509311_-0.130608.png,187.6,437.9,False,476.39287358229865
pano_66,51.509154,-0.131197,3,satellite_51.508776_-0.131467.png,-451.6,-200.7,False,494.18928559814003
pano_66,51.509154,-0.131197,4,satellite_51.508776_-0.130608.png,-451.6,437.9,False,629.0460793932349
pano_660,51.507739,-0.131155,1,satellite_51.507708_-0.131467.png,-37.0,-232.0,True,234.93190502781866
pano_660,51.507739,-0.131155,2,satellite_51.507708_-0.130608.png,-37.0,406.7,False,408.37959057719814
pano_660,51.507739,-0.131155,3,satellite_51.508242_-0.131467.png,600.9,-232.0,False,644.1310503305984
pano_660,51.507739,-0.131155,4,satellite_51.507174_-0.131467.png,-674.9,-232.0,False,713.6623921715365
pano_661,51.507681,-0.130994,1,satellite_51.507708_-0.130608.png,32.3,287.0,True,288.8118591747922
pano_661,51.507681,-0.130994,2,satellite_51.507708_-0.131467.png,32.3,-351.7,False,353.1800957018954
pano_661,51.507681,-0.130994,3,satellite_51.507174_-0.130608.png,-605.6,287.0,False,670.1644275847533
pano_661,51.507681,-0.130994,4,satellite_51.507174_-0.131467.png,-605.6,-351.7,False,700.3172495376649
pano_662,51.507695,-0.130898,1,satellite_51.507708_-0.130608.png,15.5,215.6,True,216.1564479722962
pano_662,51.507695,-0.130898,2,satellite_51.507708_-0.131467.png,15.5,-423.1,False,423.3838211363302
pano_662,51.507695,-0.130898,3,satellite_51.507174_-0.130608.png,-622.4,215.6,False,658.6843857265784
pano_662,51.507695,-0.130898,4,satellite_51.508242_-0.130608.png,653.4,215.6,False,688.0515387672641
pano_663,51.507688,-0.130782,1,satellite_51.507708_-0.130608.png,23.9,129.4,True,131.5886393272611
pano_663,51.507688,-0.130782,2,satellite_51.507708_-0.131467.png,23.9,-509.3,False,509.86047110949875
pano_663,51.507688,-0.130782,3,satellite_51.507174_-0.130608.png,-614.0,129.4,False,627.4873385176787
pano_663,51.507688,-0.130782,4,satellite_51.508242_-0.130608.png,661.8,129.4,False,674.3319657260806
pano_664,51.507678,-0.130704,1,satellite_51.507708_-0.130608.png,35.8,71.4,True,79.8723982361867
pano_664,51.507678,-0.130704,2,satellite_51.507708_-0.131467.png,35.8,-567.3,False,568.4284739525282
pano_664,51.507678,-0.130704,3,satellite_51.507174_-0.130608.png,-602.1,71.4,False,606.3187033235904
pano_664,51.507678,-0.130704,4,satellite_51.508242_-0.130608.png,673.7,71.4,False,677.4729883914192
pano_665,51.507507,-0.130072,1,satellite_51.507708_-0.129750.png,240.1,239.4,True,339.0580628741927
pano_665,51.507507,-0.130072,2,satellite_51.507174_-0.129750.png,-397.8,239.4,False,464.281380199551
pano_665,51.507507,-0.130072,3,satellite_51.507708_-0.130608.png,240.1,-398.5,False,465.24215200258885
pano_665,51.507507,-0.130072,4,satellite_51.507174_-0.130608.png,-397.8,-398.5,False,563.0693474164617
pano_666,51.507487,-0.130116,1,satellite_51.507708_-0.129750.png,264.0,272.1,True,379.1232121619567
pano_666,51.507487,-0.130116,2,satellite_51.507708_-0.130608.png,264.0,-365.8,False,451.1159939527749
pano_666,51.507487,-0.130116,3,satellite_51.507174_-0.129750.png,-373.9,272.1,False,462.4279619573193
pano_666,51.507487,-0.130116,4,satellite_51.507174_-0.130608.png,-373.9,-365.8,False,523.0782446250274
pano_667,51.507469,-0.130178,1,satellite_51.507708_-0.129750.png,285.5,318.2,True,427.50612861104105
pano_667,51.507469,-0.130178,2,satellite_51.507708_-0.130608.png,285.5,-319.7,True,428.62377442227813
pano_667,51.507469,-0.130178,3,satellite_51.507174_-0.129750.png,-352.4,318.2,False,474.8020640224724
pano_667,51.507469,-0.130178,4,satellite_51.507174_-0.130608.png,-352.4,-319.7,False,475.80862749639164
pano_668,51.507367,-0.130584,1,satellite_51.507174_-0.130608.png,-230.6,-17.8,True,231.28597017545184
pano_668,51.507367,-0.130584,2,satellite_51.507708_-0.130608.png,407.3,-17.8,False,407.68876609492196
pano_668,51.507367,-0.130584,3,satellite_51.507174_-0.129750.png,-230.6,620.1,False,661.5892759106665
pano_668,51.507367,-0.130584,4,satellite_51.507174_-0.131467.png,-230.6,-656.5,False,695.8222546024236
pano_669,51.507339,-0.130697,1,satellite_51.507174_-0.130608.png,-197.1,66.2,True,207.92029722949127
pano_669,51.507339,-0.130697,2,satellite_51.507708_-0.130608.png,440.8,66.2,False,445.74328934937427
pano_669,51.507339,-0.130697,3,satellite_51.507174_-0.131467.png,-197.1,-572.5,False,605.4788683348082
pano_669,51.507339,-0.130697,4,satellite_51.507708_-0.131467.png,440.8,-572.5,False,722.5378121593361
pano_67,51.507868,-0.127235,1,satellite_51.507708_-0.127175.png,-191.1,44.6,True,196.2354962793429
pano_67,51.507868,-0.127235,2,satellite_51.508242_-0.127175.png,446.8,44.6,False,449.0204895102227
pano_67,51.507868,-0.127235,3,satellite_51.507708_-0.128034.png,-191.1,-594.1,False,624.0785367243453
pano_67,51.507868,-0.127235,4,satellite_51.507708_-0.126317.png,-191.1,682.5,False,708.7492222217954
pano_670,51.507593,-0.128719,1,satellite_51.507708_-0.128892.png,137.4,-128.6,True,188.19330487559859
pano_670,51.507593,-0.128719,2,satellite_51.507174_-0.128892.png,-500.5,-128.6,False,516.757399559987
pano_670,51.507593,-0.128719,3,satellite_51.507708_-0.128034.png,137.4,509.3,False,527.5085307367076
pano_670,51.507593,-0.128719,4,satellite_51.507174_-0.128034.png,-500.5,509.3,False,714.0635405900514
pano_671,51.507528,-0.128502,1,satellite_51.507708_-0.128892.png,215.0,-290.0,True,361.00554012369395
pano_671,51.507528,-0.128502,2,satellite_51.507708_-0.128034.png,215.0,348.0,False,409.05867549778236
pano_671,51.507528,-0.128502,3,satellite_51.507174_-0.128892.png,-422.9,-290.0,False,512.7810546422322
pano_671,51.507528,-0.128502,4,satellite_51.507174_-0.128034.png,-422.9,348.0,False,547.6754604690628
pano_672,51.507524,-0.128429,1,satellite_51.507708_-0.128034.png,219.8,293.7,True,366.8401968159978
pano_672,51.507524,-0.128429,2,satellite_51.507708_-0.128892.png,219.8,-344.2,False,408.3940254215284
pano_672,51.507524,-0.128429,3,satellite_51.507174_-0.128034.png,-418.1,293.7,False,510.94745326696756
pano_672,51.507524,-0.128429,4,satellite_51.507174_-0.128892.png,-418.1,-344.2,False,541.5544755608618
pano_673,51.507521,-0.128153,1,satellite_51.507708_-0.128034.png,223.4,88.5,True,240.29109430022578
pano_673,51.507521,-0.128153,2,satellite_51.507174_-0.128034.png,-414.5,88.5,False,423.8425415174838
pano_673,51.507521,-0.128153,3,satellite_51.507708_-0.128892.png,223.4,-549.5,False,593.1760362657952
pano_673,51.507521,-0.128153,4,satellite_51.507174_-0.128892.png,-414.5,-549.5,False,688.3026223980263
pano_674,51.507533,-0.128021,1,satellite_51.507708_-0.128034.png,209.0,-9.7,True,209.22497460867334
pano_674,51.507533,-0.128021,2,satellite_51.507174_-0.128034.png,-428.9,-9.7,False,429.00967355060885
pano_674,51.507533,-0.128021,3,satellite_51.507708_-0.127175.png,209.0,629.0,False,662.8136993152751
pano_674,51.507533,-0.128021,4,satellite_51.507708_-0.128892.png,209.0,-647.6,False,680.4900880982765
pano_675,51.507517,-0.127909,1,satellite_51.507708_-0.128034.png,228.2,-92.9,True,246.3851659495758
pano_675,51.507517,-0.127909,2,satellite_51.507174_-0.128034.png,-409.7,-92.9,False,420.10058319407267
pano_675,51.507517,-0.127909,3,satellite_51.507708_-0.127175.png,228.2,545.7,False,591.4927979274136
pano_675,51.507517,-0.127909,4,satellite_51.507174_-0.127175.png,-409.7,545.7,False,682.3800847035324
pano_676,51.507533,-0.127872,1,satellite_51.507708_-0.128034.png,209.0,-120.4,True,241.19941956812417
pano_676,51.507533,-0.127872,2,satellite_51.507174_-0.128034.png,-428.9,-120.4,False,445.47880982152225
pano_676,51.507533,-0.127872,3,satellite_51.507708_-0.127175.png,209.0,518.2,False,558.7595547281496
pano_676,51.507533,-0.127872,4,satellite_51.507174_-0.127175.png,-428.9,518.2,False,672.6711306426046
pano_677,51.50756,-0.127768,1,satellite_51.507708_-0.128034.png,176.8,-197.8,True,265.2980964877057
pano_677,51.50756,-0.127768,2,satellite_51.507708_-0.127175.png,176.8,440.9,False,475.0274202611887
pano_677,51.50756,-0.127768,3,satellite_51.507174_-0.128034.png,-461.1,-197.8,False,501.73503963745645
pano_677,51.50756,-0.127768,4,satellite_51.507174_-0.127175.png,-461.1,440.9,False,637.9702344153683
pano_678,51.507502,-0.127933,1,satellite_51.507708_-0.128034.png,246.1,-75.1,True,257.30375045848047
pano_678,51.507502,-0.127933,2,satellite_51.507174_-0.128034.png,-391.8,-75.1,False,398.9326384240828
pano_678,51.507502,-0.127933,3,satellite_51.507708_-0.127175.png,246.1,563.6,False,614.9879429712423
pano_678,51.507502,-0.127933,4,satellite_51.507174_-0.127175.png,-391.8,563.6,False,686.4052738725134
pano_679,51.507465,-0.127981,1,satellite_51.507708_-0.128034.png,290.3,-39.4,True,292.9615162440282
pano_679,51.507465,-0.127981,2,satellite_51.507174_-0.128034.png,-347.6,-39.4,False,349.82584238446424
pano_679,51.507465,-0.127981,3,satellite_51.507708_-0.127175.png,290.3,599.3,False,665.9088376046678
pano_679,51.507465,-0.127981,4,satellite_51.507174_-0.127175.png,-347.6,599.3,False,692.8103997487335
pano_68,51.508824,-0.13025,1,satellite_51.508776_-0.130608.png,-57.3,-266.2,True,272.2971354972358
pano_68,51.508824,-0.13025,2,satellite_51.508776_-0.129750.png,-57.3,371.8,False,376.18948682811435
pano_68,51.508824,-0.13025,3,satellite_51.509311_-0.130608.png,581.8,-266.2,False,639.8075335598979
pano_68,51.508824,-0.13025,4,satellite_51.509311_-0.129750.png,581.8,371.8,False,690.4538217723181
pano_680,51.507455,-0.12728,1,satellite_51.507708_-0.127175.png,302.2,78.1,True,312.1288996552546
pano_680,51.507455,-0.12728,2,satellite_51.507174_-0.127175.png,-335.7,78.1,False,344.6651998679298
pano_680,51.507455,-0.12728,3,satellite_51.507708_-0.128034.png,302.2,-560.6,False,636.8651348598069
pano_680,51.507455,-0.12728,4,satellite_51.507174_-0.128034.png,-335.7,-560.6,False,653.4270043394289
pano_681,51.507479,-0.127299,1,satellite_51.507708_-0.127175.png,273.6,92.2,True,288.71750899451877
pano_681,51.507479,-0.127299,2,satellite_51.507174_-0.127175.png,-364.3,92.2,False,375.7862823467616
pano_681,51.507479,-0.127299,3,satellite_51.507708_-0.128034.png,273.6,-546.5,False,611.162179785366
pano_681,51.507479,-0.127299,4,satellite_51.507174_-0.128034.png,-364.3,-546.5,False,656.7927679260788
pano_682,51.507497,-0.127322,1,satellite_51.507708_-0.127175.png,252.1,109.3,True,274.77427099348296
pano_682,51.507497,-0.127322,2,satellite_51.507174_-0.127175.png,-385.8,109.3,False,400.9839522973457
pano_682,51.507497,-0.127322,3,satellite_51.507708_-0.128034.png,252.1,-529.4,False,586.3606142980615
pano_682,51.507497,-0.127322,4,satellite_51.507174_-0.128034.png,-385.8,-529.4,False,655.061829142868
pano_683,51.507235,-0.127463,1,satellite_51.507174_-0.127175.png,-72.9,214.1,True,226.17077618472285
pano_683,51.507235,-0.127463,2,satellite_51.507174_-0.128034.png,-72.9,-424.5,False,430.71412793174085
pano_683,51.507235,-0.127463,3,satellite_51.507708_-0.127175.png,565.0,214.1,False,604.2051059036162
pano_683,51.507235,-0.127463,4,satellite_51.507708_-0.128034.png,565.0,-424.5,False,706.7002547049209
pano_684,51.507221,-0.128027,1,satellite_51.507174_-0.128034.png,-56.1,-5.2,True,56.340482781034105
pano_684,51.507221,-0.128027,2,satellite_51.507708_-0.128034.png,581.8,-5.2,False,581.8232377621231
pano_684,51.507221,-0.128027,3,satellite_51.507174_-0.127175.png,-56.1,633.5,False,635.9791348778668
pano_684,51.507221,-0.128027,4,satellite_51.507174_-0.128892.png,-56.1,-643.1,False,645.5422681745945
pano_685,51.505741,-0.133698,1,satellite_51.505571_-0.134042.png,-203.1,-255.8,True,326.6240193249725
pano_685,51.505741,-0.133698,2,satellite_51.505571_-0.133183.png,-203.1,382.9,False,433.43052499795164
pano_685,51.505741,-0.133698,3,satellite_51.506105_-0.134042.png,434.8,-255.8,False,504.4647460427735
pano_685,51.505741,-0.133698,4,satellite_51.506105_-0.133183.png,434.8,382.9,False,579.3646951618643
pano_686,51.504443,-0.13101,1,satellite_51.504503_-0.130608.png,71.7,298.9,True,307.37940724778554
pano_686,51.504443,-0.13101,2,satellite_51.504503_-0.131467.png,71.7,-339.8,False,347.2822051300642
pano_686,51.504443,-0.13101,3,satellite_51.503968_-0.130608.png,-567.4,298.9,False,641.314252141647
pano_686,51.504443,-0.13101,4,satellite_51.503968_-0.131467.png,-567.4,-339.8,False,661.367371435876
pano_687,51.503936,-0.133079,1,satellite_51.503968_-0.133183.png,38.2,-77.3,True,86.22372063417352
pano_687,51.503936,-0.133079,2,satellite_51.503968_-0.132325.png,38.2,560.6,False,561.8999911016194
pano_687,51.503936,-0.133079,3,satellite_51.503434_-0.133183.png,-599.6,-77.3,False,604.5621969657051
pano_687,51.503936,-0.133079,4,satellite_51.504503_-0.133183.png,677.3,-77.3,False,681.6968387780597
pano_688,51.508474,-0.124607,1,satellite_51.508242_-0.124600.png,-277.1,5.2,True,277.14878675541775
pano_688,51.508474,-0.124607,2,satellite_51.508776_-0.124600.png,360.8,5.2,False,360.8374703381011
pano_688,51.508474,-0.124607,3,satellite_51.508242_-0.125459.png,-277.1,-633.5,False,691.4525724878026
pano_688,51.508474,-0.124607,4,satellite_51.508242_-0.123742.png,-277.1,643.1,False,700.2585379700844
pano_689,51.508541,-0.124509,1,satellite_51.508776_-0.124600.png,280.7,-67.7,True,288.7486450184658
pano_689,51.508541,-0.124509,2,satellite_51.508242_-0.124600.png,-357.2,-67.7,False,363.55897733380203
pano_689,51.508541,-0.124509,3,satellite_51.508776_-0.123742.png,280.7,570.3,False,635.6371449183881
pano_689,51.508541,-0.124509,4,satellite_51.508242_-0.123742.png,-357.2,570.3,False,672.929364792472
pano_69,51.507953,-0.13031,1,satellite_51.507708_-0.130608.png,-292.7,-221.6,True,367.1237529771126
pano_69,51.507953,-0.13031,2,satellite_51.508242_-0.130608.png,345.2,-221.6,False,410.2067771258783
pano_69,51.507953,-0.13031,3,satellite_51.507708_-0.129750.png,-292.7,416.4,False,508.9815811991628
pano_69,51.507953,-0.13031,4,satellite_51.508242_-0.129750.png,345.2,416.4,False,540.8807632001715
pano_690,51.507806,-0.130312,1,satellite_51.507708_-0.130608.png,-117.1,-220.1,True,249.31189301756143
pano_690,51.507806,-0.130312,2,satellite_51.507708_-0.129750.png,-117.1,417.9,False,433.99633639006674
pano_690,51.507806,-0.130312,3,satellite_51.508242_-0.130608.png,520.8,-220.1,False,565.3995489916842
pano_690,51.507806,-0.130312,4,satellite_51.508242_-0.129750.png,520.8,417.9,False,667.737261203836
pano_691,51.508263,-0.129254,1,satellite_51.508242_-0.128892.png,-25.1,269.2,True,270.3676201027039
pano_691,51.508263,-0.129254,2,satellite_51.508242_-0.129750.png,-25.1,-368.8,False,369.6531482349366
pano_691,51.508263,-0.129254,3,satellite_51.508776_-0.128892.png,612.8,269.2,False,669.3224036292225
pano_691,51.508263,-0.129254,4,satellite_51.508776_-0.129750.png,612.8,-368.8,False,715.2183442837578
pano_693,51.504165,-0.130761,1,satellite_51.503968_-0.130608.png,-235.3,113.8,True,261.3743101377792
pano_693,51.504165,-0.130761,2,satellite_51.504503_-0.130608.png,403.7,113.8,False,419.43310551266694
pano_693,51.504165,-0.130761,3,satellite_51.503968_-0.131467.png,-235.3,-524.9,False,575.2269986709595
pano_693,51.504165,-0.130761,4,satellite_51.504503_-0.131467.png,403.7,-524.9,False,662.1885683096621
pano_694,51.504173,-0.130758,1,satellite_51.503968_-0.130608.png,-244.9,111.5,True,269.0878295278328
pano_694,51.504173,-0.130758,2,satellite_51.504503_-0.130608.png,394.2,111.5,False,409.665583128483
pano_694,51.504173,-0.130758,3,satellite_51.503968_-0.131467.png,-244.9,-527.2,False,581.3052984448018
pano_694,51.504173,-0.130758,4,satellite_51.504503_-0.131467.png,394.2,-527.2,False,658.2807000057043
pano_695,51.504177,-0.130748,1,satellite_51.503968_-0.130608.png,-249.6,104.1,True,270.43847729197114
pano_695,51.504177,-0.130748,2,satellite_51.504503_-0.130608.png,389.4,104.1,False,403.07464569233326
pano_695,51.504177,-0.130748,3,satellite_51.503968_-0.131467.png,-249.6,-534.6,False,589.997728809188
pano_695,51.504177,-0.130748,4,satellite_51.504503_-0.131467.png,389.4,-534.6,False,661.3845477481311
pano_696,51.50423,-0.130869,1,satellite_51.503968_-0.130608.png,-313.0,194.1,True,368.2985338010457
pano_696,51.50423,-0.130869,2,satellite_51.504503_-0.130608.png,326.1,194.1,False,379.4944268365479
pano_696,51.50423,-0.130869,3,satellite_51.503968_-0.131467.png,-313.0,-444.6,False,543.7261810875029
pano_696,51.50423,-0.130869,4,satellite_51.504503_-0.131467.png,326.1,-444.6,False,551.3713539893055
pano_697,51.504237,-0.130779,1,satellite_51.504503_-0.130608.png,317.7,127.1,True,342.18080016272097
pano_697,51.504237,-0.130779,2,satellite_51.503968_-0.130608.png,-321.3,127.1,False,345.5258311617237
pano_697,51.504237,-0.130779,3,satellite_51.504503_-0.131467.png,317.7,-511.5,False,602.1341544871873
pano_697,51.504237,-0.130779,4,satellite_51.503968_-0.131467.png,-321.3,-511.5,False,604.0413396448955
pano_698,51.504662,-0.129759,1,satellite_51.504503_-0.129750.png,-189.9,6.7,True,190.01815702716414
pano_698,51.504662,-0.129759,2,satellite_51.505037_-0.129750.png,447.9,6.7,False,447.95010882909713
pano_698,51.504662,-0.129759,3,satellite_51.504503_-0.130608.png,-189.9,-631.2,False,659.1475176316756
pano_698,51.504662,-0.129759,4,satellite_51.504503_-0.128892.png,-189.9,644.6,False,671.9904538012427
pano_699,51.504697,-0.129787,1,satellite_51.504503_-0.129750.png,-231.7,27.5,True,233.3262522735065
pano_699,51.504697,-0.129787,2,satellite_51.505037_-0.129750.png,406.1,27.5,False,407.03004803085486
pano_699,51.504697,-0.129787,3,satellite_51.504503_-0.130608.png,-231.7,-610.4,False,652.8958952237332
pano_699,51.504697,-0.129787,4,satellite_51.504503_-0.128892.png,-231.7,665.4,False,704.5864389838907
pano_7,51.50799,-0.126498,1,satellite_51.508242_-0.126317.png,301.0,134.6,True,329.7243697393324
pano_7,51.50799,-0.126498,2,satellite_51.507708_-0.126317.png,-336.9,134.6,False,362.7930126118749
pano_7,51.50799,-0.126498,3,satellite_51.508242_-0.127175.png,301.0,-503.4,False,586.5258391580034
pano_7,51.50799,-0.126498,4,satellite_51.507708_-0.127175.png,-336.9,-503.4,False,605.7335800498433
pano_70,51.5079,-0.131222,1,satellite_51.507708_-0.131467.png,-229.4,-182.2,True,292.9525558857611
pano_70,51.5079,-0.131222,2,satellite_51.508242_-0.131467.png,408.5,-182.2,False,447.2908337983241
pano_70,51.5079,-0.131222,3,satellite_51.507708_-0.130608.png,-229.4,456.5,False,510.89784693224146
pano_70,51.5079,-0.131222,4,satellite_51.508242_-0.130608.png,408.5,456.5,False,612.5883609733374
pano_700,51.504141,-0.131022,1,satellite_51.503968_-0.130608.png,-206.6,307.8,True,370.7079713197438
pano_700,51.504141,-0.131022,2,satellite_51.503968_-0.131467.png,-206.6,-330.9,False,390.1004614198758
pano_700,51.504141,-0.131022,3,satellite_51.504503_-0.130608.png,432.4,307.8,False,530.7641660850891
pano_700,51.504141,-0.131022,4,satellite_51.504503_-0.131467.png,432.4,-330.9,False,544.4856012788584
pano_701,51.504148,-0.130831,1,satellite_51.503968_-0.130608.png,-215.0,165.8,True,271.50440143761944
pano_701,51.504148,-0.130831,2,satellite_51.504503_-0.130608.png,424.0,165.8,False,455.26436276080295
pano_701,51.504148,-0.130831,3,satellite_51.503968_-0.131467.png,-215.0,-472.9,False,519.4799418649386
pano_701,51.504148,-0.130831,4,satellite_51.504503_-0.131467.png,424.0,-472.9,False,635.1459753473999
pano_702,51.504155,-0.13095,1,satellite_51.503968_-0.130608.png,-223.4,254.3,True,338.49084182589047
pano_702,51.504155,-0.13095,2,satellite_51.503968_-0.131467.png,-223.4,-384.4,False,444.60197930283664
pano_702,51.504155,-0.13095,3,satellite_51.504503_-0.130608.png,415.7,254.3,False,487.3140465859772
pano_702,51.504155,-0.13095,4,satellite_51.504503_-0.131467.png,415.7,-384.4,False,566.1888819113282
pano_703,51.504155,-0.130895,1,satellite_51.503968_-0.130608.png,-223.4,213.4,True,308.94517312947295
pano_703,51.504155,-0.130895,2,satellite_51.504503_-0.130608.png,415.7,213.4,False,467.27513308542325
pano_703,51.504155,-0.130895,3,satellite_51.503968_-0.131467.png,-223.4,-425.3,False,480.40363237594283
pano_703,51.504155,-0.130895,4,satellite_51.504503_-0.131467.png,415.7,-425.3,False,594.7155454500917
pano_704,51.504157,-0.130795,1,satellite_51.503968_-0.130608.png,-225.8,139.0,True,265.1539929927513
pano_704,51.504157,-0.130795,2,satellite_51.504503_-0.130608.png,413.3,139.0,False,436.0480363446211
pano_704,51.504157,-0.130795,3,satellite_51.503968_-0.131467.png,-225.8,-499.6,False,548.2570564981357
pano_704,51.504157,-0.130795,4,satellite_51.504503_-0.131467.png,413.3,-499.6,False,648.3957510656589
pano_705,51.503307,-0.132256,1,satellite_51.503434_-0.132325.png,151.7,-51.3,True,160.1392519028361
pano_705,51.503307,-0.132256,2,satellite_51.502900_-0.132325.png,-486.1,-51.3,False,488.7994476265292
pano_705,51.503307,-0.132256,3,satellite_51.503434_-0.131467.png,151.7,586.6,False,605.8980524807783
pano_705,51.503307,-0.132256,4,satellite_51.503434_-0.133183.png,151.7,-689.2,False,705.6979027884382
pano_706,51.503368,-0.132091,1,satellite_51.503434_-0.132325.png,78.8,-174.0,True,191.01162268301894
pano_706,51.503368,-0.132091,2,satellite_51.503434_-0.131467.png,78.8,464.0,False,470.643644385006
pano_706,51.503368,-0.132091,3,satellite_51.502900_-0.132325.png,-559.0,-174.0,False,585.4545242800674
pano_706,51.503368,-0.132091,4,satellite_51.502900_-0.131467.png,-559.0,464.0,False,726.4826219532026
pano_707,51.503453,-0.13191,1,satellite_51.503434_-0.132325.png,-22.7,-308.6,True,309.4337570466416
pano_707,51.503453,-0.13191,2,satellite_51.503434_-0.131467.png,-22.7,329.4,False,330.1812381102233
pano_707,51.503453,-0.13191,3,satellite_51.503968_-0.132325.png,615.1,-308.6,False,688.1729215829406
pano_707,51.503453,-0.13191,4,satellite_51.503968_-0.131467.png,615.1,329.4,False,697.7480705813524
pano_708,51.503496,-0.131802,1,satellite_51.503434_-0.131467.png,-74.1,249.1,True,259.8877065195659
pano_708,51.503496,-0.131802,2,satellite_51.503434_-0.132325.png,-74.1,-388.9,False,395.89647636724425
pano_708,51.503496,-0.131802,3,satellite_51.503968_-0.131467.png,563.8,249.1,False,616.3775223026875
pano_708,51.503496,-0.131802,4,satellite_51.503968_-0.132325.png,563.8,-388.9,False,684.9187178052589
pano_709,51.503523,-0.131822,1,satellite_51.503434_-0.131467.png,-106.3,263.9,True,284.50465725537777
pano_709,51.503523,-0.131822,2,satellite_51.503434_-0.132325.png,-106.3,-374.0,False,388.81318136092045
pano_709,51.503523,-0.131822,3,satellite_51.503968_-0.131467.png,531.5,263.9,False,593.4100268785488
pano_709,51.503523,-0.131822,4,satellite_51.503968_-0.132325.png,531.5,-374.0,False,649.8986459441195
pano_71,51.508339,-0.130626,1,satellite_51.508242_-0.130608.png,-115.9,13.4,True,116.67206178001656
pano_71,51.508339,-0.130626,2,satellite_51.508776_-0.130608.png,522.0,13.4,False,522.171964011857
pano_71,51.508339,-0.130626,3,satellite_51.508242_-0.131467.png,-115.9,-625.3,False,635.9503911469824
pano_71,51.508339,-0.130626,4,satellite_51.508242_-0.129750.png,-115.9,651.3,False,661.5319342254007
pano_710,51.503547,-0.131821,1,satellite_51.503434_-0.131467.png,-135.0,263.2,True,295.8027045177241
pano_710,51.503547,-0.131821,2,satellite_51.503434_-0.132325.png,-135.0,-374.7,False,398.27765440707316
pano_710,51.503547,-0.131821,3,satellite_51.503968_-0.131467.png,502.9,263.2,False,567.611354713769
pano_710,51.503547,-0.131821,4,satellite_51.503968_-0.132325.png,502.9,-374.7,False,627.1431256100955
pano_711,51.503579,-0.131791,1,satellite_51.503434_-0.131467.png,-173.2,240.9,True,296.700269632503
pano_711,51.503579,-0.131791,2,satellite_51.503434_-0.132325.png,-173.2,-397.0,False,433.13651427696556
pano_711,51.503579,-0.131791,3,satellite_51.503968_-0.131467.png,464.6,240.9,False,523.3411602387108
pano_711,51.503579,-0.131791,4,satellite_51.503968_-0.132325.png,464.6,-397.0,False,611.1155046306712
pano_712,51.503693,-0.131649,1,satellite_51.503434_-0.131467.png,-309.4,135.3,True,337.68987251618904
pano_712,51.503693,-0.131649,2,satellite_51.503968_-0.131467.png,328.5,135.3,False,355.27220549882594
pano_712,51.503693,-0.131649,3,satellite_51.503434_-0.132325.png,-309.4,-502.6,False,590.1992206026707
pano_712,51.503693,-0.131649,4,satellite_51.503968_-0.132325.png,328.5,-502.6,False,600.432352559387
pano_713,51.503771,-0.131557,1,satellite_51.503968_-0.131467.png,235.3,66.9,True,244.6256323446094
pano_713,51.503771,-0.131557,2,satellite_51.503434_-0.131467.png,-402.5,66.9,False,408.02188666786003
pano_713,51.503771,-0.131557,3,satellite_51.503968_-0.132325.png,235.3,-571.0,False,617.5816464241793
pano_713,51.503771,-0.131557,4,satellite_51.503434_-0.132325.png,-402.5,-571.0,False,698.6037861334563
pano_714,51.50383,-0.131484,1,satellite_51.503968_-0.131467.png,164.8,12.6,True,165.28097289161872
pano_714,51.50383,-0.131484,2,satellite_51.503434_-0.131467.png,-473.0,12.6,False,473.16779264865437
pano_714,51.50383,-0.131484,3,satellite_51.503968_-0.132325.png,164.8,-625.3,False,646.6522481210437
pano_714,51.50383,-0.131484,4,satellite_51.503968_-0.130608.png,164.8,651.3,False,671.8264135920825
pano_715,51.503929,-0.131386,1,satellite_51.503968_-0.131467.png,46.6,-60.2,True,76.12883816268314
pano_715,51.503929,-0.131386,2,satellite_51.503968_-0.130608.png,46.6,578.5,False,580.3738536495248
pano_715,51.503929,-0.131386,3,satellite_51.503434_-0.131467.png,-591.3,-60.2,False,594.3565680633133
pano_715,51.503929,-0.131386,4,satellite_51.504503_-0.131467.png,685.6,-60.2,False,688.2378949171573
pano_716,51.504015,-0.131295,1,satellite_51.503968_-0.131467.png,-56.1,-127.9,True,139.66252181598327
pano_716,51.504015,-0.131295,2,satellite_51.503968_-0.130608.png,-56.1,510.8,False,513.8714333371724
pano_716,51.504015,-0.131295,3,satellite_51.504503_-0.131467.png,582.9,-127.9,False,596.7669729467273
pano_716,51.504015,-0.131295,4,satellite_51.503434_-0.131467.png,-694.0,-127.9,False,705.6871899078232
pano_717,51.504067,-0.131209,1,satellite_51.503968_-0.131467.png,-118.3,-191.8,True,225.3489072527311
pano_717,51.504067,-0.131209,2,satellite_51.503968_-0.130608.png,-118.3,446.9,False,462.29265622546933
pano_717,51.504067,-0.131209,3,satellite_51.504503_-0.131467.png,520.8,-191.8,False,554.9953873682194
pano_717,51.504067,-0.131209,4,satellite_51.504503_-0.130608.png,520.8,446.9,False,686.2596083116067
pano_718,51.504108,-0.131118,1,satellite_51.503968_-0.131467.png,-167.2,-259.5,True,308.70064787751903
pano_718,51.504108,-0.131118,2,satellite_51.503968_-0.130608.png,-167.2,379.2,False,414.4254818420315
pano_718,51.504108,-0.131118,3,satellite_51.504503_-0.131467.png,471.8,-259.5,False,538.4565813508086
pano_718,51.504108,-0.131118,4,satellite_51.504503_-0.130608.png,471.8,379.2,False,605.2998265322732
pano_719,51.504217,-0.130971,1,satellite_51.503968_-0.130608.png,-297.4,269.9,True,401.61271145221485
pano_719,51.504217,-0.130971,2,satellite_51.504503_-0.130608.png,341.6,269.9,False,435.35797913900694
pano_719,51.504217,-0.130971,3,satellite_51.503968_-0.131467.png,-297.4,-368.8,False,473.77230818189446
pano_719,51.504217,-0.130971,4,satellite_51.504503_-0.131467.png,341.6,-368.8,False,502.69672765992823
pano_72,51.508838,-0.131044,1,satellite_51.508776_-0.131467.png,-74.1,-314.5,True,323.1115287327272
pano_72,51.508838,-0.131044,2,satellite_51.508776_-0.130608.png,-74.1,324.2,False,332.560445633572
pano_72,51.508838,-0.131044,3,satellite_51.509311_-0.131467.png,565.0,-314.5,False,646.6337835282038
pano_72,51.508838,-0.131044,4,satellite_51.509311_-0.130608.png,565.0,324.2,False,651.4066625388475
pano_720,51.50422,-0.130987,1,satellite_51.503968_-0.130608.png,-301.0,281.8,True,412.32540547485064
pano_720,51.50422,-0.130987,2,satellite_51.504503_-0.130608.png,338.0,281.8,False,440.0627682501668
pano_720,51.50422,-0.130987,3,satellite_51.503968_-0.131467.png,-301.0,-356.9,False,466.8817944619387
pano_720,51.50422,-0.130987,4,satellite_51.504503_-0.131467.png,338.0,-356.9,False,491.5502110669875
pano_721,51.50423,-0.130993,1,satellite_51.503968_-0.130608.png,-313.0,286.3,True,424.18945059961123
pano_721,51.50423,-0.130993,2,satellite_51.504503_-0.130608.png,326.1,286.3,False,433.9457339345555
pano_721,51.50423,-0.130993,3,satellite_51.503968_-0.131467.png,-313.0,-352.4,False,471.3329608673681
pano_721,51.50423,-0.130993,4,satellite_51.504503_-0.131467.png,326.1,-352.4,False,480.1322422000006
pano_722,51.504275,-0.130979,1,satellite_51.504503_-0.130608.png,272.3,275.8,True,387.5731285834971
pano_722,51.504275,-0.130979,2,satellite_51.504503_-0.131467.png,272.3,-362.8,False,453.6200282174499
pano_722,51.504275,-0.130979,3,satellite_51.503968_-0.130608.png,-366.7,275.8,False,458.84041888220787
pano_722,51.504275,-0.130979,4,satellite_51.503968_-0.131467.png,-366.7,-362.8,False,515.8417683747605
pano_723,51.504347,-0.130966,1,satellite_51.504503_-0.130608.png,186.3,266.2,True,324.91557364952513
pano_723,51.504347,-0.130966,2,satellite_51.504503_-0.131467.png,186.3,-372.5,False,416.4900238901287
pano_723,51.504347,-0.130966,3,satellite_51.503968_-0.130608.png,-452.7,266.2,False,525.166383158709
pano_723,51.504347,-0.130966,4,satellite_51.503968_-0.131467.png,-452.7,-372.5,False,586.2538187508889
pano_724,51.504408,-0.130969,1,satellite_51.504503_-0.130608.png,113.5,268.4,True,291.4117533662635
pano_724,51.504408,-0.130969,2,satellite_51.504503_-0.131467.png,113.5,-370.3,False,387.30393749612205
pano_724,51.504408,-0.130969,3,satellite_51.503968_-0.130608.png,-525.6,268.4,False,590.1643161018802
pano_724,51.504408,-0.130969,4,satellite_51.503968_-0.131467.png,-525.6,-370.3,False,642.9443599565984
pano_725,51.504557,-0.130995,1,satellite_51.504503_-0.130608.png,-64.5,287.7,True,294.8415506674729
pano_725,51.504557,-0.130995,2,satellite_51.504503_-0.131467.png,-64.5,-350.9,False,356.77872694430647
pano_725,51.504557,-0.130995,3,satellite_51.505037_-0.130608.png,573.4,287.7,False,641.5285262558477
pano_725,51.504557,-0.130995,4,satellite_51.505037_-0.131467.png,573.4,-350.9,False,672.2487411665417
pano_726,51.50405,-0.131511,1,satellite_51.503968_-0.131467.png,-97.9,32.7,True,103.21676220459544
pano_726,51.50405,-0.131511,2,satellite_51.504503_-0.131467.png,541.1,32.7,False,542.0871701119664
pano_726,51.50405,-0.131511,3,satellite_51.503968_-0.132325.png,-97.9,-605.2,False,613.067247534885
pano_726,51.50405,-0.131511,4,satellite_51.503968_-0.130608.png,-97.9,671.4,False,678.5000884303553
pano_727,51.504078,-0.131385,1,satellite_51.503968_-0.131467.png,-131.4,-61.0,True,144.8687682007409
pano_727,51.504078,-0.131385,2,satellite_51.504503_-0.131467.png,507.7,-61.0,False,511.35143492514027
pano_727,51.504078,-0.131385,3,satellite_51.503968_-0.130608.png,-131.4,577.7,False,592.4552725733818
pano_727,51.504078,-0.131385,4,satellite_51.503968_-0.132325.png,-131.4,-698.9,False,711.1449711556709
pano_728,51.504082,-0.131362,1,satellite_51.503968_-0.131467.png,-136.2,-78.1,True,157.0033439134339
pano_728,51.504082,-0.131362,2,satellite_51.504503_-0.131467.png,502.9,-78.1,False,508.92830536333895
pano_728,51.504082,-0.131362,3,satellite_51.503968_-0.130608.png,-136.2,560.6,False,576.9079649302824
pano_728,51.504082,-0.131362,4,satellite_51.503968_-0.132325.png,-136.2,-716.0,False,728.8391043296182
pano_729,51.504083,-0.131422,1,satellite_51.503968_-0.131467.png,-137.4,-33.5,True,141.42492708147316
pano_729,51.504083,-0.131422,2,satellite_51.504503_-0.131467.png,501.7,-33.5,False,502.8172033651991
pano_729,51.504083,-0.131422,3,satellite_51.503968_-0.130608.png,-137.4,605.2,False,620.6011601664953
pano_729,51.504083,-0.131422,4,satellite_51.503968_-0.132325.png,-137.4,-671.4,False,685.3150516368365
pano_73,51.510742,-0.126945,1,satellite_51.510913_-0.127175.png,204.3,-171.0,True,266.41976278046644
pano_73,51.510742,-0.126945,2,satellite_51.510379_-0.127175.png,-433.7,-171.0,False,466.1938330780449
pano_73,51.510742,-0.126945,3,satellite_51.510913_-0.126317.png,204.3,466.9,False,509.6411482602244
pano_73,51.510742,-0.126945,4,satellite_51.510379_-0.126317.png,-433.7,466.9,False,637.2529325158104
pano_730,51.504096,-0.131337,1,satellite_51.503968_-0.131467.png,-152.9,-96.7,True,180.91240974571093
pano_730,51.504096,-0.131337,2,satellite_51.504503_-0.131467.png,486.2,-96.7,False,495.7230375925654
pano_730,51.504096,-0.131337,3,satellite_51.503968_-0.130608.png,-152.9,542.0,False,563.1539842707322
pano_730,51.504096,-0.131337,4,satellite_51.504503_-0.130608.png,486.2,542.0,False,728.1170510295717
pano_731,51.504137,-0.131242,1,satellite_51.503968_-0.131467.png,-201.9,-167.3,True,262.2077420672395
pano_731,51.504137,-0.131242,2,satellite_51.504503_-0.131467.png,437.2,-167.3,False,468.1165773608108
pano_731,51.504137,-0.131242,3,satellite_51.503968_-0.130608.png,-201.9,471.4,False,512.8172871501116
pano_731,51.504137,-0.131242,4,satellite_51.504503_-0.130608.png,437.2,471.4,False,642.9321892703771
pano_732,51.504182,-0.131123,1,satellite_51.503968_-0.131467.png,-255.6,-255.8,True,361.61443555256477
pano_732,51.504182,-0.131123,2,satellite_51.503968_-0.130608.png,-255.6,382.9,False,460.3735114013403
pano_732,51.504182,-0.131123,3,satellite_51.504503_-0.131467.png,383.4,-255.8,False,460.9004230850738
pano_732,51.504182,-0.131123,4,satellite_51.504503_-0.130608.png,383.4,382.9,False,541.8560417675528
pano_733,51.504213,-0.131079,1,satellite_51.503968_-0.131467.png,-292.6,-288.5,True,410.90997797571185
pano_733,51.504213,-0.131079,2,satellite_51.504503_-0.131467.png,346.4,-288.5,False,450.80506873814096
pano_733,51.504213,-0.131079,3,satellite_51.503968_-0.130608.png,-292.6,350.2,False,456.34942752237566
pano_733,51.504213,-0.131079,4,satellite_51.504503_-0.130608.png,346.4,350.2,False,492.5779126189074
pano_734,51.504247,-0.131063,1,satellite_51.504503_-0.131467.png,305.8,-300.4,True,428.6651373741513
pano_734,51.504247,-0.131063,2,satellite_51.503968_-0.131467.png,-333.3,-300.4,False,448.6970581583971
pano_734,51.504247,-0.131063,3,satellite_51.504503_-0.130608.png,305.8,338.3,False,456.02689613662045
pano_734,51.504247,-0.131063,4,satellite_51.503968_-0.130608.png,-333.3,338.3,False,474.9060749242949
pano_735,51.504316,-0.131047,1,satellite_51.504503_-0.131467.png,223.4,-312.3,True,383.9776686214968
pano_735,51.504316,-0.131047,2,satellite_51.504503_-0.130608.png,223.4,326.4,False,395.530681490071
pano_735,51.504316,-0.131047,3,satellite_51.503968_-0.131467.png,-415.7,-312.3,False,519.9401696349302
pano_735,51.504316,-0.131047,4,satellite_51.503968_-0.130608.png,-415.7,326.4,False,528.5295166781133
pano_736,51.504392,-0.13104,1,satellite_51.504503_-0.131467.png,132.6,-317.5,True,344.07704079173897
pano_736,51.504392,-0.13104,2,satellite_51.504503_-0.130608.png,132.6,321.2,False,347.4941726130094
pano_736,51.504392,-0.13104,3,satellite_51.503968_-0.131467.png,-506.5,-317.5,False,597.7863330655863
pano_736,51.504392,-0.13104,4,satellite_51.503968_-0.130608.png,-506.5,321.2,False,599.759693544006
pano_737,51.504501,-0.131053,1,satellite_51.504503_-0.131467.png,2.4,-307.8,True,307.8093565829343
pano_737,51.504501,-0.131053,2,satellite_51.504503_-0.130608.png,2.4,330.9,False,330.9087034213515
pano_737,51.504501,-0.131053,3,satellite_51.503968_-0.131467.png,-636.7,-307.8,False,707.1970941682383
pano_737,51.504501,-0.131053,4,satellite_51.505037_-0.131467.png,640.2,-307.8,False,710.3498293094749
pano_738,51.503257,-0.132415,1,satellite_51.503434_-0.132325.png,211.4,66.9,True,221.7331053316126
pano_738,51.503257,-0.132415,2,satellite_51.502900_-0.132325.png,-426.4,66.9,False,431.6162300006801
pano_738,51.503257,-0.132415,3,satellite_51.503434_-0.133183.png,211.4,-571.0,False,608.876801988711
pano_738,51.503257,-0.132415,4,satellite_51.502900_-0.133183.png,-426.4,-571.0,False,712.6415368191781
pano_739,51.503301,-0.133969,1,satellite_51.503434_-0.134042.png,158.9,-54.3,True,167.92170794748367
pano_739,51.503301,-0.133969,2,satellite_51.502900_-0.134042.png,-479.0,-54.3,False,482.0679308977107
pano_739,51.503301,-0.133969,3,satellite_51.503434_-0.133183.png,158.9,584.4,False,605.6175113056095
pano_739,51.503301,-0.133969,4,satellite_51.503434_-0.134900.png,158.9,-692.2,False,710.204231189874
pano_74,51.505719,-0.131169,1,satellite_51.505571_-0.131467.png,-176.8,-221.6,True,283.48686036569666
pano_74,51.505719,-0.131169,2,satellite_51.505571_-0.130608.png,-176.8,417.1,False,453.02389561699727
pano_74,51.505719,-0.131169,3,satellite_51.506105_-0.131467.png,461.1,-221.6,False,511.58554514372275
pano_74,51.505719,-0.131169,4,satellite_51.506105_-0.130608.png,461.1,417.1,False,621.7600984302547
pano_740,51.503303,-0.132478,1,satellite_51.503434_-0.132325.png,156.5,113.8,True,193.50113694756422
pano_740,51.503303,-0.132478,2,satellite_51.502900_-0.132325.png,-481.4,113.8,False,494.66796945021616
pano_740,51.503303,-0.132478,3,satellite_51.503434_-0.133183.png,156.5,-524.2,False,547.0629671253575
pano_740,51.503303,-0.132478,4,satellite_51.502900_-0.133183.png,-481.4,-524.2,False,711.7103343355357
pano_741,51.503337,-0.132428,1,satellite_51.503434_-0.132325.png,115.9,76.6,True,138.9257715472547
pano_741,51.503337,-0.132428,2,satellite_51.502900_-0.132325.png,-522.0,76.6,False,527.5903334974969
pano_741,51.503337,-0.132428,3,satellite_51.503434_-0.133183.png,115.9,-561.4,False,573.2388420196245
pano_741,51.503337,-0.132428,4,satellite_51.503434_-0.131467.png,115.9,714.5,False,723.8391119578991
pano_742,51.503354,-0.13241,1,satellite_51.503434_-0.132325.png,95.6,63.2,True,114.60191970468907
pano_742,51.503354,-0.13241,2,satellite_51.502900_-0.132325.png,-542.3,63.2,False,545.9702647580726
pano_742,51.503354,-0.13241,3,satellite_51.503434_-0.133183.png,95.6,-574.7,False,582.5971592790339
pano_742,51.503354,-0.13241,4,satellite_51.503434_-0.131467.png,95.6,701.1,False,707.587853202696
pano_743,51.503383,-0.132394,1,satellite_51.503434_-0.132325.png,60.9,51.3,True,79.62725663992198
pano_743,51.503383,-0.132394,2,satellite_51.502900_-0.132325.png,-576.9,51.3,False,579.1763979997803
pano_743,51.503383,-0.132394,3,satellite_51.503434_-0.133183.png,60.9,-586.6,False,589.7528041476361
pano_743,51.503383,-0.132394,4,satellite_51.503434_-0.131467.png,60.9,689.2,False,691.8854312673451
pano_744,51.503408,-0.132383,1,satellite_51.503434_-0.132325.png,31.1,43.1,True,53.149035739136416
pano_744,51.503408,-0.132383,2,satellite_51.503434_-0.133183.png,31.1,-594.8,False,595.6124998688325
pano_744,51.503408,-0.132383,3,satellite_51.502900_-0.132325.png,-606.8,43.1,False,608.3287351424392
pano_744,51.503408,-0.132383,4,satellite_51.503968_-0.132325.png,668.9,43.1,False,670.2871175846959
pano_745,51.503883,-0.133153,1,satellite_51.503968_-0.133183.png,101.5,-22.3,True,103.92083525453401
pano_745,51.503883,-0.133153,2,satellite_51.503434_-0.133183.png,-536.3,-22.3,False,536.7634301999345
pano_745,51.503883,-0.133153,3,satellite_51.503968_-0.132325.png,101.5,615.6,False,623.9115402042183
pano_745,51.503883,-0.133153,4,satellite_51.503968_-0.134042.png,101.5,-661.0,False,668.7475233599
pano_746,51.503997,-0.132992,1,satellite_51.503968_-0.133183.png,-34.6,-142.0,True,146.1545757066812
pano_746,51.503997,-0.132992,2,satellite_51.503968_-0.132325.png,-34.6,495.9,False,497.1055924046721
pano_746,51.503997,-0.132992,3,satellite_51.504503_-0.133183.png,604.4,-142.0,False,620.8569561501264
pano_746,51.503997,-0.132992,4,satellite_51.503434_-0.133183.png,-672.5,-142.0,False,687.3283422062559
pano_747,51.503282,-0.132449,1,satellite_51.503434_-0.132325.png,181.6,92.2,True,203.66492088722595
pano_747,51.503282,-0.132449,2,satellite_51.502900_-0.132325.png,-456.3,92.2,False,465.52178251935754
pano_747,51.503282,-0.132449,3,satellite_51.503434_-0.133183.png,181.6,-545.7,False,575.1235084744842
pano_747,51.503282,-0.132449,4,satellite_51.502900_-0.133183.png,-456.3,-545.7,False,711.3354904684569
pano_748,51.503381,-0.132288,1,satellite_51.503434_-0.132325.png,63.3,-27.5,True,69.01550550419812
pano_748,51.503381,-0.132288,2,satellite_51.502900_-0.132325.png,-574.5,-27.5,False,575.1578044328356
pano_748,51.503381,-0.132288,3,satellite_51.503434_-0.131467.png,63.3,610.4,False,613.6734066260326
pano_748,51.503381,-0.132288,4,satellite_51.503434_-0.133183.png,63.3,-665.4,False,668.4041068096454
pano_749,51.50339,-0.132251,1,satellite_51.503434_-0.132325.png,52.6,-55.0,True,76.10361358043389
pano_749,51.50339,-0.132251,2,satellite_51.503434_-0.131467.png,52.6,582.9,False,585.2684597686774
pano_749,51.50339,-0.132251,3,satellite_51.502900_-0.132325.png,-585.3,-55.0,False,587.878465331058
pano_749,51.50339,-0.132251,4,satellite_51.503968_-0.132325.png,690.4,-55.0,False,692.5872941369918
pano_75,51.507064,-0.129959,1,satellite_51.507174_-0.129750.png,131.4,155.4,True,203.50705147488134
pano_75,51.507064,-0.129959,2,satellite_51.507174_-0.130608.png,131.4,-482.5,False,500.07220478646883
pano_75,51.507064,-0.129959,3,satellite_51.506640_-0.129750.png,-506.5,155.4,False,529.8031804359049
pano_75,51.507064,-0.129959,4,satellite_51.506640_-0.130608.png,-506.5,-482.5,False,699.5344880704596
pano_750,51.50339,-0.132308,1,satellite_51.503434_-0.132325.png,52.6,-12.6,True,54.08807632001715
pano_750,51.50339,-0.132308,2,satellite_51.502900_-0.132325.png,-585.3,-12.6,False,585.4356070482901
pano_750,51.50339,-0.132308,3,satellite_51.503434_-0.131467.png,52.6,625.3,False,627.5084461582967
pano_750,51.50339,-0.132308,4,satellite_51.503434_-0.133183.png,52.6,-650.6,False,652.722850833338
pano_751,51.503411,-0.132324,1,satellite_51.503434_-0.132325.png,27.5,-0.7,True,27.508907648250958
pano_751,51.503411,-0.132324,2,satellite_51.502900_-0.132325.png,-610.4,-0.7,False,610.4004013760148
pano_751,51.503411,-0.132324,3,satellite_51.503434_-0.131467.png,27.5,637.2,False,637.7931404460227
pano_751,51.503411,-0.132324,4,satellite_51.503434_-0.133183.png,27.5,-638.7,False,639.2917487344882
pano_752,51.503454,-0.132118,1,satellite_51.503434_-0.132325.png,-23.9,-153.9,True,155.74472703754694
pano_752,51.503454,-0.132118,2,satellite_51.503434_-0.131467.png,-23.9,484.0,False,484.5897336923266
pano_752,51.503454,-0.132118,3,satellite_51.503968_-0.132325.png,614.0,-153.9,False,632.993846731546
pano_752,51.503454,-0.132118,4,satellite_51.502900_-0.132325.png,-661.7,-153.9,False,679.3615385050879
pano_753,51.503456,-0.132323,1,satellite_51.503434_-0.132325.png,-26.3,-1.5,True,26.34274093559742
pano_753,51.503456,-0.132323,2,satellite_51.503968_-0.132325.png,611.6,-1.5,False,611.6018394347748
pano_753,51.503456,-0.132323,3,satellite_51.503434_-0.131467.png,-26.3,636.4,False,636.9432078293951
pano_753,51.503456,-0.132323,4,satellite_51.503434_-0.133183.png,-26.3,-639.4,False,639.9406613116563
pano_754,51.50346,-0.132374,1,satellite_51.503434_-0.132325.png,-31.1,36.4,True,47.8766122443934
pano_754,51.50346,-0.132374,2,satellite_51.503434_-0.133183.png,-31.1,-601.5,False,602.3034617200867
pano_754,51.50346,-0.132374,3,satellite_51.503968_-0.132325.png,606.8,36.4,False,607.8907796635839
pano_754,51.50346,-0.132374,4,satellite_51.502900_-0.132325.png,-668.9,36.4,False,669.8896700203699
pano_755,51.503489,-0.132302,1,satellite_51.503434_-0.132325.png,-65.7,-17.1,True,67.888879796326
pano_755,51.503489,-0.132302,2,satellite_51.503968_-0.132325.png,572.1,-17.1,False,572.355501414986
pano_755,51.503489,-0.132302,3,satellite_51.503434_-0.131467.png,-65.7,620.8,False,624.2668740210391
pano_755,51.503489,-0.132302,4,satellite_51.503434_-0.133183.png,-65.7,-655.0,False,658.2867840083074
pano_756,51.503497,-0.132353,1,satellite_51.503434_-0.132325.png,-75.3,20.8,True,78.11997183819257
pano_756,51.503497,-0.132353,2,satellite_51.503968_-0.132325.png,562.6,20.8,False,562.9843692323971
pano_756,51.503497,-0.132353,3,satellite_51.503434_-0.133183.png,-75.3,-617.1,False,621.6771670248153
pano_756,51.503497,-0.132353,4,satellite_51.503434_-0.131467.png,-75.3,658.8,False,663.0893831151272
pano_757,51.503517,-0.132266,1,satellite_51.503434_-0.132325.png,-99.1,-43.9,True,108.38828349964768
pano_757,51.503517,-0.132266,2,satellite_51.503968_-0.132325.png,538.7,-43.9,False,540.4857999984829
pano_757,51.503517,-0.132266,3,satellite_51.503434_-0.131467.png,-99.1,594.1,False,602.3085753996867
pano_757,51.503517,-0.132266,4,satellite_51.503434_-0.133183.png,-99.1,-681.8,False,688.9644765878717
pano_758,51.50353,-0.13232,1,satellite_51.503434_-0.132325.png,-114.7,-3.7,True,114.7596619026041
pano_758,51.50353,-0.13232,2,satellite_51.503968_-0.132325.png,523.2,-3.7,False,523.2130827875006
pano_758,51.50353,-0.13232,3,satellite_51.503434_-0.131467.png,-114.7,634.2,False,644.4887353553978
pano_758,51.50353,-0.13232,4,satellite_51.503434_-0.133183.png,-114.7,-641.7,False,651.8703705492374
pano_759,51.503557,-0.131941,1,satellite_51.503434_-0.132325.png,-146.9,-285.5,True,321.0760968991619
pano_759,51.503557,-0.131941,2,satellite_51.503434_-0.131467.png,-146.9,352.4,False,381.79231265178714
pano_759,51.503557,-0.131941,3,satellite_51.503968_-0.132325.png,490.9,-285.5,False,567.8847242178645
pano_759,51.503557,-0.131941,4,satellite_51.503968_-0.131467.png,490.9,352.4,False,604.2917921004719
pano_76,51.50683,-0.129718,1,satellite_51.506640_-0.129750.png,-227.0,-23.8,True,228.24425513033182
pano_76,51.50683,-0.129718,2,satellite_51.507174_-0.129750.png,410.9,-23.8,False,411.58869032081043
pano_76,51.50683,-0.129718,3,satellite_51.506640_-0.128892.png,-227.0,614.1,False,654.7120053886289
pano_76,51.50683,-0.129718,4,satellite_51.506640_-0.130608.png,-227.0,-661.7,False,699.554065101476
pano_760,51.503563,-0.13221,1,satellite_51.503434_-0.132325.png,-154.1,-85.5,True,176.23013363213454
pano_760,51.503563,-0.13221,2,satellite_51.503968_-0.132325.png,483.8,-85.5,False,491.29694686614937
pano_760,51.503563,-0.13221,3,satellite_51.503434_-0.131467.png,-154.1,552.4,False,573.4915605307544
pano_760,51.503563,-0.13221,4,satellite_51.503968_-0.131467.png,483.8,552.4,False,734.3079735369895
pano_761,51.503585,-0.13224,1,satellite_51.503434_-0.132325.png,-180.4,-63.2,True,191.1502027202692
pano_761,51.503585,-0.13224,2,satellite_51.503968_-0.132325.png,457.5,-63.2,False,461.8446600319203
pano_761,51.503585,-0.13224,3,satellite_51.503434_-0.131467.png,-180.4,574.7,False,602.3489437195022
pano_761,51.503585,-0.13224,4,satellite_51.503434_-0.133183.png,-180.4,-701.1,False,723.9374075153183
pano_762,51.503682,-0.131954,1,satellite_51.503434_-0.132325.png,-296.2,-275.8,True,404.7222257301914
pano_762,51.503682,-0.131954,2,satellite_51.503968_-0.132325.png,341.6,-275.8,False,439.0400892857052
pano_762,51.503682,-0.131954,3,satellite_51.503434_-0.131467.png,-296.2,362.1,False,467.8149741083541
pano_762,51.503682,-0.131954,4,satellite_51.503968_-0.131467.png,341.6,362.1,False,497.8021394088218
pano_763,51.504066,-0.131467,1,satellite_51.503968_-0.131467.png,-117.1,0.0,True,117.1
pano_763,51.504066,-0.131467,2,satellite_51.504503_-0.131467.png,522.0,0.0,False,522.0
pano_763,51.504066,-0.131467,3,satellite_51.503968_-0.132325.png,-117.1,-637.9,False,648.5590335505319
pano_763,51.504066,-0.131467,4,satellite_51.503968_-0.130608.png,-117.1,638.7,False,649.3459016579685
pano_764,51.504176,-0.131026,1,satellite_51.503968_-0.130608.png,-248.5,310.8,True,397.93076030887585
pano_764,51.504176,-0.131026,2,satellite_51.503968_-0.131467.png,-248.5,-327.9,False,411.4251572278973
pano_764,51.504176,-0.131026,3,satellite_51.504503_-0.130608.png,390.6,310.8,False,499.16430160819795
pano_764,51.504176,-0.131026,4,satellite_51.504503_-0.131467.png,390.6,-327.9,False,509.9870292468231
pano_765,51.504205,-0.131032,1,satellite_51.503968_-0.130608.png,-283.1,315.2,True,423.67044976018803
pano_765,51.504205,-0.131032,2,satellite_51.503968_-0.131467.png,-283.1,-323.4,False,429.80596785061044
pano_765,51.504205,-0.131032,3,satellite_51.504503_-0.130608.png,356.0,315.2,False,475.4861091556724
pano_765,51.504205,-0.131032,4,satellite_51.504503_-0.131467.png,356.0,-323.4,False,480.9610795064399
pano_766,51.504224,-0.131032,1,satellite_51.503968_-0.130608.png,-305.8,315.2,True,439.1636141576394
pano_766,51.504224,-0.131032,2,satellite_51.503968_-0.131467.png,-305.8,-323.4,False,445.0856097426651
pano_766,51.504224,-0.131032,3,satellite_51.504503_-0.130608.png,333.3,315.2,False,458.7373213506832
pano_766,51.504224,-0.131032,4,satellite_51.504503_-0.131467.png,333.3,-323.4,False,464.40978671858323
pano_767,51.504299,-0.131013,1,satellite_51.504503_-0.130608.png,243.7,301.1,True,387.36404066459244
pano_767,51.504299,-0.131013,2,satellite_51.504503_-0.131467.png,243.7,-337.6,False,416.36936726901513
pano_767,51.504299,-0.131013,3,satellite_51.503968_-0.130608.png,-395.4,301.1,False,496.993329935121
pano_767,51.504299,-0.131013,4,satellite_51.503968_-0.131467.png,-395.4,-337.6,False,519.918185871585
pano_768,51.504393,-0.131003,1,satellite_51.504503_-0.130608.png,131.4,293.7,True,321.75402095389575
pano_768,51.504393,-0.131003,2,satellite_51.504503_-0.131467.png,131.4,-345.0,False,369.17605556157076
pano_768,51.504393,-0.131003,3,satellite_51.503968_-0.130608.png,-507.7,293.7,False,586.5313120371324
pano_768,51.504393,-0.131003,4,satellite_51.503968_-0.131467.png,-507.7,-345.0,False,613.8275735090433
pano_769,51.504507,-0.130986,1,satellite_51.504503_-0.130608.png,-4.8,281.0,True,281.0409934511334
pano_769,51.504507,-0.130986,2,satellite_51.504503_-0.131467.png,-4.8,-357.6,False,357.63221331418123
pano_769,51.504507,-0.130986,3,satellite_51.505037_-0.130608.png,633.1,281.0,False,692.6590864198636
pano_769,51.504507,-0.130986,4,satellite_51.503968_-0.130608.png,-643.8,281.0,False,702.4524467891047
pano_77,51.506395,-0.129486,1,satellite_51.506640_-0.129750.png,292.7,-196.3,True,352.43010654596463
pano_77,51.506395,-0.129486,2,satellite_51.506105_-0.129750.png,-346.4,-196.3,False,398.1540531000532
pano_77,51.506395,-0.129486,3,satellite_51.506640_-0.128892.png,292.7,441.6,False,529.796045662857
pano_77,51.506395,-0.129486,4,satellite_51.506105_-0.128892.png,-346.4,441.6,False,561.2517438725691
pano_770,51.504537,-0.131026,1,satellite_51.504503_-0.130608.png,-40.6,310.8,True,313.4405844813336
pano_770,51.504537,-0.131026,2,satellite_51.504503_-0.131467.png,-40.6,-327.9,False,330.4039497342609
pano_770,51.504537,-0.131026,3,satellite_51.505037_-0.130608.png,597.2,310.8,False,673.2343425583696
pano_770,51.504537,-0.131026,4,satellite_51.505037_-0.131467.png,597.2,-327.9,False,681.297475409971
pano_771,51.504743,-0.13103,1,satellite_51.504503_-0.130608.png,-286.7,313.8,True,425.04979708264773
pano_771,51.504743,-0.13103,2,satellite_51.504503_-0.131467.png,-286.7,-324.9,False,433.3092429201113
pano_771,51.504743,-0.13103,3,satellite_51.505037_-0.130608.png,351.2,313.8,False,470.9690860343171
pano_771,51.504743,-0.13103,4,satellite_51.505037_-0.131467.png,351.2,-324.9,False,478.4364639113536
pano_772,51.504771,-0.131099,1,satellite_51.505037_-0.131467.png,317.7,-273.6,True,419.2734787701221
pano_772,51.504771,-0.131099,2,satellite_51.504503_-0.131467.png,-320.1,-273.6,False,421.094965536279
pano_772,51.504771,-0.131099,3,satellite_51.505037_-0.130608.png,317.7,365.1,False,483.97448279842195
pano_772,51.504771,-0.131099,4,satellite_51.504503_-0.130608.png,-320.1,365.1,False,485.5533132417078
pano_773,51.504843,-0.131045,1,satellite_51.505037_-0.131467.png,231.7,-313.8,True,390.0709294474532
pano_773,51.504843,-0.131045,2,satellite_51.505037_-0.130608.png,231.7,324.9,False,399.0550087393967
pano_773,51.504843,-0.131045,3,satellite_51.504503_-0.131467.png,-406.1,-313.8,False,513.2130649155378
pano_773,51.504843,-0.131045,4,satellite_51.504503_-0.130608.png,-406.1,324.9,False,520.0742446997351
pano_774,51.504844,-0.13103,1,satellite_51.505037_-0.130608.png,230.5,313.8,True,389.3593327506097
pano_774,51.504844,-0.13103,2,satellite_51.505037_-0.131467.png,230.5,-324.9,False,398.35946078887093
pano_774,51.504844,-0.13103,3,satellite_51.504503_-0.130608.png,-407.3,313.8,False,514.1631355902522
pano_774,51.504844,-0.13103,4,satellite_51.504503_-0.131467.png,-407.3,-324.9,False,521.0118040889284
pano_775,51.504915,-0.131058,1,satellite_51.505037_-0.131467.png,145.7,-304.1,True,337.2021648803578
pano_775,51.504915,-0.131058,2,satellite_51.505037_-0.130608.png,145.7,334.6,False,364.9460919094764
pano_775,51.504915,-0.131058,3,satellite_51.504503_-0.131467.png,-492.1,-304.1,False,578.4800947310115
pano_775,51.504915,-0.131058,4,satellite_51.504503_-0.130608.png,-492.1,334.6,False,595.0794652817386
pano_776,51.504916,-0.131038,1,satellite_51.505037_-0.131467.png,144.5,-319.0,True,350.2017275799764
pano_776,51.504916,-0.131038,2,satellite_51.505037_-0.130608.png,144.5,319.7,True,350.8394789643834
pano_776,51.504916,-0.131038,3,satellite_51.504503_-0.131467.png,-493.3,-319.0,False,587.457138862062
pano_776,51.504916,-0.131038,4,satellite_51.504503_-0.130608.png,-493.3,319.7,False,587.8375455855129
pano_777,51.504947,-0.131123,1,satellite_51.505037_-0.131467.png,107.5,-255.8,True,277.47052095673155
pano_777,51.504947,-0.131123,2,satellite_51.505037_-0.130608.png,107.5,382.9,False,397.70423683938793
pano_777,51.504947,-0.131123,3,satellite_51.504503_-0.131467.png,-530.4,-255.8,False,588.8614438049073
pano_777,51.504947,-0.131123,4,satellite_51.504503_-0.130608.png,-530.4,382.9,False,654.1686097635685
pano_778,51.505095,-0.131124,1,satellite_51.505037_-0.131467.png,-69.3,-255.0,True,264.2489167432858
pano_778,51.505095,-0.131124,2,satellite_51.505037_-0.130608.png,-69.3,383.7,False,389.9079122049205
pano_778,51.505095,-0.131124,3,satellite_51.505571_-0.131467.png,568.6,-255.0,False,623.1620655977063
pano_778,51.505095,-0.131124,4,satellite_51.505571_-0.130608.png,568.6,383.7,False,685.9530960641551
pano_779,51.5051,-0.131071,1,satellite_51.505037_-0.131467.png,-75.3,-294.4,True,303.8773601306948
pano_779,51.5051,-0.131071,2,satellite_51.505037_-0.130608.png,-75.3,344.2,False,352.3403610147438
pano_779,51.5051,-0.131071,3,satellite_51.505571_-0.131467.png,562.6,-294.4,False,634.9725348391063
pano_779,51.5051,-0.131071,4,satellite_51.505571_-0.130608.png,562.6,344.2,False,659.5395363433491
pano_78,51.507695,-0.130859,1,satellite_51.507708_-0.130608.png,15.5,186.6,True,187.24265005601688
pano_78,51.507695,-0.130859,2,satellite_51.507708_-0.131467.png,15.5,-452.1,False,452.36562645718345
pano_78,51.507695,-0.130859,3,satellite_51.507174_-0.130608.png,-622.4,186.6,False,649.7702055342335
pano_78,51.507695,-0.130859,4,satellite_51.508242_-0.130608.png,653.4,186.6,False,679.5227148521233
pano_780,51.505091,-0.129418,1,satellite_51.505037_-0.129750.png,-64.5,-246.8,True,255.0891804840025
pano_780,51.505091,-0.129418,2,satellite_51.505037_-0.128892.png,-64.5,391.1,False,396.3829713799522
pano_780,51.505091,-0.129418,3,satellite_51.505571_-0.129750.png,573.4,-246.8,False,624.2577993105092
pano_780,51.505091,-0.129418,4,satellite_51.505571_-0.128892.png,573.4,391.1,False,694.0798008874772
pano_781,51.50522,-0.129436,1,satellite_51.505037_-0.129750.png,-218.6,-233.5,True,319.85654597022085
pano_781,51.50522,-0.129436,2,satellite_51.505037_-0.128892.png,-218.6,404.5,False,459.7893104455561
pano_781,51.50522,-0.129436,3,satellite_51.505571_-0.129750.png,419.3,-233.5,False,479.93201601893577
pano_781,51.50522,-0.129436,4,satellite_51.505571_-0.128892.png,419.3,404.5,False,582.6085649902515
pano_782,51.505262,-0.129419,1,satellite_51.505037_-0.129750.png,-268.8,-246.1,True,364.4429310605434
pano_782,51.505262,-0.129419,2,satellite_51.505571_-0.129750.png,369.1,-246.1,False,443.621482798117
pano_782,51.505262,-0.129419,3,satellite_51.505037_-0.128892.png,-268.8,391.8,False,475.1427995876608
pano_782,51.505262,-0.129419,4,satellite_51.505571_-0.128892.png,369.1,391.8,False,538.2769268694321
pano_783,51.505297,-0.129481,1,satellite_51.505037_-0.129750.png,-310.6,-200.0,True,369.42165610586505
pano_783,51.505297,-0.129481,2,satellite_51.505571_-0.129750.png,327.3,-200.0,False,383.56914630871967
pano_783,51.505297,-0.129481,3,satellite_51.505037_-0.128892.png,-310.6,437.9,False,536.8694161525686
pano_783,51.505297,-0.129481,4,satellite_51.505571_-0.128892.png,327.3,437.9,False,546.7007408079853
pano_784,51.505356,-0.129599,1,satellite_51.505571_-0.129750.png,256.8,-112.3,True,280.28116240660916
pano_784,51.505356,-0.129599,2,satellite_51.505037_-0.129750.png,-381.0,-112.3,False,397.20560167248397
pano_784,51.505356,-0.129599,3,satellite_51.505571_-0.128892.png,256.8,525.7,False,585.0698505306867
pano_784,51.505356,-0.129599,4,satellite_51.505037_-0.128892.png,-381.0,525.7,False,649.2468636812965
pano_785,51.507541,-0.12935,1,satellite_51.507708_-0.129750.png,199.5,-297.4,True,358.11591698778204
pano_785,51.507541,-0.12935,2,satellite_51.507708_-0.128892.png,199.5,340.5,False,394.6397091018591
pano_785,51.507541,-0.12935,3,satellite_51.507174_-0.129750.png,-438.4,-297.4,False,529.7559060548547
pano_785,51.507541,-0.12935,4,satellite_51.507174_-0.128892.png,-438.4,340.5,False,555.0989191126208
pano_786,51.507523,-0.129171,1,satellite_51.507708_-0.128892.png,221.0,207.4,True,303.0771518937051
pano_786,51.507523,-0.129171,2,satellite_51.507174_-0.128892.png,-416.9,207.4,False,465.6397427196265
pano_786,51.507523,-0.129171,3,satellite_51.507708_-0.129750.png,221.0,-430.5,False,483.9124404269847
pano_786,51.507523,-0.129171,4,satellite_51.507174_-0.129750.png,-416.9,-430.5,False,599.2794506738906
pano_787,51.5074,-0.127041,1,satellite_51.507174_-0.127175.png,-270.0,-99.6,True,287.78491968829775
pano_787,51.5074,-0.127041,2,satellite_51.507708_-0.127175.png,367.9,-99.6,False,381.1437655268678
pano_787,51.5074,-0.127041,3,satellite_51.507174_-0.126317.png,-270.0,538.3,False,602.2183075928529
pano_787,51.5074,-0.127041,4,satellite_51.507708_-0.126317.png,367.9,538.3,False,652.0101993067286
pano_788,51.50725,-0.12651,1,satellite_51.507174_-0.126317.png,-90.8,143.5,True,169.81428090711336
pano_788,51.50725,-0.12651,2,satellite_51.507174_-0.127175.png,-90.8,-494.4,False,502.66887709505147
pano_788,51.50725,-0.12651,3,satellite_51.507708_-0.126317.png,547.1,143.5,False,565.606453287089
pano_788,51.50725,-0.12651,4,satellite_51.507708_-0.127175.png,547.1,-494.4,False,737.3939042330089
pano_789,51.507295,-0.126693,1,satellite_51.507174_-0.126317.png,-144.5,279.6,True,314.7322830597459
pano_789,51.507295,-0.126693,2,satellite_51.507174_-0.127175.png,-144.5,-358.4,False,386.4334483452487
pano_789,51.507295,-0.126693,3,satellite_51.507708_-0.126317.png,493.4,279.6,False,567.1152616532198
pano_789,51.507295,-0.126693,4,satellite_51.507708_-0.127175.png,493.4,-358.4,False,609.831222552601
pano_79,51.507756,-0.130966,1,satellite_51.507708_-0.130608.png,-57.3,266.2,True,272.2971354972358
pano_79,51.507756,-0.130966,2,satellite_51.507708_-0.131467.png,-57.3,-372.5,False,376.8813341092923
pano_79,51.507756,-0.130966,3,satellite_51.508242_-0.130608.png,580.6,266.2,False,638.7165255416522
pano_79,51.507756,-0.130966,4,satellite_51.508242_-0.131467.png,580.6,-372.5,False,689.820708590283
pano_790,51.507604,-0.129884,1,satellite_51.507708_-0.129750.png,124.2,99.6,True,159.20364317439473
pano_790,51.507604,-0.129884,2,satellite_51.507174_-0.129750.png,-513.7,99.6,False,523.2665190894598
pano_790,51.507604,-0.129884,3,satellite_51.507708_-0.130608.png,124.2,-538.3,False,552.4423318320203
pano_790,51.507604,-0.129884,4,satellite_51.507174_-0.130608.png,-513.7,-538.3,False,744.0796865927734
pano_791,51.508021,-0.130125,1,satellite_51.508242_-0.129750.png,264.0,278.8,True,383.9602062714312
pano_791,51.508021,-0.130125,2,satellite_51.508242_-0.130608.png,264.0,-359.1,False,445.70035898572036
pano_791,51.508021,-0.130125,3,satellite_51.507708_-0.129750.png,-373.9,278.8,False,466.40181174605226
pano_791,51.508021,-0.130125,4,satellite_51.507708_-0.130608.png,-373.9,-359.1,False,518.4149110509843
pano_792,51.5076,-0.129847,1,satellite_51.507708_-0.129750.png,129.0,72.1,True,147.781629440198
pano_792,51.5076,-0.129847,2,satellite_51.507174_-0.129750.png,-508.9,72.1,False,513.9821203115921
pano_792,51.5076,-0.129847,3,satellite_51.507708_-0.130608.png,129.0,-565.8,False,580.3194292801163
pano_792,51.5076,-0.129847,4,satellite_51.507708_-0.128892.png,129.0,710.1,False,721.7222526706518
pano_793,51.508256,-0.127235,1,satellite_51.508242_-0.127175.png,-16.7,44.6,True,47.624048546926375
pano_793,51.508256,-0.127235,2,satellite_51.508242_-0.128034.png,-16.7,-594.1,False,594.3346700302785
pano_793,51.508256,-0.127235,3,satellite_51.508776_-0.127175.png,621.2,44.6,False,622.7990044950297
pano_793,51.508256,-0.127235,4,satellite_51.507708_-0.127175.png,-654.6,44.6,False,656.1176114081987
pano_794,51.508147,-0.127096,1,satellite_51.508242_-0.127175.png,113.5,-58.7,True,127.78082798291769
pano_794,51.508147,-0.127096,2,satellite_51.507708_-0.127175.png,-524.4,-58.7,False,527.6751368029386
pano_794,51.508147,-0.127096,3,satellite_51.508242_-0.126317.png,113.5,579.2,False,590.215968946961
pano_794,51.508147,-0.127096,4,satellite_51.508242_-0.128034.png,113.5,-697.4,False,706.5755515159012
pano_795,51.505137,-0.129542,1,satellite_51.505037_-0.129750.png,-119.5,-154.7,True,195.4797687741624
pano_795,51.505137,-0.129542,2,satellite_51.505037_-0.128892.png,-119.5,483.3,False,497.8545369884661
pano_795,51.505137,-0.129542,3,satellite_51.505571_-0.129750.png,518.4,-154.7,False,540.9904342962083
pano_795,51.505137,-0.129542,4,satellite_51.505571_-0.128892.png,518.4,483.3,False,708.7435713994166
pano_796,51.505147,-0.129449,1,satellite_51.505037_-0.129750.png,-131.4,-223.8,True,259.52340934875224
pano_796,51.505147,-0.129449,2,satellite_51.505037_-0.128892.png,-131.4,414.1,False,434.4476608292419
pano_796,51.505147,-0.129449,3,satellite_51.505571_-0.129750.png,506.5,-223.8,False,553.7406342323092
pano_796,51.505147,-0.129449,4,satellite_51.505571_-0.128892.png,506.5,414.1,False,654.2331847285034
pano_797,51.50572,-0.130898,1,satellite_51.505571_-0.130608.png,-178.0,215.6,True,279.584262790308
pano_797,51.50572,-0.130898,2,satellite_51.505571_-0.131467.png,-178.0,-423.1,False,459.0180933253068
pano_797,51.50572,-0.130898,3,satellite_51.506105_-0.130608.png,459.9,215.6,False,507.9285087490167
pano_797,51.50572,-0.130898,4,satellite_51.506105_-0.131467.png,459.9,-423.1,False,624.9172905273145
pano_798,51.506778,-0.128409,1,satellite_51.506640_-0.128034.png,-164.8,278.8,True,323.86491010913795
pano_798,51.506778,-0.128409,2,satellite_51.506640_-0.128892.png,-164.8,-359.1,False,395.1099214142819
pano_798,51.506778,-0.128409,3,satellite_51.507174_-0.128034.png,473.0,278.8,False,549.0523108047174
pano_798,51.506778,-0.128409,4,satellite_51.507174_-0.128892.png,473.0,-359.1,False,593.8701962550402
pano_799,51.510377,-0.121782,1,satellite_51.510379_-0.122025.png,2.4,-180.7,True,180.71593731599876
pano_799,51.510377,-0.121782,2,satellite_51.510379_-0.121167.png,2.4,457.3,False,457.3062977917536
pano_799,51.510377,-0.121782,3,satellite_51.509845_-0.122025.png,-635.6,-180.7,False,660.7872955800527
pano_799,51.510377,-0.121782,4,satellite_51.510913_-0.122025.png,640.3,-180.7,False,665.3093866766047
pano_8,51.508569,-0.127248,1,satellite_51.508776_-0.127175.png,247.3,54.3,True,253.1911925798368
pano_8,51.508569,-0.127248,2,satellite_51.508242_-0.127175.png,-390.6,54.3,False,394.356247573181
pano_8,51.508569,-0.127248,3,satellite_51.508776_-0.128034.png,247.3,-584.4,False,634.5712331960849
pano_8,51.508569,-0.127248,4,satellite_51.508242_-0.128034.png,-390.6,-584.4,False,702.9165811104473
pano_80,51.507446,-0.127996,1,satellite_51.507708_-0.128034.png,313.0,-28.3,True,314.2767729247582
pano_80,51.507446,-0.127996,2,satellite_51.507174_-0.128034.png,-324.9,-28.3,False,326.13018872836653
pano_80,51.507446,-0.127996,3,satellite_51.507708_-0.127175.png,313.0,610.4,False,685.971690377963
pano_80,51.507446,-0.127996,4,satellite_51.507174_-0.127175.png,-324.9,610.4,False,691.4825883563518
pano_800,51.507606,-0.128232,1,satellite_51.507708_-0.128034.png,121.8,147.2,True,191.0577923037948
pano_800,51.507606,-0.128232,2,satellite_51.507708_-0.128892.png,121.8,-490.7,False,505.59047657170123
pano_800,51.507606,-0.128232,3,satellite_51.507174_-0.128034.png,-516.1,147.2,False,536.6815163576998
pano_800,51.507606,-0.128232,4,satellite_51.507174_-0.128892.png,-516.1,-490.7,False,712.1416291721753
pano_801,51.50789,-0.127233,1,satellite_51.507708_-0.127175.png,-217.4,43.1,True,221.63115755687423
pano_801,51.50789,-0.127233,2,satellite_51.508242_-0.127175.png,420.5,43.1,False,422.70303997014264
pano_801,51.50789,-0.127233,3,satellite_51.507708_-0.128034.png,-217.4,-595.6,False,634.0363711964795
pano_801,51.50789,-0.127233,4,satellite_51.507708_-0.126317.png,-217.4,681.1,False,714.9545230292623
pano_802,51.508173,-0.128873,1,satellite_51.508242_-0.128892.png,82.4,-14.1,True,83.59766743157371
pano_802,51.508173,-0.128873,2,satellite_51.507708_-0.128892.png,-555.5,-14.1,False,555.6789180812963
pano_802,51.508173,-0.128873,3,satellite_51.508242_-0.128034.png,82.4,623.8,False,629.2187219083678
pano_802,51.508173,-0.128873,4,satellite_51.508242_-0.129750.png,82.4,-652.1,False,657.2854554909914
pano_803,51.507829,-0.128321,1,satellite_51.507708_-0.128034.png,-144.5,213.4,True,257.7204105227213
pano_803,51.507829,-0.128321,2,satellite_51.507708_-0.128892.png,-144.5,-424.5,False,448.42000401409393
pano_803,51.507829,-0.128321,3,satellite_51.508242_-0.128034.png,493.4,213.4,False,537.5715022208674
pano_803,51.507829,-0.128321,4,satellite_51.508242_-0.128892.png,493.4,-424.5,False,650.8792591564122
pano_804,51.507952,-0.127581,1,satellite_51.507708_-0.127175.png,-291.5,301.9,True,419.6616017698069
pano_804,51.507952,-0.127581,2,satellite_51.507708_-0.128034.png,-291.5,-336.8,False,445.4284342068881
pano_804,51.507952,-0.127581,3,satellite_51.508242_-0.127175.png,346.4,301.9,False,459.4959956299945
pano_804,51.507952,-0.127581,4,satellite_51.508242_-0.128034.png,346.4,-336.8,False,483.14304300072456
pano_805,51.508229,-0.12852,1,satellite_51.508242_-0.128892.png,15.5,-276.6,True,277.0339509879611
pano_805,51.508229,-0.12852,2,satellite_51.508242_-0.128034.png,15.5,361.3,False,361.63232709479945
pano_805,51.508229,-0.12852,3,satellite_51.507708_-0.128892.png,-622.4,-276.6,False,681.0942078743586
pano_805,51.508229,-0.12852,4,satellite_51.508776_-0.128892.png,653.4,-276.6,False,709.5344389104731
pano_806,51.507993,-0.12512,1,satellite_51.508242_-0.125459.png,297.5,-252.1,True,389.9495608408862
pano_806,51.507993,-0.12512,2,satellite_51.507708_-0.125459.png,-340.5,-252.1,False,423.66810123019644
pano_806,51.507993,-0.12512,3,satellite_51.508242_-0.124600.png,297.5,386.6,False,487.8173941138221
pano_806,51.507993,-0.12512,4,satellite_51.507708_-0.124600.png,-340.5,386.6,False,515.1696904904247
pano_807,51.508138,-0.125384,1,satellite_51.508242_-0.125459.png,124.2,-55.8,True,136.15902467335758
pano_807,51.508138,-0.125384,2,satellite_51.507708_-0.125459.png,-513.7,-55.8,False,516.721714271812
pano_807,51.508138,-0.125384,3,satellite_51.508242_-0.124600.png,124.2,582.9,False,595.9849410849237
pano_807,51.508138,-0.125384,4,satellite_51.508242_-0.126317.png,124.2,-693.7,False,704.7306790540625
pano_808,51.507878,-0.13054,1,satellite_51.507708_-0.130608.png,-203.1,-50.6,True,209.30831326060607
pano_808,51.507878,-0.13054,2,satellite_51.508242_-0.130608.png,434.8,-50.6,False,437.7343943534709
pano_808,51.507878,-0.13054,3,satellite_51.507708_-0.129750.png,-203.1,587.4,False,621.5210133213518
pano_808,51.507878,-0.13054,4,satellite_51.507708_-0.131467.png,-203.1,-689.2,False,718.5027835715043
pano_809,51.507307,-0.132067,1,satellite_51.507174_-0.132325.png,-158.9,-191.8,True,249.07117456662866
pano_809,51.507307,-0.132067,2,satellite_51.507174_-0.131467.png,-158.9,446.1,False,473.55508655276844
pano_809,51.507307,-0.132067,3,satellite_51.507708_-0.132325.png,479.0,-191.8,False,515.9731000740252
pano_809,51.507307,-0.132067,4,satellite_51.507708_-0.131467.png,479.0,446.1,False,654.558026457548
pano_81,51.507302,-0.127341,1,satellite_51.507174_-0.127175.png,-152.9,123.4,True,196.48401970643823
pano_81,51.507302,-0.127341,2,satellite_51.507708_-0.127175.png,485.0,123.4,False,500.4523553746151
pano_81,51.507302,-0.127341,3,satellite_51.507174_-0.128034.png,-152.9,-515.3,False,537.5058139220449
pano_81,51.507302,-0.127341,4,satellite_51.507708_-0.128034.png,485.0,-515.3,False,707.6433353038803
pano_810,51.507326,-0.132259,1,satellite_51.507174_-0.132325.png,-181.6,-49.1,True,188.12062619500287
pano_810,51.507326,-0.132259,2,satellite_51.507708_-0.132325.png,456.3,-49.1,False,458.93409112856284
pano_810,51.507326,-0.132259,3,satellite_51.507174_-0.131467.png,-181.6,588.9,False,616.2643669724869
pano_810,51.507326,-0.132259,4,satellite_51.507174_-0.133183.png,-181.6,-687.0,False,710.5966225644476
pano_811,51.507519,-0.128365,1,satellite_51.507708_-0.128034.png,225.8,246.1,True,333.9922903301811
pano_811,51.507519,-0.128365,2,satellite_51.507708_-0.128892.png,225.8,-391.8,False,452.2088897843562
pano_811,51.507519,-0.128365,3,satellite_51.507174_-0.128034.png,-412.1,246.1,False,479.99127075395864
pano_811,51.507519,-0.128365,4,satellite_51.507174_-0.128892.png,-412.1,-391.8,False,568.6243487575958
pano_812,51.507584,-0.128832,1,satellite_51.507708_-0.128892.png,148.1,-44.6,True,154.6698742483487
pano_812,51.507584,-0.128832,2,satellite_51.507174_-0.128892.png,-489.8,-44.6,False,491.8263921344604
pano_812,51.507584,-0.128832,3,satellite_51.507708_-0.128034.png,148.1,593.3,False,611.505110362947
pano_812,51.507584,-0.128832,4,satellite_51.507708_-0.129750.png,148.1,-682.5,False,698.3837483790699
pano_813,51.507621,-0.128799,1,satellite_51.507708_-0.128892.png,103.9,-69.1,True,124.7798861996596
pano_813,51.507621,-0.128799,2,satellite_51.507174_-0.128892.png,-534.0,-69.1,False,538.4522355789787
pano_813,51.507621,-0.128799,3,satellite_51.507708_-0.128034.png,103.9,568.8,False,578.2115962171633
pano_813,51.507621,-0.128799,4,satellite_51.507708_-0.129750.png,103.9,-707.1,False,714.692675210821
pano_814,51.507093,-0.128119,1,satellite_51.507174_-0.128034.png,96.8,63.2,True,115.60484418916018
pano_814,51.507093,-0.128119,2,satellite_51.506640_-0.128034.png,-541.1,63.2,False,544.7783494229557
pano_814,51.507093,-0.128119,3,satellite_51.507174_-0.128892.png,96.8,-574.7,False,582.7952728016933
pano_814,51.507093,-0.128119,4,satellite_51.507174_-0.127175.png,96.8,701.9,False,708.5434707906071
pano_815,51.507449,-0.128723,1,satellite_51.507708_-0.128892.png,309.4,-125.7,True,333.9593538142029
pano_815,51.507449,-0.128723,2,satellite_51.507174_-0.128892.png,-328.5,-125.7,False,351.72821894184153
pano_815,51.507449,-0.128723,3,satellite_51.507708_-0.128034.png,309.4,512.3,False,598.4811191675138
pano_815,51.507449,-0.128723,4,satellite_51.507174_-0.128034.png,-328.5,512.3,False,608.5750077024195
pano_816,51.508362,-0.129292,1,satellite_51.508242_-0.128892.png,-143.4,297.4,True,330.1671092038091
pano_816,51.508362,-0.129292,2,satellite_51.508242_-0.129750.png,-143.4,-340.5,False,369.4642201891815
pano_816,51.508362,-0.129292,3,satellite_51.508776_-0.128892.png,494.6,297.4,False,577.127299648873
pano_816,51.508362,-0.129292,4,satellite_51.508776_-0.129750.png,494.6,-340.5,False,600.4743208497763
pano_817,51.508552,-0.127021,1,satellite_51.508776_-0.127175.png,267.6,-114.5,True,291.06701977379714
pano_817,51.508552,-0.127021,2,satellite_51.508242_-0.127175.png,-370.3,-114.5,False,387.5981682103258
pano_817,51.508552,-0.127021,3,satellite_51.508776_-0.126317.png,267.6,523.4,False,587.8412370700103
pano_817,51.508552,-0.127021,4,satellite_51.508242_-0.126317.png,-370.3,523.4,False,641.1471359992182
pano_818,51.508482,-0.12706,1,satellite_51.508242_-0.127175.png,-286.7,-85.5,True,299.17743898897186
pano_818,51.508482,-0.12706,2,satellite_51.508776_-0.127175.png,351.2,-85.5,False,361.45772920218485
pano_818,51.508482,-0.12706,3,satellite_51.508242_-0.126317.png,-286.7,552.4,False,622.3685805051537
pano_818,51.508482,-0.12706,4,satellite_51.508776_-0.126317.png,351.2,552.4,False,654.5893369128464
pano_819,51.509271,-0.127286,1,satellite_51.509311_-0.127175.png,47.8,82.5,True,95.34720761511582
pano_819,51.509271,-0.127286,2,satellite_51.509311_-0.128034.png,47.8,-556.1,False,558.1505621245938
pano_819,51.509271,-0.127286,3,satellite_51.508776_-0.127175.png,-591.3,82.5,False,597.0275873022954
pano_819,51.509271,-0.127286,4,satellite_51.509845_-0.127175.png,685.7,82.5,False,690.6451621491315
pano_82,51.507275,-0.128006,1,satellite_51.507174_-0.128034.png,-120.7,-20.8,True,122.47910025796239
pano_82,51.507275,-0.128006,2,satellite_51.507708_-0.128034.png,517.2,-20.8,False,517.6180831462518
pano_82,51.507275,-0.128006,3,satellite_51.507174_-0.127175.png,-120.7,617.9,False,629.5783509619752
pano_82,51.507275,-0.128006,4,satellite_51.507174_-0.128892.png,-120.7,-658.8,False,669.765578392918
pano_820,51.508479,-0.127132,1,satellite_51.508242_-0.127175.png,-283.1,-32.0,True,284.9028079889702
pano_820,51.508479,-0.127132,2,satellite_51.508776_-0.127175.png,354.8,-32.0,False,356.2401437233036
pano_820,51.508479,-0.127132,3,satellite_51.508242_-0.126317.png,-283.1,606.0,False,668.8659133189551
pano_820,51.508479,-0.127132,4,satellite_51.508776_-0.126317.png,354.8,606.0,False,702.2243516142117
pano_821,51.508437,-0.125881,1,satellite_51.508242_-0.125459.png,-232.9,313.8,True,390.78491526669757
pano_821,51.508437,-0.125881,2,satellite_51.508242_-0.126317.png,-232.9,-324.2,False,399.18423065046045
pano_821,51.508437,-0.125881,3,satellite_51.508776_-0.125459.png,405.0,313.8,False,512.343088174321
pano_821,51.508437,-0.125881,4,satellite_51.508776_-0.126317.png,405.0,-324.2,False,518.778025748971
pano_822,51.50842,-0.125856,1,satellite_51.508242_-0.125459.png,-212.6,295.2,True,363.788125149791
pano_822,51.50842,-0.125856,2,satellite_51.508242_-0.126317.png,-212.6,-342.8,False,403.3740199864141
pano_822,51.50842,-0.125856,3,satellite_51.508776_-0.125459.png,425.3,295.2,False,517.7095034862698
pano_822,51.50842,-0.125856,4,satellite_51.508776_-0.126317.png,425.3,-342.8,False,546.252624707653
pano_823,51.50849,-0.125545,1,satellite_51.508242_-0.125459.png,-296.3,63.9,True,303.11202549552536
pano_823,51.50849,-0.125545,2,satellite_51.508776_-0.125459.png,341.7,63.9,False,347.62350323302365
pano_823,51.50849,-0.125545,3,satellite_51.508242_-0.126317.png,-296.3,-574.0,False,645.964155352292
pano_823,51.50849,-0.125545,4,satellite_51.508776_-0.126317.png,341.7,-574.0,False,668.0081511478734
pano_824,51.508362,-0.12578,1,satellite_51.508242_-0.125459.png,-143.4,238.7,True,278.46229547283417
pano_824,51.508362,-0.12578,2,satellite_51.508242_-0.126317.png,-143.4,-399.3,False,424.26884165585386
pano_824,51.508362,-0.12578,3,satellite_51.508776_-0.125459.png,494.6,238.7,False,549.1874452315894
pano_824,51.508362,-0.12578,4,satellite_51.508776_-0.126317.png,494.6,-399.3,False,635.6647308133431
pano_825,51.508526,-0.125992,1,satellite_51.508776_-0.126317.png,298.6,-241.6,True,384.09962249395664
pano_825,51.508526,-0.125992,2,satellite_51.508242_-0.126317.png,-339.3,-241.6,False,416.5273700490761
pano_825,51.508526,-0.125992,3,satellite_51.508776_-0.125459.png,298.6,396.3,False,496.20121926492686
pano_825,51.508526,-0.125992,4,satellite_51.508242_-0.125459.png,-339.3,396.3,False,521.7069867272241
pano_826,51.508355,-0.125529,1,satellite_51.508242_-0.125459.png,-135.0,52.0,True,144.66858677681205
pano_826,51.508355,-0.125529,2,satellite_51.508776_-0.125459.png,502.9,52.0,False,505.58125954192565
pano_826,51.508355,-0.125529,3,satellite_51.508242_-0.126317.png,-135.0,-585.9,False,601.251869019964
pano_826,51.508355,-0.125529,4,satellite_51.508242_-0.124600.png,-135.0,690.7,False,703.7694864087247
pano_827,51.510608,-0.12119,1,satellite_51.510379_-0.121167.png,-273.6,17.1,True,274.13385416617194
pano_827,51.510608,-0.12119,2,satellite_51.510913_-0.121167.png,364.4,17.1,False,364.80100054687347
pano_827,51.510608,-0.12119,3,satellite_51.510379_-0.122025.png,-273.6,-620.8,False,678.4169809195521
pano_827,51.510608,-0.12119,4,satellite_51.510913_-0.122025.png,364.4,-620.8,False,719.8472060097198
pano_828,51.509861,-0.130984,1,satellite_51.509845_-0.130608.png,-19.1,279.6,True,280.25161908542117
pano_828,51.509861,-0.130984,2,satellite_51.509845_-0.131467.png,-19.1,-359.1,False,359.6075916884959
pano_828,51.509861,-0.130984,3,satellite_51.510379_-0.130608.png,618.8,279.6,False,679.0357869803329
pano_828,51.509861,-0.130984,4,satellite_51.509311_-0.130608.png,-657.0,279.6,False,714.0204198760705
pano_829,51.507729,-0.126113,1,satellite_51.507708_-0.126317.png,-25.1,-151.7,True,153.76247916835888
pano_829,51.507729,-0.126113,2,satellite_51.507708_-0.125459.png,-25.1,486.3,False,486.9473277470573
pano_829,51.507729,-0.126113,3,satellite_51.508242_-0.126317.png,612.8,-151.7,False,631.2976556268841
pano_829,51.507729,-0.126113,4,satellite_51.507174_-0.126317.png,-663.0,-151.7,False,680.1337294973688
pano_83,51.507517,-0.128227,1,satellite_51.507708_-0.128034.png,228.2,143.5,True,269.5690820550458
pano_83,51.507517,-0.128227,2,satellite_51.507174_-0.128034.png,-409.7,143.5,False,434.10406586439615
pano_83,51.507517,-0.128227,3,satellite_51.507708_-0.128892.png,228.2,-494.4,False,544.5241959729613
pano_83,51.507517,-0.128227,4,satellite_51.507174_-0.128892.png,-409.7,-494.4,False,642.0945802605719
pano_830,51.508708,-0.124919,1,satellite_51.508776_-0.124600.png,81.2,237.2,True,250.7135417164378
pano_830,51.508708,-0.124919,2,satellite_51.508776_-0.125459.png,81.2,-401.5,False,409.6287221374986
pano_830,51.508708,-0.124919,3,satellite_51.508242_-0.124600.png,-556.7,237.2,False,605.1270362494143
pano_830,51.508708,-0.124919,4,satellite_51.508242_-0.125459.png,-556.7,-401.5,False,686.3797345493236
pano_831,51.50679,-0.12737,1,satellite_51.506640_-0.127175.png,-179.2,145.0,True,230.51602981137776
pano_831,51.50679,-0.12737,2,satellite_51.507174_-0.127175.png,458.7,145.0,False,481.07243737300104
pano_831,51.50679,-0.12737,3,satellite_51.506640_-0.128034.png,-179.2,-493.7,False,525.2164601381035
pano_831,51.50679,-0.12737,4,satellite_51.507174_-0.128034.png,458.7,-493.7,False,673.9030939237481
pano_832,51.506483,-0.127231,1,satellite_51.506640_-0.127175.png,187.5,41.6,True,192.05939185574863
pano_832,51.506483,-0.127231,2,satellite_51.506105_-0.127175.png,-451.5,41.6,False,453.41240609405475
pano_832,51.506483,-0.127231,3,satellite_51.506640_-0.128034.png,187.5,-597.0,False,625.7517479000758
pano_832,51.506483,-0.127231,4,satellite_51.506640_-0.126317.png,187.5,679.6,False,704.9910708654402
pano_833,51.506271,-0.127109,1,satellite_51.506105_-0.127175.png,-198.3,-49.1,True,204.2882767072061
pano_833,51.506271,-0.127109,2,satellite_51.506640_-0.127175.png,440.8,-49.1,False,443.52615480938664
pano_833,51.506271,-0.127109,3,satellite_51.506105_-0.126317.png,-198.3,588.9,False,621.3904569592295
pano_833,51.506271,-0.127109,4,satellite_51.506105_-0.128034.png,-198.3,-687.8,False,715.8154301214804
pano_834,51.505246,-0.126521,1,satellite_51.505037_-0.126317.png,-249.7,151.7,True,292.1694371422172
pano_834,51.505246,-0.126521,2,satellite_51.505571_-0.126317.png,388.2,151.7,False,416.7878717045399
pano_834,51.505246,-0.126521,3,satellite_51.505037_-0.127175.png,-249.7,-486.3,False,546.6605711042273
pano_834,51.505246,-0.126521,4,satellite_51.505571_-0.127175.png,388.2,-486.3,False,622.2434652127735
pano_835,51.507529,-0.128846,1,satellite_51.507708_-0.128892.png,213.8,-34.2,True,216.5180823857444
pano_835,51.507529,-0.128846,2,satellite_51.507174_-0.128892.png,-424.1,-34.2,False,425.47673261883546
pano_835,51.507529,-0.128846,3,satellite_51.507708_-0.128034.png,213.8,603.7,False,640.4405749169864
pano_835,51.507529,-0.128846,4,satellite_51.507708_-0.129750.png,213.8,-672.1,False,705.2863602821197
pano_836,51.507503,-0.128849,1,satellite_51.507708_-0.128892.png,244.9,-32.0,True,246.9818009489768
pano_836,51.507503,-0.128849,2,satellite_51.507174_-0.128892.png,-393.0,-32.0,False,394.30064671516834
pano_836,51.507503,-0.128849,3,satellite_51.507708_-0.128034.png,244.9,606.0,False,653.614572970952
pano_836,51.507503,-0.128849,4,satellite_51.507708_-0.129750.png,244.9,-669.9,False,713.2615368853138
pano_837,51.507286,-0.126659,1,satellite_51.507174_-0.126317.png,-133.8,254.3,True,287.3515790804011
pano_837,51.507286,-0.126659,2,satellite_51.507174_-0.127175.png,-133.8,-383.7,False,406.35960675244286
pano_837,51.507286,-0.126659,3,satellite_51.507708_-0.126317.png,504.1,254.3,False,564.6107508717843
pano_837,51.507286,-0.126659,4,satellite_51.507708_-0.127175.png,504.1,-383.7,False,633.5159824345398
pano_838,51.507442,-0.127161,1,satellite_51.507708_-0.127175.png,317.8,-10.4,True,317.9701243827791
pano_838,51.507442,-0.127161,2,satellite_51.507174_-0.127175.png,-320.1,-10.4,False,320.26890264276363
pano_838,51.507442,-0.127161,3,satellite_51.507708_-0.126317.png,317.8,627.5,False,703.386870790179
pano_838,51.507442,-0.127161,4,satellite_51.507174_-0.126317.png,-320.1,627.5,False,704.4290312018663
pano_839,51.507759,-0.124849,1,satellite_51.507708_-0.124600.png,-60.9,185.1,True,194.86102740158177
pano_839,51.507759,-0.124849,2,satellite_51.507708_-0.125459.png,-60.9,-453.5,False,457.57082511890985
pano_839,51.507759,-0.124849,3,satellite_51.508242_-0.124600.png,577.0,185.1,False,605.9628784009793
pano_839,51.507759,-0.124849,4,satellite_51.507174_-0.124600.png,-698.8,185.1,False,722.8993360074415
pano_84,51.50761,-0.128589,1,satellite_51.507708_-0.128892.png,117.1,-225.3,True,253.91435563984956
pano_84,51.50761,-0.128589,2,satellite_51.507708_-0.128034.png,117.1,412.7,False,428.99149175712097
pano_84,51.50761,-0.128589,3,satellite_51.507174_-0.128892.png,-520.8,-225.3,False,567.4440324824996
pano_84,51.50761,-0.128589,4,satellite_51.507174_-0.128034.png,-520.8,412.7,False,664.4952445277543
pano_840,51.507531,-0.124429,1,satellite_51.507708_-0.124600.png,211.4,-127.1,True,246.66651576571962
pano_840,51.507531,-0.124429,2,satellite_51.507174_-0.124600.png,-426.5,-127.1,False,445.035571611978
pano_840,51.507531,-0.124429,3,satellite_51.507708_-0.123742.png,211.4,510.8,False,552.8169679016736
pano_840,51.507531,-0.124429,4,satellite_51.507174_-0.123742.png,-426.5,510.8,False,665.4463840160228
pano_841,51.507507,-0.12483,1,satellite_51.507708_-0.124600.png,240.1,171.0,True,294.7694183595035
pano_841,51.507507,-0.12483,2,satellite_51.507174_-0.124600.png,-397.8,171.0,False,432.99635102388567
pano_841,51.507507,-0.12483,3,satellite_51.507708_-0.125459.png,240.1,-467.7,False,525.7293029687427
pano_841,51.507507,-0.12483,4,satellite_51.507174_-0.125459.png,-397.8,-467.7,False,613.9935911717646
pano_842,51.507446,-0.124945,1,satellite_51.507708_-0.124600.png,313.0,256.5,True,404.6742517136468
pano_842,51.507446,-0.124945,2,satellite_51.507174_-0.124600.png,-324.9,256.5,False,413.947170542329
pano_842,51.507446,-0.124945,3,satellite_51.507708_-0.125459.png,313.0,-382.2,False,494.0099594137754
pano_842,51.507446,-0.124945,4,satellite_51.507174_-0.125459.png,-324.9,-382.2,False,501.63417945750064
pano_843,51.509287,-0.123915,1,satellite_51.509311_-0.123742.png,28.7,128.6,True,131.76361409736757
pano_843,51.509287,-0.123915,2,satellite_51.509311_-0.124600.png,28.7,-509.3,False,510.10800817081866
pano_843,51.509287,-0.123915,3,satellite_51.508776_-0.123742.png,-610.4,128.6,False,623.7997435074817
pano_843,51.509287,-0.123915,4,satellite_51.509845_-0.123742.png,666.6,128.6,False,678.8913904300157
pano_844,51.505778,-0.124482,1,satellite_51.505571_-0.124600.png,-247.3,-87.7,True,262.390129387521
pano_844,51.505778,-0.124482,2,satellite_51.506105_-0.124600.png,390.6,-87.7,False,400.324430930714
pano_844,51.505778,-0.124482,3,satellite_51.505571_-0.123742.png,-247.3,550.2,False,603.2224548207735
pano_844,51.505778,-0.124482,4,satellite_51.506105_-0.123742.png,390.6,550.2,False,674.750620599937
pano_845,51.505768,-0.124426,1,satellite_51.505571_-0.124600.png,-235.3,-129.4,True,268.5338898537762
pano_845,51.505768,-0.124426,2,satellite_51.506105_-0.124600.png,402.6,-129.4,False,422.8842867735807
pano_845,51.505768,-0.124426,3,satellite_51.505571_-0.123742.png,-235.3,508.6,False,560.3927640503579
pano_845,51.505768,-0.124426,4,satellite_51.506105_-0.123742.png,402.6,508.6,False,648.6607125454725
pano_846,51.5057,-0.130475,1,satellite_51.505571_-0.130608.png,-154.1,-98.9,True,183.10658098495531
pano_846,51.5057,-0.130475,2,satellite_51.506105_-0.130608.png,483.8,-98.9,False,493.80527538696873
pano_846,51.5057,-0.130475,3,satellite_51.505571_-0.129750.png,-154.1,539.0,False,560.5959418333315
pano_846,51.5057,-0.130475,4,satellite_51.506105_-0.129750.png,483.8,539.0,False,724.2813265575746
pano_847,51.505642,-0.126637,1,satellite_51.505571_-0.126317.png,-84.8,237.9,True,252.5617746215765
pano_847,51.505642,-0.126637,2,satellite_51.505571_-0.127175.png,-84.8,-400.0,False,408.8900096602997
pano_847,51.505642,-0.126637,3,satellite_51.506105_-0.126317.png,553.1,237.9,False,602.0930326785057
pano_847,51.505642,-0.126637,4,satellite_51.506105_-0.127175.png,553.1,-400.0,False,682.5830425669832
pano_848,51.506013,-0.125593,1,satellite_51.506105_-0.125459.png,109.9,99.6,True,148.3178006848807
pano_848,51.506013,-0.125593,2,satellite_51.505571_-0.125459.png,-528.0,99.6,False,537.3119764159366
pano_848,51.506013,-0.125593,3,satellite_51.506105_-0.126317.png,109.9,-538.3,False,549.4041317645873
pano_848,51.506013,-0.125593,4,satellite_51.506105_-0.124600.png,109.9,738.3,False,746.4347928653915
pano_849,51.506439,-0.123641,1,satellite_51.506640_-0.123742.png,240.1,-75.1,True,251.57110326903603
pano_849,51.506439,-0.123641,2,satellite_51.506105_-0.123742.png,-399.0,-75.1,False,406.0061699038575
pano_849,51.506439,-0.123641,3,satellite_51.506640_-0.122884.png,240.1,562.8,False,611.8756818178019
pano_849,51.506439,-0.123641,4,satellite_51.506105_-0.122884.png,-399.0,562.8,False,689.8875560553328
pano_85,51.507511,-0.129,1,satellite_51.507708_-0.128892.png,235.3,80.3,True,248.6245764199509
pano_85,51.507511,-0.129,2,satellite_51.507174_-0.128892.png,-402.6,80.3,False,410.5299623657207
pano_85,51.507511,-0.129,3,satellite_51.507708_-0.129750.png,235.3,-557.6,False,605.2138878115736
pano_85,51.507511,-0.129,4,satellite_51.507174_-0.129750.png,-402.6,-557.6,False,687.7532406321326
pano_850,51.507038,-0.128319,1,satellite_51.507174_-0.128034.png,162.5,211.9,True,267.03531601644005
pano_850,51.507038,-0.128319,2,satellite_51.507174_-0.128892.png,162.5,-426.0,False,455.941059787337
pano_850,51.507038,-0.128319,3,satellite_51.506640_-0.128034.png,-475.4,211.9,False,520.4870507515052
pano_850,51.507038,-0.128319,4,satellite_51.506640_-0.128892.png,-475.4,-426.0,False,638.3425099427423
pano_851,51.506887,-0.128078,1,satellite_51.506640_-0.128034.png,-295.1,32.7,True,296.9062141485085
pano_851,51.506887,-0.128078,2,satellite_51.507174_-0.128034.png,342.8,32.7,False,344.35610928223707
pano_851,51.506887,-0.128078,3,satellite_51.506640_-0.128892.png,-295.1,-605.2,False,673.3134856810757
pano_851,51.506887,-0.128078,4,satellite_51.507174_-0.128892.png,342.8,-605.2,False,695.5421482555893
pano_852,51.507013,-0.128206,1,satellite_51.507174_-0.128034.png,192.3,127.9,True,230.9495615930024
pano_852,51.507013,-0.128206,2,satellite_51.506640_-0.128034.png,-445.6,127.9,False,463.5922454053778
pano_852,51.507013,-0.128206,3,satellite_51.507174_-0.128892.png,192.3,-510.1,False,545.1433756361715
pano_852,51.507013,-0.128206,4,satellite_51.506640_-0.128892.png,-445.6,-510.1,False,677.3192526423562
pano_853,51.507057,-0.127703,1,satellite_51.507174_-0.128034.png,139.8,-246.1,True,283.03577512392314
pano_853,51.507057,-0.127703,2,satellite_51.507174_-0.127175.png,139.8,392.6,False,416.7478854175508
pano_853,51.507057,-0.127703,3,satellite_51.506640_-0.128034.png,-498.1,-246.1,False,555.5797152524559
pano_853,51.507057,-0.127703,4,satellite_51.506640_-0.127175.png,-498.1,392.6,False,634.2226501789415
pano_854,51.507067,-0.127803,1,satellite_51.507174_-0.128034.png,127.8,-171.8,True,214.12164766786194
pano_854,51.507067,-0.127803,2,satellite_51.507174_-0.127175.png,127.8,466.9,False,484.074839255254
pano_854,51.507067,-0.127803,3,satellite_51.506640_-0.128034.png,-510.1,-171.8,False,538.2538899069843
pano_854,51.507067,-0.127803,4,satellite_51.506640_-0.127175.png,-510.1,466.9,False,691.5183439360087
pano_855,51.506994,-0.127989,1,satellite_51.507174_-0.128034.png,215.0,-33.5,True,217.5942324603297
pano_855,51.506994,-0.127989,2,satellite_51.506640_-0.128034.png,-422.9,-33.5,False,424.2247753255342
pano_855,51.506994,-0.127989,3,satellite_51.507174_-0.127175.png,215.0,605.2,False,642.2554320517655
pano_855,51.506994,-0.127989,4,satellite_51.507174_-0.128892.png,215.0,-671.4,False,704.9843686210354
pano_856,51.506947,-0.128038,1,satellite_51.507174_-0.128034.png,271.2,3.0,True,271.2165924127799
pano_856,51.506947,-0.128038,2,satellite_51.506640_-0.128034.png,-366.7,3.0,False,366.71227140634386
pano_856,51.506947,-0.128038,3,satellite_51.507174_-0.128892.png,271.2,-635.0,False,690.4885516791716
pano_856,51.506947,-0.128038,4,satellite_51.507174_-0.127175.png,271.2,641.7,False,696.6551011799168
pano_857,51.506914,-0.128024,1,satellite_51.507174_-0.128034.png,310.6,-7.4,True,310.68813945820335
pano_857,51.506914,-0.128024,2,satellite_51.506640_-0.128034.png,-327.3,-7.4,False,327.3836434521432
pano_857,51.506914,-0.128024,3,satellite_51.507174_-0.127175.png,310.6,631.2,False,703.4812008859939
pano_857,51.506914,-0.128024,4,satellite_51.506640_-0.127175.png,-327.3,631.2,False,711.0124682451076
pano_858,51.506874,-0.128011,1,satellite_51.506640_-0.128034.png,-279.5,-17.1,True,280.02260623028275
pano_858,51.506874,-0.128011,2,satellite_51.507174_-0.128034.png,358.4,-17.1,False,358.8077061602774
pano_858,51.506874,-0.128011,3,satellite_51.506640_-0.127175.png,-279.5,621.6,False,681.5473644582598
pano_858,51.506874,-0.128011,4,satellite_51.506640_-0.128892.png,-279.5,-655.0,False,712.1413132237169
pano_859,51.506825,-0.128029,1,satellite_51.506640_-0.128034.png,-221.0,-3.7,True,221.03097068058133
pano_859,51.506825,-0.128029,2,satellite_51.507174_-0.128034.png,416.9,-3.7,False,416.9164184821701
pano_859,51.506825,-0.128029,3,satellite_51.506640_-0.127175.png,-221.0,635.0,False,672.3585353068703
pano_859,51.506825,-0.128029,4,satellite_51.506640_-0.128892.png,-221.0,-641.7,False,678.6898334290856
pano_86,51.507144,-0.129089,1,satellite_51.507174_-0.128892.png,35.8,146.5,True,150.81077547708585
pano_86,51.507144,-0.129089,2,satellite_51.507174_-0.129750.png,35.8,-491.5,False,492.8020799469093
pano_86,51.507144,-0.129089,3,satellite_51.506640_-0.128892.png,-602.1,146.5,False,619.6665716334875
pano_86,51.507144,-0.129089,4,satellite_51.507708_-0.128892.png,673.7,146.5,False,689.4446605783528
pano_860,51.506804,-0.128052,1,satellite_51.506640_-0.128034.png,-195.9,13.4,True,196.3577602235267
pano_860,51.506804,-0.128052,2,satellite_51.507174_-0.128034.png,442.0,13.4,False,442.20307552073854
pano_860,51.506804,-0.128052,3,satellite_51.506640_-0.128892.png,-195.9,-624.6,False,654.6006186981494
pano_860,51.506804,-0.128052,4,satellite_51.506640_-0.127175.png,-195.9,652.1,False,680.8900204878905
pano_861,51.50677,-0.128107,1,satellite_51.506640_-0.128034.png,-155.3,54.3,True,164.51923899653804
pano_861,51.50677,-0.128107,2,satellite_51.507174_-0.128034.png,482.6,54.3,False,485.64518941301174
pano_861,51.50677,-0.128107,3,satellite_51.506640_-0.128892.png,-155.3,-583.7,False,604.0064403630147
pano_861,51.50677,-0.128107,4,satellite_51.506640_-0.127175.png,-155.3,693.0,False,710.1880666415059
pano_862,51.506738,-0.1282,1,satellite_51.506640_-0.128034.png,-117.1,123.4,True,170.11751820432838
pano_862,51.506738,-0.1282,2,satellite_51.506640_-0.128892.png,-117.1,-514.5,False,527.6577110210748
pano_862,51.506738,-0.1282,3,satellite_51.507174_-0.128034.png,520.8,123.4,False,535.2197679458411
pano_862,51.506738,-0.1282,4,satellite_51.507174_-0.128892.png,520.8,-514.5,False,732.081204512177
pano_863,51.506727,-0.128316,1,satellite_51.506640_-0.128034.png,-103.9,209.7,True,234.02841707792666
pano_863,51.506727,-0.128316,2,satellite_51.506640_-0.128892.png,-103.9,-428.3,False,440.7222481336743
pano_863,51.506727,-0.128316,3,satellite_51.507174_-0.128034.png,534.0,209.7,False,573.698605541272
pano_863,51.506727,-0.128316,4,satellite_51.507174_-0.128892.png,534.0,-428.3,False,684.5413720148696
pano_864,51.506745,-0.128395,1,satellite_51.506640_-0.128034.png,-125.4,268.4,True,296.2494219403643
pano_864,51.506745,-0.128395,2,satellite_51.506640_-0.128892.png,-125.4,-369.5,False,390.1991927208461
pano_864,51.506745,-0.128395,3,satellite_51.507174_-0.128034.png,512.5,268.4,False,578.5281410614353
pano_864,51.506745,-0.128395,4,satellite_51.507174_-0.128892.png,512.5,-369.5,False,631.8120764911035
pano_865,51.506604,-0.128693,1,satellite_51.506640_-0.128892.png,43.0,-148.0,True,154.12008305214476
pano_865,51.506604,-0.128693,2,satellite_51.506640_-0.128034.png,43.0,490.0,False,491.883116197334
pano_865,51.506604,-0.128693,3,satellite_51.506105_-0.128892.png,-596.1,-148.0,False,614.1980218138121
pano_865,51.506604,-0.128693,4,satellite_51.507174_-0.128892.png,680.9,-148.0,False,696.7989738798415
pano_866,51.506556,-0.128696,1,satellite_51.506640_-0.128892.png,100.3,-145.7,True,176.88578235686438
pano_866,51.506556,-0.128696,2,satellite_51.506640_-0.128034.png,100.3,492.2,False,502.3155681441697
pano_866,51.506556,-0.128696,3,satellite_51.506105_-0.128892.png,-538.7,-145.7,False,558.0557140644651
pano_866,51.506556,-0.128696,4,satellite_51.506105_-0.128034.png,-538.7,492.2,False,729.6975606372821
pano_867,51.506503,-0.128718,1,satellite_51.506640_-0.128892.png,163.7,-129.4,True,208.667318955317
pano_867,51.506503,-0.128718,2,satellite_51.506105_-0.128892.png,-475.4,-129.4,False,492.696174127626
pano_867,51.506503,-0.128718,3,satellite_51.506640_-0.128034.png,163.7,508.6,False,534.2954706901417
pano_867,51.506503,-0.128718,4,satellite_51.506105_-0.128034.png,-475.4,508.6,False,696.1889973275935
pano_868,51.506445,-0.128782,1,satellite_51.506640_-0.128892.png,232.9,-81.8,True,246.84742251034342
pano_868,51.506445,-0.128782,2,satellite_51.506105_-0.128892.png,-406.1,-81.8,False,414.25650266471376
pano_868,51.506445,-0.128782,3,satellite_51.506640_-0.128034.png,232.9,556.1,False,602.9010034823297
pano_868,51.506445,-0.128782,4,satellite_51.506105_-0.128034.png,-406.1,556.1,False,688.5959773335886
pano_869,51.506413,-0.128854,1,satellite_51.506640_-0.128892.png,271.2,-28.3,True,272.672569210766
pano_869,51.506413,-0.128854,2,satellite_51.506105_-0.128892.png,-367.9,-28.3,False,368.9868561344699
pano_869,51.506413,-0.128854,3,satellite_51.506640_-0.128034.png,271.2,609.7,False,667.2956840861478
pano_869,51.506413,-0.128854,4,satellite_51.506105_-0.128034.png,-367.9,609.7,False,712.0986588949596
pano_87,51.507249,-0.129911,1,satellite_51.507174_-0.129750.png,-89.6,119.7,True,149.5200655430568
pano_87,51.507249,-0.129911,2,satellite_51.507174_-0.130608.png,-89.6,-518.2,False,525.8891518181375
pano_87,51.507249,-0.129911,3,satellite_51.507708_-0.129750.png,548.3,119.7,False,561.2138451606481
pano_87,51.507249,-0.129911,4,satellite_51.506640_-0.129750.png,-727.5,119.7,False,737.2817236307977
pano_870,51.506385,-0.128974,1,satellite_51.506640_-0.128892.png,304.6,61.0,True,310.64796796373867
pano_870,51.506385,-0.128974,2,satellite_51.506105_-0.128892.png,-334.5,61.0,False,340.01654371515514
pano_870,51.506385,-0.128974,3,satellite_51.506640_-0.129750.png,304.6,-577.0,False,652.4646810364527
pano_870,51.506385,-0.128974,4,satellite_51.506105_-0.129750.png,-334.5,-577.0,False,666.9477115936451
pano_871,51.506385,-0.129055,1,satellite_51.506640_-0.128892.png,304.6,121.2,True,327.82708856956896
pano_871,51.506385,-0.129055,2,satellite_51.506105_-0.128892.png,-334.5,121.2,False,355.78039574996257
pano_871,51.506385,-0.129055,3,satellite_51.506640_-0.129750.png,304.6,-516.7,False,599.800008336112
pano_871,51.506385,-0.129055,4,satellite_51.506105_-0.129750.png,-334.5,-516.7,False,615.5234682772056
pano_872,51.506399,-0.129157,1,satellite_51.506640_-0.128892.png,287.9,197.0,True,348.84869212883683
pano_872,51.506399,-0.129157,2,satellite_51.506105_-0.128892.png,-351.2,197.0,False,402.6790781751642
pano_872,51.506399,-0.129157,3,satellite_51.506640_-0.129750.png,287.9,-440.9,False,526.5730908430471
pano_872,51.506399,-0.129157,4,satellite_51.506105_-0.129750.png,-351.2,-440.9,False,563.6792084155668
pano_873,51.506348,-0.129276,1,satellite_51.506105_-0.128892.png,-290.3,285.5,True,407.1662314092366
pano_873,51.506348,-0.129276,2,satellite_51.506640_-0.128892.png,348.8,285.5,False,450.7457043611176
pano_873,51.506348,-0.129276,3,satellite_51.506105_-0.129750.png,-290.3,-352.4,False,456.5740356174451
pano_873,51.506348,-0.129276,4,satellite_51.506640_-0.129750.png,348.8,-352.4,False,495.82980951128786
pano_874,51.506296,-0.129368,1,satellite_51.506105_-0.129750.png,-228.2,-284.0,True,364.32298856920903
pano_874,51.506296,-0.129368,2,satellite_51.506105_-0.128892.png,-228.2,353.9,False,421.0943480979055
pano_874,51.506296,-0.129368,3,satellite_51.506640_-0.129750.png,410.9,-284.0,False,499.49455452487166
pano_874,51.506296,-0.129368,4,satellite_51.506640_-0.128892.png,410.9,353.9,False,542.2951410440628
pano_875,51.50725,-0.128135,1,satellite_51.507174_-0.128034.png,-90.8,75.1,True,117.8331447428948
pano_875,51.50725,-0.128135,2,satellite_51.507708_-0.128034.png,547.1,75.1,False,552.2304048130635
pano_875,51.50725,-0.128135,3,satellite_51.507174_-0.128892.png,-90.8,-562.8,False,570.0776087516506
pano_875,51.50725,-0.128135,4,satellite_51.507174_-0.127175.png,-90.8,713.8,False,719.5519995108067
pano_876,51.507223,-0.128127,1,satellite_51.507174_-0.128034.png,-58.5,69.1,True,90.53761649171022
pano_876,51.507223,-0.128127,2,satellite_51.507174_-0.128892.png,-58.5,-568.8,False,571.8003934940933
pano_876,51.507223,-0.128127,3,satellite_51.507708_-0.128034.png,579.4,69.1,False,583.5059297042319
pano_876,51.507223,-0.128127,4,satellite_51.506640_-0.128034.png,-696.4,69.1,False,699.8198125231951
pano_877,51.507128,-0.128203,1,satellite_51.507174_-0.128034.png,54.9,125.7,True,137.16595787585197
pano_877,51.507128,-0.128203,2,satellite_51.507174_-0.128892.png,54.9,-512.3,False,515.2332481507768
pano_877,51.507128,-0.128203,3,satellite_51.506640_-0.128034.png,-582.9,125.7,False,596.2993375813862
pano_877,51.507128,-0.128203,4,satellite_51.507708_-0.128034.png,692.8,125.7,False,704.1110210755119
pano_878,51.507095,-0.128246,1,satellite_51.507174_-0.128034.png,94.4,157.6,True,183.70933563648853
pano_878,51.507095,-0.128246,2,satellite_51.507174_-0.128892.png,94.4,-480.3,False,489.48896821072486
pano_878,51.507095,-0.128246,3,satellite_51.506640_-0.128034.png,-543.5,157.6,False,565.8886904683641
pano_878,51.507095,-0.128246,4,satellite_51.506640_-0.128892.png,-543.5,-480.3,False,725.313959606459
pano_879,51.507078,-0.128331,1,satellite_51.507174_-0.128034.png,114.7,220.8,True,248.81464989023456
pano_879,51.507078,-0.128331,2,satellite_51.507174_-0.128892.png,114.7,-417.1,False,432.58351794769067
pano_879,51.507078,-0.128331,3,satellite_51.506640_-0.128034.png,-523.2,220.8,False,567.8828048109928
pano_879,51.507078,-0.128331,4,satellite_51.506640_-0.128892.png,-523.2,-417.1,False,669.1118366909975
pano_88,51.507288,-0.13022,1,satellite_51.507174_-0.130608.png,-136.2,-288.5,True,319.03399505381867
pano_88,51.507288,-0.13022,2,satellite_51.507174_-0.129750.png,-136.2,349.5,False,375.10090642385813
pano_88,51.507288,-0.13022,3,satellite_51.507708_-0.130608.png,501.7,-288.5,False,578.7358119211217
pano_88,51.507288,-0.13022,4,satellite_51.507708_-0.129750.png,501.7,349.5,False,611.4353113780721
pano_880,51.507035,-0.128491,1,satellite_51.507174_-0.128892.png,166.0,-298.1,True,341.20317993828843
pano_880,51.507035,-0.128491,2,satellite_51.507174_-0.128034.png,166.0,339.8,False,378.17990427837384
pano_880,51.507035,-0.128491,3,satellite_51.506640_-0.128892.png,-471.8,-298.1,False,558.0849845677628
pano_880,51.507035,-0.128491,4,satellite_51.506640_-0.128034.png,-471.8,339.8,False,581.4286542646483
pano_881,51.506998,-0.12854,1,satellite_51.507174_-0.128892.png,210.2,-261.7,True,335.6649073108477
pano_881,51.506998,-0.12854,2,satellite_51.507174_-0.128034.png,210.2,376.2,False,430.941388126042
pano_881,51.506998,-0.12854,3,satellite_51.506640_-0.128892.png,-427.7,-261.7,False,501.41218573145983
pano_881,51.506998,-0.12854,4,satellite_51.506640_-0.128034.png,-427.7,376.2,False,569.6084005700759
pano_882,51.506944,-0.128574,1,satellite_51.507174_-0.128892.png,274.7,-236.4,True,362.41557637607133
pano_882,51.506944,-0.128574,2,satellite_51.506640_-0.128892.png,-363.1,-236.4,False,433.27424340710587
pano_882,51.506944,-0.128574,3,satellite_51.507174_-0.128034.png,274.7,401.5,False,486.4795370824964
pano_882,51.506944,-0.128574,4,satellite_51.506640_-0.128034.png,-363.1,401.5,False,541.3352565647281
pano_883,51.506881,-0.128571,1,satellite_51.506640_-0.128892.png,-287.9,-238.7,True,373.9840905707086
pano_883,51.506881,-0.128571,2,satellite_51.507174_-0.128892.png,350.0,-238.7,False,423.648073287251
pano_883,51.506881,-0.128571,3,satellite_51.506640_-0.128034.png,-287.9,399.3,False,492.2671022930539
pano_883,51.506881,-0.128571,4,satellite_51.507174_-0.128034.png,350.0,399.3,False,530.9806870310822
pano_884,51.506766,-0.128825,1,satellite_51.506640_-0.128892.png,-150.5,-49.8,True,158.5253607471057
pano_884,51.506766,-0.128825,2,satellite_51.507174_-0.128892.png,487.4,-49.8,False,489.9375470404365
pano_884,51.506766,-0.128825,3,satellite_51.506640_-0.128034.png,-150.5,588.1,False,607.051777033887
pano_884,51.506766,-0.128825,4,satellite_51.506640_-0.129750.png,-150.5,-687.8,False,704.0732135225711
pano_885,51.506761,-0.128883,1,satellite_51.506640_-0.128892.png,-144.5,-6.7,True,144.6552453248758
pano_885,51.506761,-0.128883,2,satellite_51.507174_-0.128892.png,493.3,-6.7,False,493.34549759777883
pano_885,51.506761,-0.128883,3,satellite_51.506640_-0.128034.png,-144.5,631.2,False,647.5289105514904
pano_885,51.506761,-0.128883,4,satellite_51.506640_-0.129750.png,-144.5,-644.6,False,660.5977671775769
pano_886,51.506784,-0.128992,1,satellite_51.506640_-0.128892.png,-172.0,74.4,True,187.40160084695114
pano_886,51.506784,-0.128992,2,satellite_51.507174_-0.128892.png,465.9,74.4,False,471.80310511907396
pano_886,51.506784,-0.128992,3,satellite_51.506640_-0.129750.png,-172.0,-563.6,False,589.2613681550828
pano_886,51.506784,-0.128992,4,satellite_51.507174_-0.129750.png,465.9,-563.6,False,731.2371503144517
pano_887,51.506779,-0.129097,1,satellite_51.506640_-0.128892.png,-166.0,152.4,True,225.3480863020585
pano_887,51.506779,-0.129097,2,satellite_51.507174_-0.128892.png,471.8,152.4,False,495.8033884515111
pano_887,51.506779,-0.129097,3,satellite_51.506640_-0.129750.png,-166.0,-485.5,False,513.0947768200335
pano_887,51.506779,-0.129097,4,satellite_51.507174_-0.129750.png,471.8,-485.5,False,676.9826364095316
pano_888,51.506772,-0.129131,1,satellite_51.506640_-0.128892.png,-157.7,177.7,True,237.58489009194165
pano_888,51.506772,-0.129131,2,satellite_51.506640_-0.129750.png,-157.7,-460.2,False,486.4702765842945
pano_888,51.506772,-0.129131,3,satellite_51.507174_-0.128892.png,480.2,177.7,False,512.024735730609
pano_888,51.506772,-0.129131,4,satellite_51.507174_-0.129750.png,480.2,-460.2,False,665.1135842846694
pano_889,51.506718,-0.129283,1,satellite_51.506640_-0.128892.png,-93.2,290.7,True,305.27484337888046
pano_889,51.506718,-0.129283,2,satellite_51.506640_-0.129750.png,-93.2,-347.2,False,359.49141853457365
pano_889,51.506718,-0.129283,3,satellite_51.507174_-0.128892.png,544.7,290.7,False,617.4176706249992
pano_889,51.506718,-0.129283,4,satellite_51.507174_-0.129750.png,544.7,-347.2,False,645.9457639771315
pano_89,51.505283,-0.131151,1,satellite_51.505037_-0.131467.png,-293.8,-235.0,True,376.2225936862378
pano_89,51.505283,-0.131151,2,satellite_51.505571_-0.131467.png,344.0,-235.0,False,416.60652899348565
pano_89,51.505283,-0.131151,3,satellite_51.505037_-0.130608.png,-293.8,403.7,False,499.29162820940627
pano_89,51.505283,-0.131151,4,satellite_51.505571_-0.130608.png,344.0,403.7,False,530.3863591760255
pano_890,51.506649,-0.129321,1,satellite_51.506640_-0.128892.png,-10.8,319.0,True,319.18276895847623
pano_890,51.506649,-0.129321,2,satellite_51.506640_-0.129750.png,-10.8,-319.0,True,319.18276895847623
pano_890,51.506649,-0.129321,3,satellite_51.507174_-0.128892.png,627.1,319.0,False,703.5733152984129
pano_890,51.506649,-0.129321,4,satellite_51.507174_-0.129750.png,627.1,-319.0,False,703.5733152984129
pano_891,51.506588,-0.129349,1,satellite_51.506640_-0.129750.png,62.1,-298.1,True,304.4996223314571
pano_891,51.506588,-0.129349,2,satellite_51.506640_-0.128892.png,62.1,339.8,False,345.4279230172338
pano_891,51.506588,-0.129349,3,satellite_51.506105_-0.129750.png,-577.0,-298.1,False,649.4556258898679
pano_891,51.506588,-0.129349,4,satellite_51.506105_-0.128892.png,-577.0,339.8,False,669.6215647662492
pano_892,51.506248,-0.130176,1,satellite_51.506105_-0.129750.png,-170.8,316.7,True,359.82152520381544
pano_892,51.506248,-0.130176,2,satellite_51.506105_-0.130608.png,-170.8,-321.2,False,363.78850998897695
pano_892,51.506248,-0.130176,3,satellite_51.506640_-0.129750.png,468.3,316.7,False,565.3351041638932
pano_892,51.506248,-0.130176,4,satellite_51.506640_-0.130608.png,468.3,-321.2,False,567.8682329554982
pano_893,51.506787,-0.129201,1,satellite_51.506640_-0.128892.png,-175.6,229.7,True,289.13223618268506
pano_893,51.506787,-0.129201,2,satellite_51.506640_-0.129750.png,-175.6,-408.2,False,444.36764058603546
pano_893,51.506787,-0.129201,3,satellite_51.507174_-0.128892.png,462.3,229.7,False,516.220282437643
pano_893,51.506787,-0.129201,4,satellite_51.507174_-0.129750.png,462.3,-408.2,False,616.7240306652564
pano_894,51.506424,-0.129257,1,satellite_51.506640_-0.128892.png,258.0,271.4,True,374.46222773465416
pano_894,51.506424,-0.129257,2,satellite_51.506640_-0.129750.png,258.0,-366.6,False,448.28513247708764
pano_894,51.506424,-0.129257,3,satellite_51.506105_-0.128892.png,-381.1,271.4,False,467.8623408653447
pano_894,51.506424,-0.129257,4,satellite_51.506105_-0.129750.png,-381.1,-366.6,False,528.8031486290528
pano_895,51.506602,-0.128983,1,satellite_51.506640_-0.128892.png,45.4,67.7,True,81.51349581511028
pano_895,51.506602,-0.128983,2,satellite_51.506640_-0.129750.png,45.4,-570.3,False,572.1042300140771
pano_895,51.506602,-0.128983,3,satellite_51.506105_-0.128892.png,-593.7,67.7,False,597.5474709175833
pano_895,51.506602,-0.128983,4,satellite_51.507174_-0.128892.png,683.3,67.7,False,686.645600000466
pano_896,51.507693,-0.123256,1,satellite_51.507708_-0.122884.png,17.9,276.6,True,277.17858863916604
pano_896,51.507693,-0.123256,2,satellite_51.507708_-0.123742.png,17.9,-361.3,False,361.74314091631373
pano_896,51.507693,-0.123256,3,satellite_51.507174_-0.122884.png,-620.0,276.6,False,678.9017307386983
pano_896,51.507693,-0.123256,4,satellite_51.508242_-0.122884.png,655.8,276.6,False,711.745179119606
pano_897,51.507981,-0.124309,1,satellite_51.508242_-0.124600.png,311.8,-216.4,True,379.5368229829617
pano_897,51.507981,-0.124309,2,satellite_51.507708_-0.124600.png,-326.1,-216.4,False,391.36960791558664
pano_897,51.507981,-0.124309,3,satellite_51.508242_-0.123742.png,311.8,421.6,False,524.3718146506351
pano_897,51.507981,-0.124309,4,satellite_51.507708_-0.123742.png,-326.1,421.6,False,532.9988461525973
pano_898,51.508185,-0.123999,1,satellite_51.508242_-0.123742.png,68.1,191.1,True,202.87143712213407
pano_898,51.508185,-0.123999,2,satellite_51.508242_-0.124600.png,68.1,-446.9,False,452.0588678479828
pano_898,51.508185,-0.123999,3,satellite_51.507708_-0.123742.png,-569.8,191.1,False,600.9918884643952
pano_898,51.508185,-0.123999,4,satellite_51.507708_-0.124600.png,-569.8,-446.9,False,724.1489142434724
pano_899,51.50816,-0.124036,1,satellite_51.508242_-0.123742.png,98.0,218.6,True,239.56201702273253
pano_899,51.50816,-0.124036,2,satellite_51.508242_-0.124600.png,98.0,-419.3,False,430.60015095213333
pano_899,51.50816,-0.124036,3,satellite_51.507708_-0.123742.png,-540.0,218.6,False,582.5684165829796
pano_899,51.50816,-0.124036,4,satellite_51.507708_-0.124600.png,-540.0,-419.3,False,683.675719914054
pano_9,51.509465,-0.127404,1,satellite_51.509311_-0.127175.png,-184.0,170.3,True,250.7151571006428
pano_9,51.509465,-0.127404,2,satellite_51.509845_-0.127175.png,454.0,170.3,False,484.88977097893087
pano_9,51.509465,-0.127404,3,satellite_51.509311_-0.128034.png,-184.0,-468.4,False,503.2440362289453
pano_9,51.509465,-0.127404,4,satellite_51.509845_-0.128034.png,454.0,-468.4,False,652.3147706437437
pano_90,51.503131,-0.134251,1,satellite_51.502900_-0.134042.png,-275.9,155.4,True,316.65433835651135
pano_90,51.503131,-0.134251,2,satellite_51.503434_-0.134042.png,361.9,155.4,False,393.8537418890418
pano_90,51.503131,-0.134251,3,satellite_51.502900_-0.134900.png,-275.9,-482.5,False,555.812072556903
pano_90,51.503131,-0.134251,4,satellite_51.503434_-0.134900.png,361.9,-482.5,False,603.140000331598
pano_900,51.508004,-0.124356,1,satellite_51.508242_-0.124600.png,284.3,-181.4,True,337.2424202261631
pano_900,51.508004,-0.124356,2,satellite_51.507708_-0.124600.png,-353.6,-181.4,False,397.41529915190733
pano_900,51.508004,-0.124356,3,satellite_51.508242_-0.123742.png,284.3,456.5,False,537.790609810175
pano_900,51.508004,-0.124356,4,satellite_51.507708_-0.123742.png,-353.6,456.5,False,577.4298312349302
pano_901,51.508067,-0.124169,1,satellite_51.508242_-0.123742.png,209.1,317.5,True,380.16977786247026
pano_901,51.508067,-0.124169,2,satellite_51.508242_-0.124600.png,209.1,-320.5,False,382.6787948136139
pano_901,51.508067,-0.124169,3,satellite_51.507708_-0.123742.png,-428.9,317.5,False,533.630452654269
pano_901,51.508067,-0.124169,4,satellite_51.507708_-0.124600.png,-428.9,-320.5,False,535.420825145978
pano_902,51.506777,-0.1288,1,satellite_51.506640_-0.128892.png,-163.7,-68.4,True,177.41547283143035
pano_902,51.506777,-0.1288,2,satellite_51.507174_-0.128892.png,474.2,-68.4,False,479.1077123152997
pano_902,51.506777,-0.1288,3,satellite_51.506640_-0.128034.png,-163.7,569.5,False,592.5604948020075
pano_902,51.506777,-0.1288,4,satellite_51.506640_-0.129750.png,-163.7,-706.3,False,725.0223306905795
pano_903,51.506838,-0.128666,1,satellite_51.506640_-0.128892.png,-236.5,-168.0,True,290.0969665473943
pano_903,51.506838,-0.128666,2,satellite_51.507174_-0.128892.png,401.4,-168.0,False,435.13901227079145
pano_903,51.506838,-0.128666,3,satellite_51.506640_-0.128034.png,-236.5,469.9,False,526.0591791804416
pano_903,51.506838,-0.128666,4,satellite_51.507174_-0.128034.png,401.4,469.9,False,618.0032119657632
pano_904,51.50663,-0.128643,1,satellite_51.506640_-0.128892.png,11.9,-185.1,True,185.4821285191649
pano_904,51.50663,-0.128643,2,satellite_51.506640_-0.128034.png,11.9,452.8,False,452.95634447482905
pano_904,51.50663,-0.128643,3,satellite_51.506105_-0.128892.png,-627.1,-185.1,False,653.8473980983637
pano_904,51.50663,-0.128643,4,satellite_51.507174_-0.128892.png,649.8,-185.1,False,675.6493543251559
pano_905,51.506719,-0.128463,1,satellite_51.506640_-0.128034.png,-94.4,319.0,True,332.67455568468114
pano_905,51.506719,-0.128463,2,satellite_51.506640_-0.128892.png,-94.4,-319.0,True,332.67455568468114
pano_905,51.506719,-0.128463,3,satellite_51.507174_-0.128034.png,543.5,319.0,False,630.2009600119632
pano_905,51.506719,-0.128463,4,satellite_51.507174_-0.128892.png,543.5,-319.0,False,630.2009600119632
pano_906,51.504816,-0.131923,1,satellite_51.505037_-0.132325.png,264.0,-298.9,True,398.7946965545053
pano_906,51.504816,-0.131923,2,satellite_51.505037_-0.131467.png,264.0,339.0,False,429.67080422109206
pano_906,51.504816,-0.131923,3,satellite_51.504503_-0.132325.png,-373.9,-298.9,False,478.6882283908807
pano_906,51.504816,-0.131923,4,satellite_51.504503_-0.131467.png,-373.9,339.0,False,504.7001188824904
pano_907,51.505196,-0.131324,1,satellite_51.505037_-0.131467.png,-189.9,-106.3,True,217.62743393239742
pano_907,51.505196,-0.131324,2,satellite_51.505571_-0.131467.png,447.9,-106.3,False,460.34128643865955
pano_907,51.505196,-0.131324,3,satellite_51.505037_-0.130608.png,-189.9,532.4,False,565.2537217922585
pano_907,51.505196,-0.131324,4,satellite_51.505571_-0.130608.png,447.9,532.4,False,695.7472026533775
pano_908,51.50586,-0.127035,1,satellite_51.506105_-0.127175.png,292.7,-104.1,True,310.66074744003305
pano_908,51.50586,-0.127035,2,satellite_51.505571_-0.127175.png,-345.2,-104.1,False,360.5549195337653
pano_908,51.50586,-0.127035,3,satellite_51.506105_-0.126317.png,292.7,533.8,False,608.7821695812057
pano_908,51.50586,-0.127035,4,satellite_51.505571_-0.126317.png,-345.2,533.8,False,635.6929132843939
pano_909,51.505257,-0.126762,1,satellite_51.505037_-0.127175.png,-262.8,-307.1,True,404.1958065096668
pano_909,51.505257,-0.126762,2,satellite_51.505037_-0.126317.png,-262.8,330.9,False,422.56200728413813
pano_909,51.505257,-0.126762,3,satellite_51.505571_-0.127175.png,375.1,-307.1,False,484.7787330318854
pano_909,51.505257,-0.126762,4,satellite_51.505571_-0.126317.png,375.1,330.9,False,500.19478205994915
pano_91,51.505872,-0.131391,1,satellite_51.506105_-0.131467.png,278.3,-56.5,True,283.977358252379
pano_91,51.505872,-0.131391,2,satellite_51.505571_-0.131467.png,-359.6,-56.5,False,364.0115520144931
pano_91,51.505872,-0.131391,3,satellite_51.506105_-0.130608.png,278.3,582.2,False,645.2966217174859
pano_91,51.505872,-0.131391,4,satellite_51.505571_-0.130608.png,-359.6,582.2,False,684.301833988482
pano_910,51.506673,-0.127196,1,satellite_51.506640_-0.127175.png,-39.4,15.6,True,42.37593656782113
pano_910,51.506673,-0.127196,2,satellite_51.507174_-0.127175.png,598.5,15.6,False,598.7032737508623
pano_910,51.506673,-0.127196,3,satellite_51.506640_-0.128034.png,-39.4,-623.1,False,624.3444321846716
pano_910,51.506673,-0.127196,4,satellite_51.506640_-0.126317.png,-39.4,653.5,False,654.686650238112
pano_911,51.506649,-0.127187,1,satellite_51.506640_-0.127175.png,-10.8,8.9,True,13.994641831786907
pano_911,51.506649,-0.127187,2,satellite_51.507174_-0.127175.png,627.1,8.9,False,627.1631526166059
pano_911,51.506649,-0.127187,3,satellite_51.506640_-0.128034.png,-10.8,-629.8,False,629.8925940190121
pano_911,51.506649,-0.127187,4,satellite_51.506640_-0.126317.png,-10.8,646.9,False,646.990146756502
pano_912,51.506031,-0.126816,1,satellite_51.506105_-0.127175.png,88.4,-266.9,True,281.1586207108009
pano_912,51.506031,-0.126816,2,satellite_51.506105_-0.126317.png,88.4,371.0,False,381.3863657762296
pano_912,51.506031,-0.126816,3,satellite_51.505571_-0.127175.png,-549.5,-266.9,False,610.8894007919928
pano_912,51.506031,-0.126816,4,satellite_51.505571_-0.126317.png,-549.5,371.0,False,663.0167795765051
pano_913,51.506102,-0.126888,1,satellite_51.506105_-0.127175.png,3.6,-213.4,True,213.4303633506723
pano_913,51.506102,-0.126888,2,satellite_51.506105_-0.126317.png,3.6,424.5,False,424.51526474321275
pano_913,51.506102,-0.126888,3,satellite_51.505571_-0.127175.png,-634.3,-213.4,False,669.2354219555327
pano_913,51.506102,-0.126888,4,satellite_51.506640_-0.127175.png,642.7,-213.4,False,677.2022223826499
pano_914,51.506058,-0.126832,1,satellite_51.506105_-0.127175.png,56.1,-255.0,True,261.09808501787217
pano_914,51.506058,-0.126832,2,satellite_51.506105_-0.126317.png,56.1,382.9,False,386.9878809471945
pano_914,51.506058,-0.126832,3,satellite_51.505571_-0.127175.png,-581.7,-255.0,False,635.1376937326268
pano_914,51.506058,-0.126832,4,satellite_51.505571_-0.126317.png,-581.7,382.9,False,696.4102957309003
pano_915,51.506008,-0.126802,1,satellite_51.506105_-0.127175.png,115.9,-277.3,True,300.54633586187674
pano_915,51.506008,-0.126802,2,satellite_51.506105_-0.126317.png,115.9,360.6,False,378.7679632703907
pano_915,51.506008,-0.126802,3,satellite_51.505571_-0.127175.png,-522.0,-277.3,False,591.083149819042
pano_915,51.506008,-0.126802,4,satellite_51.505571_-0.126317.png,-522.0,360.6,False,634.4417703777077
pano_916,51.507428,-0.1257,1,satellite_51.507174_-0.125459.png,-303.4,179.2,True,352.3694084338196
pano_916,51.507428,-0.1257,2,satellite_51.507708_-0.125459.png,334.5,179.2,False,379.47712711044915
pano_916,51.507428,-0.1257,3,satellite_51.507174_-0.126317.png,-303.4,-458.7,False,549.9611349904645
pano_916,51.507428,-0.1257,4,satellite_51.507708_-0.126317.png,334.5,-458.7,False,567.7111413386212
pano_917,51.507454,-0.125659,1,satellite_51.507708_-0.125459.png,303.4,148.7,True,337.88052622191765
pano_917,51.507454,-0.125659,2,satellite_51.507174_-0.125459.png,-334.5,148.7,False,366.0627541829406
pano_917,51.507454,-0.125659,3,satellite_51.507708_-0.126317.png,303.4,-489.2,False,575.6458981005597
pano_917,51.507454,-0.125659,4,satellite_51.507174_-0.126317.png,-334.5,-489.2,False,592.6271087285833
pano_918,51.507506,-0.12583,1,satellite_51.507708_-0.125459.png,241.3,275.8,True,366.4578147618086
pano_918,51.507506,-0.12583,2,satellite_51.507708_-0.126317.png,241.3,-362.1,False,435.13457688397966
pano_918,51.507506,-0.12583,3,satellite_51.507174_-0.125459.png,-396.6,275.8,False,483.0705952549793
pano_918,51.507506,-0.12583,4,satellite_51.507174_-0.126317.png,-396.6,-362.1,False,537.0362836904039
pano_919,51.507531,-0.125788,1,satellite_51.507708_-0.125459.png,211.4,244.6,True,323.294169449435
pano_919,51.507531,-0.125788,2,satellite_51.507708_-0.126317.png,211.4,-393.3,False,446.5141095195089
pano_919,51.507531,-0.125788,3,satellite_51.507174_-0.125459.png,-426.5,244.6,False,491.66188585246266
pano_919,51.507531,-0.125788,4,satellite_51.507174_-0.126317.png,-426.5,-393.3,False,580.1613051557299
pano_92,51.504927,-0.13109,1,satellite_51.505037_-0.131467.png,131.4,-280.3,True,309.57075120237056
pano_92,51.504927,-0.13109,2,satellite_51.505037_-0.130608.png,131.4,358.4,False,381.72833271843996
pano_92,51.504927,-0.13109,3,satellite_51.504503_-0.131467.png,-506.5,-280.3,False,578.8871565339829
pano_92,51.504927,-0.13109,4,satellite_51.504503_-0.130608.png,-506.5,358.4,False,620.4778884053807
pano_920,51.507624,-0.12602,1,satellite_51.507708_-0.126317.png,100.3,-220.8,True,242.5133604566973
pano_920,51.507624,-0.12602,2,satellite_51.507708_-0.125459.png,100.3,417.1,False,428.9900931257038
pano_920,51.507624,-0.12602,3,satellite_51.507174_-0.126317.png,-537.6,-220.8,False,581.1767373183479
pano_920,51.507624,-0.12602,4,satellite_51.507174_-0.125459.png,-537.6,417.1,False,680.4308708458193
pano_921,51.507647,-0.125983,1,satellite_51.507708_-0.126317.png,72.9,-248.3,True,258.78040884116405
pano_921,51.507647,-0.125983,2,satellite_51.507708_-0.125459.png,72.9,389.6,False,396.36166565398327
pano_921,51.507647,-0.125983,3,satellite_51.507174_-0.126317.png,-565.0,-248.3,False,617.153052329809
pano_921,51.507647,-0.125983,4,satellite_51.507174_-0.125459.png,-565.0,389.6,False,686.3039851261248
pano_922,51.507621,-0.125835,1,satellite_51.507708_-0.125459.png,103.9,279.6,True,298.28068995494834
pano_922,51.507621,-0.125835,2,satellite_51.507708_-0.126317.png,103.9,-358.4,False,373.156495320663
pano_922,51.507621,-0.125835,3,satellite_51.507174_-0.125459.png,-534.0,279.6,False,602.7704040511611
pano_922,51.507621,-0.125835,4,satellite_51.507174_-0.126317.png,-534.0,-358.4,False,643.1225077697095
pano_923,51.507801,-0.125574,1,satellite_51.507708_-0.125459.png,-111.1,85.5,True,140.19079855682398
pano_923,51.507801,-0.125574,2,satellite_51.508242_-0.125459.png,526.8,85.5,False,533.6932545948093
pano_923,51.507801,-0.125574,3,satellite_51.507708_-0.126317.png,-111.1,-552.4,False,563.4615958519267
pano_923,51.507801,-0.125574,4,satellite_51.507708_-0.124600.png,-111.1,724.2,False,732.6724029196132
pano_924,51.507666,-0.125824,1,satellite_51.507708_-0.125459.png,50.2,271.4,True,276.0036231646244
pano_924,51.507666,-0.125824,2,satellite_51.507708_-0.126317.png,50.2,-366.6,False,370.02108048055857
pano_924,51.507666,-0.125824,3,satellite_51.507174_-0.125459.png,-587.7,271.4,False,647.3401347050869
pano_924,51.507666,-0.125824,4,satellite_51.507174_-0.126317.png,-587.7,-366.6,False,692.6664781841258
pano_925,51.507969,-0.125471,1,satellite_51.507708_-0.125459.png,-311.8,8.9,True,311.92699466381555
pano_925,51.507969,-0.125471,2,satellite_51.508242_-0.125459.png,326.1,8.9,False,326.2214278676372
pano_925,51.507969,-0.125471,3,satellite_51.507708_-0.126317.png,-311.8,-629.0,False,702.040055837272
pano_925,51.507969,-0.125471,4,satellite_51.508242_-0.126317.png,326.1,-629.0,False,708.5070288995022
pano_926,51.50795,-0.125438,1,satellite_51.507708_-0.125459.png,-289.1,-15.6,True,289.5205864873861
pano_926,51.50795,-0.125438,2,satellite_51.508242_-0.125459.png,348.8,-15.6,False,349.1486789320561
pano_926,51.50795,-0.125438,3,satellite_51.507708_-0.124600.png,-289.1,623.1,False,686.9005896052208
pano_926,51.50795,-0.125438,4,satellite_51.508242_-0.124600.png,348.8,623.1,False,714.0833634807634
pano_927,51.50768,-0.125818,1,satellite_51.507708_-0.125459.png,33.4,266.9,True,268.9817280039668
pano_927,51.50768,-0.125818,2,satellite_51.507708_-0.126317.png,33.4,-371.0,False,372.50041610715016
pano_927,51.50768,-0.125818,3,satellite_51.507174_-0.125459.png,-604.5,266.9,False,660.7994098060318
pano_927,51.50768,-0.125818,4,satellite_51.507174_-0.126317.png,-604.5,-371.0,False,709.2681086866941
pano_928,51.50766,-0.125781,1,satellite_51.507708_-0.125459.png,57.3,239.4,True,246.1618370097201
pano_928,51.50766,-0.125781,2,satellite_51.507708_-0.126317.png,57.3,-398.5,False,402.5984848456338
pano_928,51.50766,-0.125781,3,satellite_51.507174_-0.125459.png,-580.6,239.4,False,628.0196812202624
pano_928,51.50766,-0.125781,4,satellite_51.507174_-0.126317.png,-580.6,-398.5,False,704.2006887244573
pano_929,51.507817,-0.125595,1,satellite_51.507708_-0.125459.png,-130.2,101.1,True,164.84310722623496
pano_929,51.507817,-0.125595,2,satellite_51.508242_-0.125459.png,507.7,101.1,False,517.6683301110857
pano_929,51.507817,-0.125595,3,satellite_51.507708_-0.126317.png,-130.2,-536.8,False,552.3642638694143
pano_929,51.507817,-0.125595,4,satellite_51.508242_-0.126317.png,507.7,-536.8,False,738.8596145412198
pano_93,51.504691,-0.131054,1,satellite_51.504503_-0.131467.png,-224.6,-307.1,True,380.4675676059656
pano_93,51.504691,-0.131054,2,satellite_51.504503_-0.130608.png,-224.6,331.6,False,400.50433206146477
pano_93,51.504691,-0.131054,3,satellite_51.505037_-0.131467.png,413.3,-307.1,False,514.9051368941662
pano_93,51.504691,-0.131054,4,satellite_51.505037_-0.130608.png,413.3,331.6,False,529.8824869723475
pano_930,51.507247,-0.125275,1,satellite_51.507174_-0.125459.png,-87.2,-136.8,True,162.22848085339393
pano_930,51.507247,-0.125275,2,satellite_51.507174_-0.124600.png,-87.2,501.9,False,509.41873738605256
pano_930,51.507247,-0.125275,3,satellite_51.507708_-0.125459.png,550.7,-136.8,False,567.4369832853689
pano_930,51.507247,-0.125275,4,satellite_51.506640_-0.125459.png,-725.1,-136.8,False,737.891760355135
pano_931,51.507298,-0.125396,1,satellite_51.507174_-0.125459.png,-148.1,-46.8,True,155.31854364498787
pano_931,51.507298,-0.125396,2,satellite_51.507708_-0.125459.png,489.8,-46.8,False,492.0307713954484
pano_931,51.507298,-0.125396,3,satellite_51.507174_-0.124600.png,-148.1,591.8,False,610.0498750102322
pano_931,51.507298,-0.125396,4,satellite_51.507174_-0.126317.png,-148.1,-684.8,False,700.6316079081788
pano_932,51.508705,-0.123901,1,satellite_51.508776_-0.123742.png,84.8,118.2,True,145.472609105632
pano_932,51.508705,-0.123901,2,satellite_51.508776_-0.124600.png,84.8,-519.7,False,526.5730053848184
pano_932,51.508705,-0.123901,3,satellite_51.508242_-0.123742.png,-553.1,118.2,False,565.5889408395465
pano_932,51.508705,-0.123901,4,satellite_51.509311_-0.123742.png,723.9,118.2,False,733.4865029433057
pano_933,51.506201,-0.124293,1,satellite_51.506105_-0.124600.png,-114.7,-228.3,True,255.49360070263992
pano_933,51.506201,-0.124293,2,satellite_51.506105_-0.123742.png,-114.7,409.7,False,425.45291161302447
pano_933,51.506201,-0.124293,3,satellite_51.506640_-0.124600.png,524.4,-228.3,False,571.9407749059337
pano_933,51.506201,-0.124293,4,satellite_51.506640_-0.123742.png,524.4,409.7,False,665.4693456501208
pano_934,51.509776,-0.126062,1,satellite_51.509845_-0.126317.png,82.4,-189.6,True,206.73151670705656
pano_934,51.509776,-0.126062,2,satellite_51.509845_-0.125459.png,82.4,448.3,False,455.8098836137716
pano_934,51.509776,-0.126062,3,satellite_51.509311_-0.126317.png,-555.5,-189.6,False,586.9654248761166
pano_934,51.509776,-0.126062,4,satellite_51.509311_-0.125459.png,-555.5,448.3,False,713.8299097123908
pano_935,51.509621,-0.126001,1,satellite_51.509845_-0.126317.png,267.6,-235.0,True,356.13868085340016
pano_935,51.509621,-0.126001,2,satellite_51.509311_-0.126317.png,-370.3,-235.0,False,438.5739276336431
pano_935,51.509621,-0.126001,3,satellite_51.509845_-0.125459.png,267.6,403.0,False,483.7548552727921
pano_935,51.509621,-0.126001,4,satellite_51.509311_-0.125459.png,-370.3,403.0,False,547.2943358011299
pano_936,51.509611,-0.125989,1,satellite_51.509845_-0.126317.png,279.5,-243.9,True,370.95479508964434
pano_936,51.509611,-0.125989,2,satellite_51.509311_-0.126317.png,-358.4,-243.9,False,433.517900437802
pano_936,51.509611,-0.125989,3,satellite_51.509845_-0.125459.png,279.5,394.1,False,483.1511771692169
pano_936,51.509611,-0.125989,4,satellite_51.509311_-0.125459.png,-358.4,394.1,False,532.6963206180421
pano_937,51.509715,-0.123441,1,satellite_51.509845_-0.123742.png,155.3,-223.8,True,272.4050843872045
pano_937,51.509715,-0.123441,2,satellite_51.509845_-0.122884.png,155.3,414.1,False,442.26338306488816
pano_937,51.509715,-0.123441,3,satellite_51.509311_-0.123742.png,-482.6,-223.8,False,531.9672922276332
pano_937,51.509715,-0.123441,4,satellite_51.509311_-0.122884.png,-482.6,414.1,False,635.9100329449128
pano_938,51.507902,-0.12822,1,satellite_51.507708_-0.128034.png,-231.7,138.3,True,269.83658017400086
pano_938,51.507902,-0.12822,2,satellite_51.508242_-0.128034.png,406.2,138.3,False,429.0982754568002
pano_938,51.507902,-0.12822,3,satellite_51.507708_-0.128892.png,-231.7,-499.6,False,550.7132193801053
pano_938,51.507902,-0.12822,4,satellite_51.508242_-0.128892.png,406.2,-499.6,False,643.8933141445095
pano_939,51.509456,-0.126975,1,satellite_51.509311_-0.127175.png,-173.2,-148.7,True,228.27599523383967
pano_939,51.509456,-0.126975,2,satellite_51.509845_-0.127175.png,464.7,-148.7,False,487.9116518387319
pano_939,51.509456,-0.126975,3,satellite_51.509311_-0.126317.png,-173.2,489.2,False,518.9555664987129
pano_939,51.509456,-0.126975,4,satellite_51.509845_-0.126317.png,464.7,489.2,False,674.7315984893548
pano_94,51.50458,-0.132221,1,satellite_51.504503_-0.132325.png,-92.0,-77.3,True,120.16359681700611
pano_94,51.50458,-0.132221,2,satellite_51.505037_-0.132325.png,545.9,-77.3,False,551.3457173135563
pano_94,51.50458,-0.132221,3,satellite_51.504503_-0.131467.png,-92.0,560.6,False,568.098899840512
pano_94,51.50458,-0.132221,4,satellite_51.504503_-0.133183.png,-92.0,-715.3,False,721.1921311273438
pano_940,51.50947,-0.126956,1,satellite_51.509311_-0.127175.png,-189.9,-162.8,True,250.13166532848257
pano_940,51.50947,-0.126956,2,satellite_51.509845_-0.127175.png,448.0,-162.8,False,476.6632354188857
pano_940,51.50947,-0.126956,3,satellite_51.509311_-0.126317.png,-189.9,475.1,False,511.64638179117424
pano_940,51.50947,-0.126956,4,satellite_51.509845_-0.126317.png,448.0,475.1,False,653.0114930075887
pano_941,51.508278,-0.12815,1,satellite_51.508242_-0.128034.png,-43.0,86.2,True,96.32984999469272
pano_941,51.508278,-0.12815,2,satellite_51.508242_-0.128892.png,-43.0,-551.7,False,553.3731923394917
pano_941,51.508278,-0.12815,3,satellite_51.508776_-0.128034.png,594.9,86.2,False,601.1126766256057
pano_941,51.508278,-0.12815,4,satellite_51.507708_-0.128034.png,-680.9,86.2,False,686.3346486955179
pano_942,51.506681,-0.12879,1,satellite_51.506640_-0.128892.png,-49.0,-75.8,True,90.25873918906689
pano_942,51.506681,-0.12879,2,satellite_51.506640_-0.128034.png,-49.0,562.1,False,564.2316988613809
pano_942,51.506681,-0.12879,3,satellite_51.507174_-0.128892.png,588.9,-75.8,False,593.7582420480578
pano_942,51.506681,-0.12879,4,satellite_51.506105_-0.128892.png,-688.1,-75.8,False,692.2624141176524
pano_943,51.506839,-0.128406,1,satellite_51.506640_-0.128034.png,-237.7,276.6,True,364.7037839123691
pano_943,51.506839,-0.128406,2,satellite_51.506640_-0.128892.png,-237.7,-361.3,False,432.4800342212343
pano_943,51.506839,-0.128406,3,satellite_51.507174_-0.128034.png,400.2,276.6,False,486.4849432407955
pano_943,51.506839,-0.128406,4,satellite_51.507174_-0.128892.png,400.2,-361.3,False,539.1639175612552
pano_944,51.507639,-0.128692,1,satellite_51.507708_-0.128892.png,82.4,-148.7,True,170.00426465239042
pano_944,51.507639,-0.128692,2,satellite_51.507708_-0.128034.png,82.4,489.2,False,496.0911206623235
pano_944,51.507639,-0.128692,3,satellite_51.507174_-0.128892.png,-555.5,-148.7,False,575.0582057496441
pano_944,51.507639,-0.128692,4,satellite_51.508242_-0.128892.png,720.3,-148.7,False,735.4888034497874
pano_945,51.507173,-0.128105,1,satellite_51.507174_-0.128034.png,1.2,52.8,True,52.813634603196924
pano_945,51.507173,-0.128105,2,satellite_51.507174_-0.128892.png,1.2,-585.1,False,585.1012305575848
pano_945,51.507173,-0.128105,3,satellite_51.506640_-0.128034.png,-636.7,52.8,False,638.8855374791325
pano_945,51.507173,-0.128105,4,satellite_51.507708_-0.128034.png,639.1,52.8,False,641.2773580908654
pano_946,51.507895,-0.126917,1,satellite_51.507708_-0.127175.png,-223.4,-191.8,True,294.4398070913646
pano_946,51.507895,-0.126917,2,satellite_51.508242_-0.127175.png,414.5,-191.8,False,456.7247420493004
pano_946,51.507895,-0.126917,3,satellite_51.507708_-0.126317.png,-223.4,446.1,False,498.9115853535574
pano_946,51.507895,-0.126917,4,satellite_51.508242_-0.126317.png,414.5,446.1,False,608.9461880987515
pano_947,51.507056,-0.127668,1,satellite_51.507174_-0.128034.png,141.0,-272.1,True,306.4627383549263
pano_947,51.507056,-0.127668,2,satellite_51.507174_-0.127175.png,141.0,366.6,False,392.7805494165922
pano_947,51.507056,-0.127668,3,satellite_51.506640_-0.128034.png,-496.9,-272.1,False,566.522744468393
pano_947,51.507056,-0.127668,4,satellite_51.506640_-0.127175.png,-496.9,366.6,False,617.4991255054537
pano_948,51.507916,-0.127075,1,satellite_51.507708_-0.127175.png,-248.5,-74.4,True,259.3985543521783
pano_948,51.507916,-0.127075,2,satellite_51.508242_-0.127175.png,389.4,-74.4,False,396.4438421769217
pano_948,51.507916,-0.127075,3,satellite_51.507708_-0.126317.png,-248.5,563.6,False,615.9522789957027
pano_948,51.507916,-0.127075,4,satellite_51.508242_-0.126317.png,389.4,563.6,False,685.0381887165123
pano_949,51.507911,-0.127188,1,satellite_51.507708_-0.127175.png,-242.5,9.7,True,242.69392246201798
pano_949,51.507911,-0.127188,2,satellite_51.508242_-0.127175.png,395.4,9.7,False,395.51896288294444
pano_949,51.507911,-0.127188,3,satellite_51.507708_-0.128034.png,-242.5,-629.0,False,674.1270280889204
pano_949,51.507911,-0.127188,4,satellite_51.507708_-0.126317.png,-242.5,647.6,False,691.5142876325839
pano_95,51.505238,-0.131231,1,satellite_51.505037_-0.131467.png,-240.1,-175.5,True,297.4025218453939
pano_95,51.505238,-0.131231,2,satellite_51.505571_-0.131467.png,397.8,-175.5,False,434.7931577198519
pano_95,51.505238,-0.131231,3,satellite_51.505037_-0.130608.png,-240.1,463.2,False,521.7300547217881
pano_95,51.505238,-0.131231,4,satellite_51.505571_-0.130608.png,397.8,463.2,False,610.5727475084357
pano_950,51.507915,-0.127105,1,satellite_51.507708_-0.127175.png,-247.3,-52.0,True,252.70791439921308
pano_950,51.507915,-0.127105,2,satellite_51.508242_-0.127175.png,390.6,-52.0,False,394.0461394303972
pano_950,51.507915,-0.127105,3,satellite_51.507708_-0.126317.png,-247.3,585.9,False,635.9529070615213
pano_950,51.507915,-0.127105,4,satellite_51.508242_-0.126317.png,390.6,585.9,False,704.1641640981171
pano_951,51.50783,-0.126859,1,satellite_51.507708_-0.127175.png,-145.7,-235.0,True,276.5022423055553
pano_951,51.50783,-0.126859,2,satellite_51.507708_-0.126317.png,-145.7,403.0,False,428.52945056320226
pano_951,51.50783,-0.126859,3,satellite_51.508242_-0.127175.png,492.2,-235.0,False,545.4226251266076
pano_951,51.50783,-0.126859,4,satellite_51.508242_-0.126317.png,492.2,403.0,False,636.1366519860336
pano_952,51.507858,-0.126883,1,satellite_51.507708_-0.127175.png,-179.2,-217.1,True,281.5049733130837
pano_952,51.507858,-0.126883,2,satellite_51.507708_-0.126317.png,-179.2,420.8,False,457.3677732416223
pano_952,51.507858,-0.126883,3,satellite_51.508242_-0.127175.png,458.7,-217.1,False,507.4821179115575
pano_952,51.507858,-0.126883,4,satellite_51.508242_-0.126317.png,458.7,420.8,False,622.4775738932287
pano_953,51.507921,-0.126993,1,satellite_51.507708_-0.127175.png,-254.4,-135.3,True,288.14137155222954
pano_953,51.507921,-0.126993,2,satellite_51.508242_-0.127175.png,383.5,-135.3,False,406.6673579229098
pano_953,51.507921,-0.126993,3,satellite_51.507708_-0.126317.png,-254.4,502.6,False,563.3170687987362
pano_953,51.507921,-0.126993,4,satellite_51.508242_-0.126317.png,383.5,502.6,False,632.2017162267119
pano_954,51.508942,-0.130508,1,satellite_51.508776_-0.130608.png,-198.3,-74.4,True,211.79766287662383
pano_954,51.508942,-0.130508,2,satellite_51.509311_-0.130608.png,440.8,-74.4,False,447.03467427035235
pano_954,51.508942,-0.130508,3,satellite_51.508776_-0.129750.png,-198.3,563.6,False,597.4678652446506
pano_954,51.508942,-0.130508,4,satellite_51.509311_-0.129750.png,440.8,563.6,False,715.5065338625498
pano_955,51.507954,-0.124903,1,satellite_51.507708_-0.124600.png,-293.9,225.3,True,370.3205368326202
pano_955,51.507954,-0.124903,2,satellite_51.508242_-0.124600.png,344.0,225.3,False,411.21294969881484
pano_955,51.507954,-0.124903,3,satellite_51.507708_-0.125459.png,-293.9,-413.4,False,507.2245755087188
pano_955,51.507954,-0.124903,4,satellite_51.508242_-0.125459.png,344.0,-413.4,False,537.8062476394264
pano_956,51.507707,-0.123176,1,satellite_51.507708_-0.122884.png,1.2,217.1,True,217.1033164187042
pano_956,51.507707,-0.123176,2,satellite_51.507708_-0.123742.png,1.2,-420.8,False,420.8017110231374
pano_956,51.507707,-0.123176,3,satellite_51.507174_-0.122884.png,-636.7,217.1,False,672.6955477777448
pano_956,51.507707,-0.123176,4,satellite_51.508242_-0.122884.png,639.1,217.1,False,674.96756959131
pano_957,51.508117,-0.123881,1,satellite_51.508242_-0.123742.png,149.3,103.3,True,181.55269207588194
pano_957,51.508117,-0.123881,2,satellite_51.507708_-0.123742.png,-488.6,103.3,False,499.4004905884655
pano_957,51.508117,-0.123881,3,satellite_51.508242_-0.124600.png,149.3,-534.6,False,555.0564385717906
pano_957,51.508117,-0.123881,4,satellite_51.507708_-0.124600.png,-488.6,-534.6,False,724.2424455940152
pano_958,51.508051,-0.124072,1,satellite_51.508242_-0.123742.png,228.2,245.4,True,335.1065502194787
pano_958,51.508051,-0.124072,2,satellite_51.508242_-0.124600.png,228.2,-392.6,False,454.1035124286092
pano_958,51.508051,-0.124072,3,satellite_51.507708_-0.123742.png,-409.7,245.4,False,477.5722458434954
pano_958,51.508051,-0.124072,4,satellite_51.507708_-0.124600.png,-409.7,-392.6,False,567.4406136328276
pano_959,51.508049,-0.123977,1,satellite_51.508242_-0.123742.png,230.6,174.7,True,289.3033874672054
pano_959,51.508049,-0.123977,2,satellite_51.507708_-0.123742.png,-407.4,174.7,False,443.2773962204705
pano_959,51.508049,-0.123977,3,satellite_51.508242_-0.124600.png,230.6,-463.2,False,517.426903050083
pano_959,51.508049,-0.123977,4,satellite_51.507708_-0.124600.png,-407.4,-463.2,False,616.8703267300186
pano_96,51.505857,-0.126818,1,satellite_51.506105_-0.127175.png,296.2,-265.4,True,397.70793303629233
pano_96,51.505857,-0.126818,2,satellite_51.505571_-0.127175.png,-341.6,-265.4,False,432.5826163867429
pano_96,51.505857,-0.126818,3,satellite_51.506105_-0.126317.png,296.2,372.5,False,475.91038021879706
pano_96,51.505857,-0.126818,4,satellite_51.505571_-0.126317.png,-341.6,372.5,False,505.41746111506677
pano_960,51.507993,-0.124056,1,satellite_51.508242_-0.123742.png,297.5,233.5,True,378.19108926573085
pano_960,51.507993,-0.124056,2,satellite_51.507708_-0.123742.png,-340.5,233.5,False,412.87104524294267
pano_960,51.507993,-0.124056,3,satellite_51.508242_-0.124600.png,297.5,-404.5,False,502.12199712818796
pano_960,51.507993,-0.124056,4,satellite_51.507708_-0.124600.png,-340.5,-404.5,False,528.7348106565332
pano_961,51.508036,-0.123995,1,satellite_51.508242_-0.123742.png,246.1,188.1,True,309.75283695230297
pano_961,51.508036,-0.123995,2,satellite_51.507708_-0.123742.png,-391.8,188.1,False,434.6134489405499
pano_961,51.508036,-0.123995,3,satellite_51.508242_-0.124600.png,246.1,-449.8,False,512.7233659586815
pano_961,51.508036,-0.123995,4,satellite_51.507708_-0.124600.png,-391.8,-449.8,False,596.5125983581571
pano_962,51.507668,-0.12858,1,satellite_51.507708_-0.128892.png,47.8,-232.0,True,236.8730461660845
pano_962,51.507668,-0.12858,2,satellite_51.507708_-0.128034.png,47.8,406.0,False,408.8041584915692
pano_962,51.507668,-0.12858,3,satellite_51.507174_-0.128892.png,-590.1,-232.0,False,634.0678276020634
pano_962,51.507668,-0.12858,4,satellite_51.507174_-0.128034.png,-590.1,406.0,False,716.2778860191064
pano_963,51.507905,-0.127304,1,satellite_51.507708_-0.127175.png,-235.3,95.9,True,254.0923060621868
pano_963,51.507905,-0.127304,2,satellite_51.508242_-0.127175.png,402.6,95.9,False,413.86419270093904
pano_963,51.507905,-0.127304,3,satellite_51.507708_-0.128034.png,-235.3,-542.8,False,591.6062288380675
pano_963,51.507905,-0.127304,4,satellite_51.508242_-0.128034.png,402.6,-542.8,False,675.8095885676674
pano_964,51.508221,-0.128126,1,satellite_51.508242_-0.128034.png,25.1,68.4,True,72.8599341202008
pano_964,51.508221,-0.128126,2,satellite_51.508242_-0.128892.png,25.1,-569.5,False,570.0528571983479
pano_964,51.508221,-0.128126,3,satellite_51.507708_-0.128034.png,-612.8,68.4,False,616.605546520626
pano_964,51.508221,-0.128126,4,satellite_51.508776_-0.128034.png,663.0,68.4,False,666.5189869763651
pano_965,51.508113,-0.128774,1,satellite_51.508242_-0.128892.png,154.1,-87.7,True,177.30792424480074
pano_965,51.508113,-0.128774,2,satellite_51.507708_-0.128892.png,-483.8,-87.7,False,491.6845838543243
pano_965,51.508113,-0.128774,3,satellite_51.508242_-0.128034.png,154.1,550.2,False,571.3727767403694
pano_965,51.508113,-0.128774,4,satellite_51.507708_-0.128034.png,-483.8,550.2,False,732.6544069341288
pano_966,51.507778,-0.128631,1,satellite_51.507708_-0.128892.png,-83.6,-194.1,True,211.33804674028764
pano_966,51.507778,-0.128631,2,satellite_51.507708_-0.128034.png,-83.6,443.9,False,451.7036307137679
pano_966,51.507778,-0.128631,3,satellite_51.508242_-0.128892.png,554.3,-194.1,False,587.3017112183481
pano_966,51.507778,-0.128631,4,satellite_51.508242_-0.128034.png,554.3,443.9,False,710.1378035283011
pano_967,51.508416,-0.127665,1,satellite_51.508242_-0.128034.png,-207.9,-274.4,True,344.264099202923
pano_967,51.508416,-0.127665,2,satellite_51.508242_-0.127175.png,-207.9,364.3,False,419.4483281645071
pano_967,51.508416,-0.127665,3,satellite_51.508776_-0.128034.png,430.1,-274.4,False,510.17778273852736
pano_967,51.508416,-0.127665,4,satellite_51.508776_-0.127175.png,430.1,364.3,False,563.6492703800831
pano_968,51.508249,-0.128656,1,satellite_51.508242_-0.128892.png,-8.4,-175.5,True,175.7009106407818
pano_968,51.508249,-0.128656,2,satellite_51.508242_-0.128034.png,-8.4,462.5,False,462.5762747915202
pano_968,51.508249,-0.128656,3,satellite_51.508776_-0.128892.png,629.5,-175.5,False,653.5063121347796
pano_968,51.508249,-0.128656,4,satellite_51.507708_-0.128892.png,-646.3,-175.5,False,669.7043676130535
pano_969,51.507813,-0.127341,1,satellite_51.507708_-0.127175.png,-125.4,123.4,True,175.9338512055028
pano_969,51.507813,-0.127341,2,satellite_51.508242_-0.127175.png,512.5,123.4,False,527.1468580955406
pano_969,51.507813,-0.127341,3,satellite_51.507708_-0.128034.png,-125.4,-515.3,False,530.3388068018405
pano_969,51.507813,-0.127341,4,satellite_51.508242_-0.128034.png,512.5,-515.3,False,726.7670465837041
pano_97,51.507163,-0.127737,1,satellite_51.507174_-0.128034.png,13.1,-220.8,True,221.18826822415335
pano_97,51.507163,-0.127737,2,satellite_51.507174_-0.127175.png,13.1,417.9,False,418.1052738246672
pano_97,51.507163,-0.127737,3,satellite_51.506640_-0.128034.png,-624.8,-220.8,False,662.667095908647
pano_97,51.507163,-0.127737,4,satellite_51.507708_-0.128034.png,651.0,-220.8,False,687.4253704948633
pano_970,51.507992,-0.12734,1,satellite_51.508242_-0.127175.png,298.6,122.7,True,322.8269660359866
pano_970,51.507992,-0.12734,2,satellite_51.507708_-0.127175.png,-339.3,122.7,False,360.80435141500163
pano_970,51.507992,-0.12734,3,satellite_51.508242_-0.128034.png,298.6,-516.0,False,596.1694054545235
pano_970,51.507992,-0.12734,4,satellite_51.507708_-0.128034.png,-339.3,-516.0,False,617.5601104346038
pano_971,51.50833,-0.127468,1,satellite_51.508242_-0.127175.png,-105.1,217.8,True,241.83227658854804
pano_971,51.50833,-0.127468,2,satellite_51.508242_-0.128034.png,-105.1,-420.8,False,433.7264691023595
pano_971,51.50833,-0.127468,3,satellite_51.508776_-0.127175.png,532.8,217.8,False,575.5976719897327
pano_971,51.50833,-0.127468,4,satellite_51.508776_-0.128034.png,532.8,-420.8,False,678.9318669793015
pano_972,51.508566,-0.127728,1,satellite_51.508776_-0.128034.png,250.9,-227.5,True,338.6843072833461
pano_972,51.508566,-0.127728,2,satellite_51.508242_-0.128034.png,-387.0,-227.5,False,448.9156379543934
pano_972,51.508566,-0.127728,3,satellite_51.508776_-0.127175.png,250.9,411.2,False,481.70141166494415
pano_972,51.508566,-0.127728,4,satellite_51.508242_-0.127175.png,-387.0,411.2,False,564.6719755752007
pano_973,51.508402,-0.128722,1,satellite_51.508242_-0.128892.png,-191.1,-126.4,True,229.12042685016104
pano_973,51.508402,-0.128722,2,satellite_51.508776_-0.128892.png,446.8,-126.4,False,464.3352237338882
pano_973,51.508402,-0.128722,3,satellite_51.508242_-0.128034.png,-191.1,511.5,False,546.0324715619026
pano_973,51.508402,-0.128722,4,satellite_51.508776_-0.128034.png,446.8,511.5,False,679.1630805631296
pano_974,51.507144,-0.129212,1,satellite_51.507174_-0.128892.png,35.8,237.9,True,240.57857344327238
pano_974,51.507144,-0.129212,2,satellite_51.507174_-0.129750.png,35.8,-400.0,False,401.59885458003987
pano_974,51.507144,-0.129212,3,satellite_51.506640_-0.128892.png,-602.1,237.9,False,647.3954124026521
pano_974,51.507144,-0.129212,4,satellite_51.507708_-0.128892.png,673.7,237.9,False,714.4705032399869
pano_975,51.507179,-0.129461,1,satellite_51.507174_-0.129750.png,-6.0,-214.9,True,214.9837435714617
pano_975,51.507179,-0.129461,2,satellite_51.507174_-0.128892.png,-6.0,423.1,False,423.1425409953483
pano_975,51.507179,-0.129461,3,satellite_51.507708_-0.129750.png,631.9,-214.9,False,667.4425967826746
pano_975,51.507179,-0.129461,4,satellite_51.506640_-0.129750.png,-643.9,-214.9,False,678.8145696727494
pano_976,51.507291,-0.127638,1,satellite_51.507174_-0.128034.png,-139.8,-294.4,True,325.90704196135437
pano_976,51.507291,-0.127638,2,satellite_51.507174_-0.127175.png,-139.8,344.2,False,371.5073081380769
pano_976,51.507291,-0.127638,3,satellite_51.507708_-0.128034.png,498.1,-294.4,False,578.5974161712097
pano_976,51.507291,-0.127638,4,satellite_51.507708_-0.127175.png,498.1,344.2,False,605.4562329351313
pano_977,51.507294,-0.127623,1,satellite_51.507174_-0.128034.png,-143.3,-305.6,True,337.5296283291291
pano_977,51.507294,-0.127623,2,satellite_51.507174_-0.127175.png,-143.3,333.1,False,362.61618827625443
pano_977,51.507294,-0.127623,3,satellite_51.507708_-0.128034.png,494.5,-305.6,False,581.3102527910548
pano_977,51.507294,-0.127623,4,satellite_51.507708_-0.127175.png,494.5,333.1,False,596.2263496357738
pano_978,51.507289,-0.127653,1,satellite_51.507174_-0.128034.png,-137.4,-283.3,True,314.86131867855727
pano_978,51.507289,-0.127653,2,satellite_51.507174_-0.127175.png,-137.4,355.4,False,381.0353264462496
pano_978,51.507289,-0.127653,3,satellite_51.507708_-0.128034.png,500.5,-283.3,False,575.1166316496159
pano_978,51.507289,-0.127653,4,satellite_51.507708_-0.127175.png,500.5,355.4,False,613.8480349402448
pano_979,51.50729,-0.127666,1,satellite_51.507174_-0.128034.png,-138.6,-273.6,True,306.70330940503396
pano_979,51.50729,-0.127666,2,satellite_51.507174_-0.127175.png,-138.6,365.1,False,390.5226882013387
pano_979,51.50729,-0.127666,3,satellite_51.507708_-0.128034.png,499.3,-273.6,False,569.3482677588472
pano_979,51.50729,-0.127666,4,satellite_51.507708_-0.127175.png,499.3,365.1,False,618.54547124686
pano_98,51.507254,-0.127413,1,satellite_51.507174_-0.127175.png,-95.6,177.0,True,201.16749240371814
pano_98,51.507254,-0.127413,2,satellite_51.507174_-0.128034.png,-95.6,-461.7,False,471.4936372847464
pano_98,51.507254,-0.127413,3,satellite_51.507708_-0.127175.png,542.3,177.0,False,570.4544591814495
pano_98,51.507254,-0.127413,4,satellite_51.507708_-0.128034.png,542.3,-461.7,False,712.2191937879799
pano_980,51.507297,-0.127614,1,satellite_51.507174_-0.128034.png,-146.9,-312.3,True,345.1244703002092
pano_980,51.507297,-0.127614,2,satellite_51.507174_-0.127175.png,-146.9,326.4,False,357.93375085342257
pano_980,51.507297,-0.127614,3,satellite_51.507708_-0.128034.png,491.0,-312.3,False,581.9040212956085
pano_980,51.507297,-0.127614,4,satellite_51.507708_-0.127175.png,491.0,326.4,False,589.5913500043907
pano_981,51.507292,-0.127677,1,satellite_51.507174_-0.128034.png,-141.0,-265.4,True,300.5297988552882
pano_981,51.507292,-0.127677,2,satellite_51.507174_-0.127175.png,-141.0,373.2,False,398.9476657407585
pano_981,51.507292,-0.127677,3,satellite_51.507708_-0.128034.png,496.9,-265.4,False,563.3353974321159
pano_981,51.507292,-0.127677,4,satellite_51.507708_-0.127175.png,496.9,373.2,False,621.440141928408
pano_982,51.507301,-0.127604,1,satellite_51.507174_-0.127175.png,-151.7,319.0,True,353.23347802834314
pano_982,51.507301,-0.127604,2,satellite_51.507174_-0.128034.png,-151.7,-319.7,True,353.86576551003066
pano_982,51.507301,-0.127604,3,satellite_51.507708_-0.127175.png,486.2,319.0,False,581.5079019239549
pano_982,51.507301,-0.127604,4,satellite_51.507708_-0.128034.png,486.2,-319.7,False,581.8921979198552
pano_983,51.507296,-0.127689,1,satellite_51.507174_-0.128034.png,-145.7,-256.5,True,294.99277957265326
pano_983,51.507296,-0.127689,2,satellite_51.507174_-0.127175.png,-145.7,382.2,False,409.02974219486777
pano_983,51.507296,-0.127689,3,satellite_51.507708_-0.128034.png,492.2,-256.5,False,555.0253057293875
pano_983,51.507296,-0.127689,4,satellite_51.507708_-0.127175.png,492.2,382.2,False,623.1674574301838
pano_984,51.507307,-0.127596,1,satellite_51.507174_-0.127175.png,-158.9,313.0,True,351.0245148134244
pano_984,51.507307,-0.127596,2,satellite_51.507174_-0.128034.png,-158.9,-325.7,False,362.39439841145446
pano_984,51.507307,-0.127596,3,satellite_51.507708_-0.127175.png,479.0,313.0,False,572.1975183448457
pano_984,51.507307,-0.127596,4,satellite_51.507708_-0.128034.png,479.0,-325.7,False,579.242168699759
pano_985,51.507304,-0.1277,1,satellite_51.507174_-0.128034.png,-155.3,-248.3,True,292.8668298049474
pano_985,51.507304,-0.1277,2,satellite_51.507174_-0.127175.png,-155.3,390.3,False,420.0621144545173
pano_985,51.507304,-0.1277,3,satellite_51.507708_-0.128034.png,482.6,-248.3,False,542.729813074609
pano_985,51.507304,-0.1277,4,satellite_51.507708_-0.127175.png,482.6,390.3,False,620.6745121237057
pano_986,51.507314,-0.127591,1,satellite_51.507174_-0.127175.png,-167.2,309.3,True,351.5996729236249
pano_986,51.507314,-0.127591,2,satellite_51.507174_-0.128034.png,-167.2,-329.4,False,369.4051975811926
pano_986,51.507314,-0.127591,3,satellite_51.507708_-0.127175.png,470.7,309.3,False,563.2272898217913
pano_986,51.507314,-0.127591,4,satellite_51.507708_-0.128034.png,470.7,-329.4,False,574.5109659527832
pano_987,51.507315,-0.12771,1,satellite_51.507174_-0.128034.png,-168.4,-240.9,True,293.9240888392784
pano_987,51.507315,-0.12771,2,satellite_51.507174_-0.127175.png,-168.4,397.8,False,431.9761567494206
pano_987,51.507315,-0.12771,3,satellite_51.507708_-0.128034.png,469.5,-240.9,False,527.6959920257117
pano_987,51.507315,-0.12771,4,satellite_51.507708_-0.127175.png,469.5,397.8,False,615.3658180302185
pano_988,51.50732,-0.12759,1,satellite_51.507174_-0.127175.png,-174.4,308.6,True,354.4704783194223
pano_988,51.50732,-0.12759,2,satellite_51.507174_-0.128034.png,-174.4,-330.1,False,373.3381443142396
pano_988,51.50732,-0.12759,3,satellite_51.507708_-0.127175.png,463.5,308.6,False,556.8358914437897
pano_988,51.50732,-0.12759,4,satellite_51.507708_-0.128034.png,463.5,-330.1,False,569.032740710058
pano_989,51.507324,-0.127716,1,satellite_51.507174_-0.128034.png,-179.2,-236.4,True,296.64389425707043
pano_989,51.507324,-0.127716,2,satellite_51.507174_-0.127175.png,-179.2,402.2,False,440.31520527912727
pano_989,51.507324,-0.127716,3,satellite_51.507708_-0.128034.png,458.7,-236.4,False,516.0335744891024
pano_989,51.507324,-0.127716,4,satellite_51.507708_-0.127175.png,458.7,402.2,False,610.0578087361886
pano_99,51.50685,-0.127396,1,satellite_51.506640_-0.127175.png,-250.9,164.3,True,299.9088194768537
pano_99,51.50685,-0.127396,2,satellite_51.507174_-0.127175.png,387.0,164.3,False,420.43250350085924
pano_99,51.50685,-0.127396,3,satellite_51.506640_-0.128034.png,-250.9,-474.4,False,536.6620631272533
pano_99,51.50685,-0.127396,4,satellite_51.507174_-0.128034.png,387.0,-474.4,False,612.2290094400951
pano_990,51.50733,-0.127587,1,satellite_51.507174_-0.127175.png,-186.4,306.3,True,358.55913040947655
pano_990,51.50733,-0.127587,2,satellite_51.507174_-0.128034.png,-186.4,-332.4,False,381.0967331269057
pano_990,51.50733,-0.127587,3,satellite_51.507708_-0.127175.png,451.5,306.3,False,545.5932001042535
pano_990,51.50733,-0.127587,4,satellite_51.507708_-0.128034.png,451.5,-332.4,False,560.6621175003711
pano_991,51.507337,-0.127721,1,satellite_51.507174_-0.128034.png,-194.7,-232.7,True,303.40959114701695
pano_991,51.507337,-0.127721,2,satellite_51.507174_-0.127175.png,-194.7,406.0,False,450.2711294320345
pano_991,51.507337,-0.127721,3,satellite_51.507708_-0.128034.png,443.2,-232.7,False,500.5751991459425
pano_991,51.507337,-0.127721,4,satellite_51.507708_-0.127175.png,443.2,406.0,False,601.0509462599656
pano_992,51.507337,-0.127587,1,satellite_51.507174_-0.127175.png,-194.7,306.3,True,362.9432186995646
pano_992,51.507337,-0.127587,2,satellite_51.507174_-0.128034.png,-194.7,-332.4,False,385.22441511409943
pano_992,51.507337,-0.127587,3,satellite_51.507708_-0.127175.png,443.2,306.3,False,538.7447725964494
pano_992,51.507337,-0.127587,4,satellite_51.507708_-0.128034.png,443.2,-332.4,False,554.0
pano_993,51.507347,-0.127718,1,satellite_51.507174_-0.128034.png,-206.7,-235.0,True,312.96947135463546
pano_993,51.507347,-0.127718,2,satellite_51.507174_-0.127175.png,-206.7,403.7,False,453.5400533580248
pano_993,51.507347,-0.127718,3,satellite_51.507708_-0.128034.png,431.2,-235.0,False,491.0788531386787
pano_993,51.507347,-0.127718,4,satellite_51.507708_-0.127175.png,431.2,403.7,False,590.6836124356253
pano_994,51.507356,-0.127713,1,satellite_51.507174_-0.128034.png,-217.4,-238.7,True,322.8628965985407
pano_994,51.507356,-0.127713,2,satellite_51.507174_-0.127175.png,-217.4,400.0,False,455.2611997524059
pano_994,51.507356,-0.127713,3,satellite_51.507708_-0.128034.png,420.5,-238.7,False,483.52656597130215
pano_994,51.507356,-0.127713,4,satellite_51.507708_-0.127175.png,420.5,400.0,False,580.3621714067863
pano_995,51.507362,-0.127602,1,satellite_51.507174_-0.127175.png,-224.6,317.5,True,388.91054241303357
pano_995,51.507362,-0.127602,2,satellite_51.507174_-0.128034.png,-224.6,-321.2,False,391.9369847309641
pano_995,51.507362,-0.127602,3,satellite_51.507708_-0.127175.png,413.3,317.5,False,521.1747691513856
pano_995,51.507362,-0.127602,4,satellite_51.507708_-0.128034.png,413.3,-321.2,False,523.4370353729281
pano_996,51.507365,-0.127706,1,satellite_51.507174_-0.128034.png,-228.2,-243.9,True,334.0096555490574
pano_996,51.507365,-0.127706,2,satellite_51.507174_-0.127175.png,-228.2,394.8,False,456.0068859129213
pano_996,51.507365,-0.127706,3,satellite_51.507708_-0.128034.png,409.7,-243.9,False,476.8032088818195
pano_996,51.507365,-0.127706,4,satellite_51.507708_-0.127175.png,409.7,394.8,False,568.9649637719356
pano_997,51.507369,-0.127608,1,satellite_51.507174_-0.128034.png,-232.9,-316.7,True,393.117412486397
pano_997,51.507369,-0.127608,2,satellite_51.507174_-0.127175.png,-232.9,321.9,False,397.3185371965421
pano_997,51.507369,-0.127608,3,satellite_51.507708_-0.128034.png,405.0,-316.7,False,514.1243915629757
pano_997,51.507369,-0.127608,4,satellite_51.507708_-0.127175.png,405.0,321.9,False,517.3438025143435
pano_998,51.507372,-0.127693,1,satellite_51.507174_-0.128034.png,-236.5,-253.5,True,346.69078441746905
pano_998,51.507372,-0.127693,2,satellite_51.507174_-0.127175.png,-236.5,385.1,False,451.9228473976504
pano_998,51.507372,-0.127693,3,satellite_51.507708_-0.128034.png,401.4,-253.5,False,474.74646918118304
pano_998,51.507372,-0.127693,4,satellite_51.507708_-0.127175.png,401.4,385.1,False,556.2589055466888
pano_999,51.507376,-0.127624,1,satellite_51.507174_-0.128034.png,-241.3,-304.8,True,388.7527877713548
pano_999,51.507376,-0.127624,2,satellite_51.507174_-0.127175.png,-241.3,333.8,False,411.88363648001365
pano_999,51.507376,-0.127624,3,satellite_51.507708_-0.128034.png,396.6,-304.8,False,500.1945621455715
pano_999,51.507376,-0.127624,4,satellite_51.507708_-0.127175.png,396.6,333.8,False,518.376311187153
