grid,file,latitude,longitude
sparse_127,sat_51.502900_-0.134042.png,51.5029,-0.134042
sparse_127,sat_51.503434_-0.131467.png,51.503434,-0.131467
sparse_127,sat_51.503434_-0.132325.png,51.503434,-0.132325
sparse_127,sat_51.503434_-0.133183.png,51.503434,-0.133183
sparse_127,sat_51.503434_-0.134042.png,51.503434,-0.134042
sparse_127,sat_51.503968_-0.130608.png,51.503968,-0.130608
sparse_127,sat_51.503968_-0.131467.png,51.503968,-0.131467
sparse_127,sat_51.503968_-0.132325.png,51.503968,-0.132325
sparse_127,sat_51.503968_-0.133183.png,51.503968,-0.133183
sparse_127,sat_51.503968_-0.134900.png,51.503968,-0.1349
sparse_127,sat_51.504503_-0.128892.png,51.504503,-0.128892
sparse_127,sat_51.504503_-0.129750.png,51.504503,-0.12975
sparse_127,sat_51.504503_-0.130608.png,51.504503,-0.130608
sparse_127,sat_51.504503_-0.131467.png,51.504503,-0.131467
sparse_127,sat_51.504503_-0.132325.png,51.504503,-0.132325
sparse_127,sat_51.504503_-0.134042.png,51.504503,-0.134042
sparse_127,sat_51.505037_-0.124600.png,51.505037,-0.1246
sparse_127,sat_51.505037_-0.125459.png,51.505037,-0.125459
sparse_127,sat_51.505037_-0.126317.png,51.505037,-0.126317
sparse_127,sat_51.505037_-0.127175.png,51.505037,-0.127175
sparse_127,sat_51.505037_-0.129750.png,51.505037,-0.12975
sparse_127,sat_51.505037_-0.130608.png,51.505037,-0.130608
sparse_127,sat_51.505037_-0.131467.png,51.505037,-0.131467
sparse_127,sat_51.505037_-0.132325.png,51.505037,-0.132325
sparse_127,sat_51.505037_-0.133183.png,51.505037,-0.133183
sparse_127,sat_51.505571_-0.124600.png,51.505571,-0.1246
sparse_127,sat_51.505571_-0.125459.png,51.505571,-0.125459
sparse_127,sat_51.505571_-0.126317.png,51.505571,-0.126317
sparse_127,sat_51.505571_-0.127175.png,51.505571,-0.127175
sparse_127,sat_51.505571_-0.128892.png,51.505571,-0.128892
sparse_127,sat_51.505571_-0.129750.png,51.505571,-0.12975
sparse_127,sat_51.505571_-0.130608.png,51.505571,-0.130608
sparse_127,sat_51.505571_-0.131467.png,51.505571,-0.131467
sparse_127,sat_51.505571_-0.134042.png,51.505571,-0.134042
sparse_127,sat_51.506105_-0.123742.png,51.506105,-0.123742
sparse_127,sat_51.506105_-0.124600.png,51.506105,-0.1246
sparse_127,sat_51.506105_-0.125459.png,51.506105,-0.125459
sparse_127,sat_51.506105_-0.126317.png,51.506105,-0.126317
sparse_127,sat_51.506105_-0.127175.png,51.506105,-0.127175
sparse_127,sat_51.506105_-0.128034.png,51.506105,-0.128034
sparse_127,sat_51.506105_-0.128892.png,51.506105,-0.128892
sparse_127,sat_51.506105_-0.129750.png,51.506105,-0.12975
sparse_127,sat_51.506105_-0.130608.png,51.506105,-0.130608
sparse_127,sat_51.506105_-0.131467.png,51.506105,-0.131467
sparse_127,sat_51.506105_-0.132325.png,51.506105,-0.132325
sparse_127,sat_51.506105_-0.133183.png,51.506105,-0.133183
sparse_127,sat_51.506640_-0.123742.png,51.50664,-0.123742
sparse_127,sat_51.506640_-0.124600.png,51.50664,-0.1246
sparse_127,sat_51.506640_-0.125459.png,51.50664,-0.125459
sparse_127,sat_51.506640_-0.126317.png,51.50664,-0.126317
sparse_127,sat_51.506640_-0.127175.png,51.50664,-0.127175
sparse_127,sat_51.506640_-0.128034.png,51.50664,-0.128034
sparse_127,sat_51.506640_-0.128892.png,51.50664,-0.128892
sparse_127,sat_51.506640_-0.129750.png,51.50664,-0.12975
sparse_127,sat_51.506640_-0.130608.png,51.50664,-0.130608
sparse_127,sat_51.506640_-0.131467.png,51.50664,-0.131467
sparse_127,sat_51.507174_-0.123742.png,51.507174,-0.123742
sparse_127,sat_51.507174_-0.124600.png,51.507174,-0.1246
sparse_127,sat_51.507174_-0.125459.png,51.507174,-0.125459
sparse_127,sat_51.507174_-0.126317.png,51.507174,-0.126317
sparse_127,sat_51.507174_-0.127175.png,51.507174,-0.127175
sparse_127,sat_51.507174_-0.128034.png,51.507174,-0.128034
sparse_127,sat_51.507174_-0.128892.png,51.507174,-0.128892
sparse_127,sat_51.507174_-0.129750.png,51.507174,-0.12975
sparse_127,sat_51.507174_-0.130608.png,51.507174,-0.130608
sparse_127,sat_51.507174_-0.131467.png,51.507174,-0.131467
sparse_127,sat_51.507174_-0.132325.png,51.507174,-0.132325
sparse_127,sat_51.507708_-0.122884.png,51.507708,-0.122884
sparse_127,sat_51.507708_-0.123742.png,51.507708,-0.123742
sparse_127,sat_51.507708_-0.124600.png,51.507708,-0.1246
sparse_127,sat_51.507708_-0.125459.png,51.507708,-0.125459
sparse_127,sat_51.507708_-0.126317.png,51.507708,-0.126317
sparse_127,sat_51.507708_-0.127175.png,51.507708,-0.127175
sparse_127,sat_51.507708_-0.128034.png,51.507708,-0.128034
sparse_127,sat_51.507708_-0.128892.png,51.507708,-0.128892
sparse_127,sat_51.507708_-0.129750.png,51.507708,-0.12975
sparse_127,sat_51.507708_-0.130608.png,51.507708,-0.130608
sparse_127,sat_51.507708_-0.131467.png,51.507708,-0.131467
sparse_127,sat_51.508242_-0.123742.png,51.508242,-0.123742
sparse_127,sat_51.508242_-0.124600.png,51.508242,-0.1246
sparse_127,sat_51.508242_-0.125459.png,51.508242,-0.125459
sparse_127,sat_51.508242_-0.126317.png,51.508242,-0.126317
sparse_127,sat_51.508242_-0.127175.png,51.508242,-0.127175
sparse_127,sat_51.508242_-0.128034.png,51.508242,-0.128034
sparse_127,sat_51.508242_-0.128892.png,51.508242,-0.128892
sparse_127,sat_51.508242_-0.129750.png,51.508242,-0.12975
sparse_127,sat_51.508242_-0.130608.png,51.508242,-0.130608
sparse_127,sat_51.508242_-0.131467.png,51.508242,-0.131467
sparse_127,sat_51.508242_-0.132325.png,51.508242,-0.132325
sparse_127,sat_51.508776_-0.123742.png,51.508776,-0.123742
sparse_127,sat_51.508776_-0.124600.png,51.508776,-0.1246
sparse_127,sat_51.508776_-0.125459.png,51.508776,-0.125459
sparse_127,sat_51.508776_-0.126317.png,51.508776,-0.126317
sparse_127,sat_51.508776_-0.127175.png,51.508776,-0.127175
sparse_127,sat_51.508776_-0.128034.png,51.508776,-0.128034
sparse_127,sat_51.508776_-0.128892.png,51.508776,-0.128892
sparse_127,sat_51.508776_-0.129750.png,51.508776,-0.12975
sparse_127,sat_51.508776_-0.130608.png,51.508776,-0.130608
sparse_127,sat_51.508776_-0.131467.png,51.508776,-0.131467
sparse_127,sat_51.508776_-0.132325.png,51.508776,-0.132325
sparse_127,sat_51.509311_-0.123742.png,51.509311,-0.123742
sparse_127,sat_51.509311_-0.124600.png,51.509311,-0.1246
sparse_127,sat_51.509311_-0.125459.png,51.509311,-0.125459
sparse_127,sat_51.509311_-0.126317.png,51.509311,-0.126317
sparse_127,sat_51.509311_-0.127175.png,51.509311,-0.127175
sparse_127,sat_51.509311_-0.128034.png,51.509311,-0.128034
sparse_127,sat_51.509311_-0.128892.png,51.509311,-0.128892
sparse_127,sat_51.509311_-0.129750.png,51.509311,-0.12975
sparse_127,sat_51.509311_-0.130608.png,51.509311,-0.130608
sparse_127,sat_51.509311_-0.131467.png,51.509311,-0.131467
sparse_127,sat_51.509311_-0.132325.png,51.509311,-0.132325
sparse_127,sat_51.509845_-0.122884.png,51.509845,-0.122884
sparse_127,sat_51.509845_-0.123742.png,51.509845,-0.123742
sparse_127,sat_51.509845_-0.124600.png,51.509845,-0.1246
sparse_127,sat_51.509845_-0.125459.png,51.509845,-0.125459
sparse_127,sat_51.509845_-0.126317.png,51.509845,-0.126317
sparse_127,sat_51.509845_-0.127175.png,51.509845,-0.127175
sparse_127,sat_51.509845_-0.128034.png,51.509845,-0.128034
sparse_127,sat_51.509845_-0.128892.png,51.509845,-0.128892
sparse_127,sat_51.509845_-0.129750.png,51.509845,-0.12975
sparse_127,sat_51.509845_-0.130608.png,51.509845,-0.130608
sparse_127,sat_51.509845_-0.131467.png,51.509845,-0.131467
sparse_127,sat_51.510379_-0.121167.png,51.510379,-0.121167
sparse_127,sat_51.510379_-0.122025.png,51.510379,-0.122025
sparse_127,sat_51.510379_-0.127175.png,51.510379,-0.127175
sparse_127,sat_51.510379_-0.128034.png,51.510379,-0.128034
sparse_127,sat_51.510913_-0.127175.png,51.510913,-0.127175
filled_272,satellite_51.502900_-0.121167.png,51.5029,-0.121167
filled_272,satellite_51.502900_-0.122025.png,51.5029,-0.122025
filled_272,satellite_51.502900_-0.122884.png,51.5029,-0.122884
filled_272,satellite_51.502900_-0.123742.png,51.5029,-0.123742
filled_272,satellite_51.502900_-0.124600.png,51.5029,-0.1246
filled_272,satellite_51.502900_-0.125459.png,51.5029,-0.125459
filled_272,satellite_51.502900_-0.126317.png,51.5029,-0.126317
filled_272,satellite_51.502900_-0.127175.png,51.5029,-0.127175
filled_272,satellite_51.502900_-0.128034.png,51.5029,-0.128034
filled_272,satellite_51.502900_-0.128892.png,51.5029,-0.128892
filled_272,satellite_51.502900_-0.129750.png,51.5029,-0.12975
filled_272,satellite_51.502900_-0.130608.png,51.5029,-0.130608
filled_272,satellite_51.502900_-0.131467.png,51.5029,-0.131467
filled_272,satellite_51.502900_-0.132325.png,51.5029,-0.132325
filled_272,satellite_51.502900_-0.133183.png,51.5029,-0.133183
filled_272,satellite_51.502900_-0.134042.png,51.5029,-0.134042
filled_272,satellite_51.502900_-0.134900.png,51.5029,-0.1349
filled_272,satellite_51.503434_-0.121167.png,51.503434,-0.121167
filled_272,satellite_51.503434_-0.122025.png,51.503434,-0.122025
filled_272,satellite_51.503434_-0.122884.png,51.503434,-0.122884
filled_272,satellite_51.503434_-0.123742.png,51.503434,-0.123742
filled_272,satellite_51.503434_-0.124600.png,51.503434,-0.1246
filled_272,satellite_51.503434_-0.125459.png,51.503434,-0.125459
filled_272,satellite_51.503434_-0.126317.png,51.503434,-0.126317
filled_272,satellite_51.503434_-0.127175.png,51.503434,-0.127175
filled_272,satellite_51.503434_-0.128034.png,51.503434,-0.128034
filled_272,satellite_51.503434_-0.128892.png,51.503434,-0.128892
filled_272,satellite_51.503434_-0.129750.png,51.503434,-0.12975
filled_272,satellite_51.503434_-0.130608.png,51.503434,-0.130608
filled_272,satellite_51.503434_-0.131467.png,51.503434,-0.131467
filled_272,satellite_51.503434_-0.132325.png,51.503434,-0.132325
filled_272,satellite_51.503434_-0.133183.png,51.503434,-0.133183
filled_272,satellite_51.503434_-0.134042.png,51.503434,-0.134042
filled_272,satellite_51.503434_-0.134900.png,51.503434,-0.1349
filled_272,satellite_51.503968_-0.121167.png,51.503968,-0.121167
filled_272,satellite_51.503968_-0.122025.png,51.503968,-0.122025
filled_272,satellite_51.503968_-0.122884.png,51.503968,-0.122884
filled_272,satellite_51.503968_-0.123742.png,51.503968,-0.123742
filled_272,satellite_51.503968_-0.124600.png,51.503968,-0.1246
filled_272,satellite_51.503968_-0.125459.png,51.503968,-0.125459
filled_272,satellite_51.503968_-0.126317.png,51.503968,-0.126317
filled_272,satellite_51.503968_-0.127175.png,51.503968,-0.127175
filled_272,satellite_51.503968_-0.128034.png,51.503968,-0.128034
filled_272,satellite_51.503968_-0.128892.png,51.503968,-0.128892
filled_272,satellite_51.503968_-0.129750.png,51.503968,-0.12975
filled_272,satellite_51.503968_-0.130608.png,51.503968,-0.130608
filled_272,satellite_51.503968_-0.131467.png,51.503968,-0.131467
filled_272,satellite_51.503968_-0.132325.png,51.503968,-0.132325
filled_272,satellite_51.503968_-0.133183.png,51.503968,-0.133183
filled_272,satellite_51.503968_-0.134042.png,51.503968,-0.134042
filled_272,satellite_51.503968_-0.134900.png,51.503968,-0.1349
filled_272,satellite_51.504503_-0.121167.png,51.504503,-0.121167
filled_272,satellite_51.504503_-0.122025.png,51.504503,-0.122025
filled_272,satellite_51.504503_-0.122884.png,51.504503,-0.122884
filled_272,satellite_51.504503_-0.123742.png,51.504503,-0.123742
filled_272,satellite_51.504503_-0.124600.png,51.504503,-0.1246
filled_272,satellite_51.504503_-0.125459.png,51.504503,-0.125459
filled_272,satellite_51.504503_-0.126317.png,51.504503,-0.126317
filled_272,satellite_51.504503_-0.127175.png,51.504503,-0.127175
filled_272,satellite_51.504503_-0.128034.png,51.504503,-0.128034
filled_272,satellite_51.504503_-0.128892.png,51.504503,-0.128892
filled_272,satellite_51.504503_-0.129750.png,51.504503,-0.12975
filled_272,satellite_51.504503_-0.130608.png,51.504503,-0.130608
filled_272,satellite_51.504503_-0.131467.png,51.504503,-0.131467
filled_272,satellite_51.504503_-0.132325.png,51.504503,-0.132325
filled_272,satellite_51.504503_-0.133183.png,51.504503,-0.133183
filled_272,satellite_51.504503_-0.134042.png,51.504503,-0.134042
filled_272,satellite_51.504503_-0.134900.png,51.504503,-0.1349
filled_272,satellite_51.505037_-0.121167.png,51.505037,-0.121167
filled_272,satellite_51.505037_-0.122025.png,51.505037,-0.122025
filled_272,satellite_51.505037_-0.122884.png,51.505037,-0.122884
filled_272,satellite_51.505037_-0.123742.png,51.505037,-0.123742
filled_272,satellite_51.505037_-0.124600.png,51.505037,-0.1246
filled_272,satellite_51.505037_-0.125459.png,51.505037,-0.125459
filled_272,satellite_51.505037_-0.126317.png,51.505037,-0.126317
filled_272,satellite_51.505037_-0.127175.png,51.505037,-0.127175
filled_272,satellite_51.505037_-0.128034.png,51.505037,-0.128034
filled_272,satellite_51.505037_-0.128892.png,51.505037,-0.128892
filled_272,satellite_51.505037_-0.129750.png,51.505037,-0.12975
filled_272,satellite_51.505037_-0.130608.png,51.505037,-0.130608
filled_272,satellite_51.505037_-0.131467.png,51.505037,-0.131467
filled_272,satellite_51.505037_-0.132325.png,51.505037,-0.132325
filled_272,satellite_51.505037_-0.133183.png,51.505037,-0.133183
filled_272,satellite_51.505037_-0.134042.png,51.505037,-0.134042
filled_272,satellite_51.505037_-0.134900.png,51.505037,-0.1349
filled_272,satellite_51.505571_-0.121167.png,51.505571,-0.121167
filled_272,satellite_51.505571_-0.122025.png,51.505571,-0.122025
filled_272,satellite_51.505571_-0.122884.png,51.505571,-0.122884
filled_272,satellite_51.505571_-0.123742.png,51.505571,-0.123742
filled_272,satellite_51.505571_-0.124600.png,51.505571,-0.1246
filled_272,satellite_51.505571_-0.125459.png,51.505571,-0.125459
filled_272,satellite_51.505571_-0.126317.png,51.505571,-0.126317
filled_272,satellite_51.505571_-0.127175.png,51.505571,-0.127175
filled_272,satellite_51.505571_-0.128034.png,51.505571,-0.128034
filled_272,satellite_51.505571_-0.128892.png,51.505571,-0.128892
filled_272,satellite_51.505571_-0.129750.png,51.505571,-0.12975
filled_272,satellite_51.505571_-0.130608.png,51.505571,-0.130608
filled_272,satellite_51.505571_-0.131467.png,51.505571,-0.131467
filled_272,satellite_51.505571_-0.132325.png,51.505571,-0.132325
filled_272,satellite_51.505571_-0.133183.png,51.505571,-0.133183
filled_272,satellite_51.505571_-0.134042.png,51.505571,-0.134042
filled_272,satellite_51.505571_-0.134900.png,51.505571,-0.1349
filled_272,satellite_51.506105_-0.121167.png,51.506105,-0.121167
filled_272,satellite_51.506105_-0.122025.png,51.506105,-0.122025
filled_272,satellite_51.506105_-0.122884.png,51.506105,-0.122884
filled_272,satellite_51.506105_-0.123742.png,51.506105,-0.123742
filled_272,satellite_51.506105_-0.124600.png,51.506105,-0.1246
filled_272,satellite_51.506105_-0.125459.png,51.506105,-0.125459
filled_272,satellite_51.506105_-0.126317.png,51.506105,-0.126317
filled_272,satellite_51.506105_-0.127175.png,51.506105,-0.127175
filled_272,satellite_51.506105_-0.128034.png,51.506105,-0.128034
filled_272,satellite_51.506105_-0.128892.png,51.506105,-0.128892
filled_272,satellite_51.506105_-0.129750.png,51.506105,-0.12975
filled_272,satellite_51.506105_-0.130608.png,51.506105,-0.130608
filled_272,satellite_51.506105_-0.131467.png,51.506105,-0.131467
filled_272,satellite_51.506105_-0.132325.png,51.506105,-0.132325
filled_272,satellite_51.506105_-0.133183.png,51.506105,-0.133183
filled_272,satellite_51.506105_-0.134042.png,51.506105,-0.134042
filled_272,satellite_51.506105_-0.134900.png,51.506105,-0.1349
filled_272,satellite_51.506640_-0.121167.png,51.50664,-0.121167
filled_272,satellite_51.506640_-0.122025.png,51.50664,-0.122025
filled_272,satellite_51.506640_-0.122884.png,51.50664,-0.122884
filled_272,satellite_51.506640_-0.123742.png,51.50664,-0.123742
filled_272,satellite_51.506640_-0.124600.png,51.50664,-0.1246
filled_272,satellite_51.506640_-0.125459.png,51.50664,-0.125459
filled_272,satellite_51.506640_-0.126317.png,51.50664,-0.126317
filled_272,satellite_51.506640_-0.127175.png,51.50664,-0.127175
filled_272,satellite_51.506640_-0.128034.png,51.50664,-0.128034
filled_272,satellite_51.506640_-0.128892.png,51.50664,-0.128892
filled_272,satellite_51.506640_-0.129750.png,51.50664,-0.12975
filled_272,satellite_51.506640_-0.130608.png,51.50664,-0.130608
filled_272,satellite_51.506640_-0.131467.png,51.50664,-0.131467
filled_272,satellite_51.506640_-0.132325.png,51.50664,-0.132325
filled_272,satellite_51.506640_-0.133183.png,51.50664,-0.133183
filled_272,satellite_51.506640_-0.134042.png,51.50664,-0.134042
filled_272,satellite_51.506640_-0.134900.png,51.50664,-0.1349
filled_272,satellite_51.507174_-0.121167.png,51.507174,-0.121167
filled_272,satellite_51.507174_-0.122025.png,51.507174,-0.122025
filled_272,satellite_51.507174_-0.122884.png,51.507174,-0.122884
filled_272,satellite_51.507174_-0.123742.png,51.507174,-0.123742
filled_272,satellite_51.507174_-0.124600.png,51.507174,-0.1246
filled_272,satellite_51.507174_-0.125459.png,51.507174,-0.125459
filled_272,satellite_51.507174_-0.126317.png,51.507174,-0.126317
filled_272,satellite_51.507174_-0.127175.png,51.507174,-0.127175
filled_272,satellite_51.507174_-0.128034.png,51.507174,-0.128034
filled_272,satellite_51.507174_-0.128892.png,51.507174,-0.128892
filled_272,satellite_51.507174_-0.129750.png,51.507174,-0.12975
filled_272,satellite_51.507174_-0.130608.png,51.507174,-0.130608
filled_272,satellite_51.507174_-0.131467.png,51.507174,-0.131467
filled_272,satellite_51.507174_-0.132325.png,51.507174,-0.132325
filled_272,satellite_51.507174_-0.133183.png,51.507174,-0.133183
filled_272,satellite_51.507174_-0.134042.png,51.507174,-0.134042
filled_272,satellite_51.507174_-0.134900.png,51.507174,-0.1349
filled_272,satellite_51.507708_-0.121167.png,51.507708,-0.121167
filled_272,satellite_51.507708_-0.122025.png,51.507708,-0.122025
filled_272,satellite_51.507708_-0.122884.png,51.507708,-0.122884
filled_272,satellite_51.507708_-0.123742.png,51.507708,-0.123742
filled_272,satellite_51.507708_-0.124600.png,51.507708,-0.1246
filled_272,satellite_51.507708_-0.125459.png,51.507708,-0.125459
filled_272,satellite_51.507708_-0.126317.png,51.507708,-0.126317
filled_272,satellite_51.507708_-0.127175.png,51.507708,-0.127175
filled_272,satellite_51.507708_-0.128034.png,51.507708,-0.128034
filled_272,satellite_51.507708_-0.128892.png,51.507708,-0.128892
filled_272,satellite_51.507708_-0.129750.png,51.507708,-0.12975
filled_272,satellite_51.507708_-0.130608.png,51.507708,-0.130608
filled_272,satellite_51.507708_-0.131467.png,51.507708,-0.131467
filled_272,satellite_51.507708_-0.132325.png,51.507708,-0.132325
filled_272,satellite_51.507708_-0.133183.png,51.507708,-0.133183
filled_272,satellite_51.507708_-0.134042.png,51.507708,-0.134042
filled_272,satellite_51.507708_-0.134900.png,51.507708,-0.1349
filled_272,satellite_51.508242_-0.121167.png,51.508242,-0.121167
filled_272,satellite_51.508242_-0.122025.png,51.508242,-0.122025
filled_272,satellite_51.508242_-0.122884.png,51.508242,-0.122884
filled_272,satellite_51.508242_-0.123742.png,51.508242,-0.123742
filled_272,satellite_51.508242_-0.124600.png,51.508242,-0.1246
filled_272,satellite_51.508242_-0.125459.png,51.508242,-0.125459
filled_272,satellite_51.508242_-0.126317.png,51.508242,-0.126317
filled_272,satellite_51.508242_-0.127175.png,51.508242,-0.127175
filled_272,satellite_51.508242_-0.128034.png,51.508242,-0.128034
filled_272,satellite_51.508242_-0.128892.png,51.508242,-0.128892
filled_272,satellite_51.508242_-0.129750.png,51.508242,-0.12975
filled_272,satellite_51.508242_-0.130608.png,51.508242,-0.130608
filled_272,satellite_51.508242_-0.131467.png,51.508242,-0.131467
filled_272,satellite_51.508242_-0.132325.png,51.508242,-0.132325
filled_272,satellite_51.508242_-0.133183.png,51.508242,-0.133183
filled_272,satellite_51.508242_-0.134042.png,51.508242,-0.134042
filled_272,satellite_51.508242_-0.134900.png,51.508242,-0.1349
filled_272,satellite_51.508776_-0.121167.png,51.508776,-0.121167
filled_272,satellite_51.508776_-0.122025.png,51.508776,-0.122025
filled_272,satellite_51.508776_-0.122884.png,51.508776,-0.122884
filled_272,satellite_51.508776_-0.123742.png,51.508776,-0.123742
filled_272,satellite_51.508776_-0.124600.png,51.508776,-0.1246
filled_272,satellite_51.508776_-0.125459.png,51.508776,-0.125459
filled_272,satellite_51.508776_-0.126317.png,51.508776,-0.126317
filled_272,satellite_51.508776_-0.127175.png,51.508776,-0.127175
filled_272,satellite_51.508776_-0.128034.png,51.508776,-0.128034
filled_272,satellite_51.508776_-0.128892.png,51.508776,-0.128892
filled_272,satellite_51.508776_-0.129750.png,51.508776,-0.12975
filled_272,satellite_51.508776_-0.130608.png,51.508776,-0.130608
filled_272,satellite_51.508776_-0.131467.png,51.508776,-0.131467
filled_272,satellite_51.508776_-0.132325.png,51.508776,-0.132325
filled_272,satellite_51.508776_-0.133183.png,51.508776,-0.133183
filled_272,satellite_51.508776_-0.134042.png,51.508776,-0.134042
filled_272,satellite_51.508776_-0.134900.png,51.508776,-0.1349
filled_272,satellite_51.509311_-0.121167.png,51.509311,-0.121167
filled_272,satellite_51.509311_-0.122025.png,51.509311,-0.122025
filled_272,satellite_51.509311_-0.122884.png,51.509311,-0.122884
filled_272,satellite_51.509311_-0.123742.png,51.509311,-0.123742
filled_272,satellite_51.509311_-0.124600.png,51.509311,-0.1246
filled_272,satellite_51.509311_-0.125459.png,51.509311,-0.125459
filled_272,satellite_51.509311_-0.126317.png,51.509311,-0.126317
filled_272,satellite_51.509311_-0.127175.png,51.509311,-0.127175
filled_272,satellite_51.509311_-0.128034.png,51.509311,-0.128034
filled_272,satellite_51.509311_-0.128892.png,51.509311,-0.128892
filled_272,satellite_51.509311_-0.129750.png,51.509311,-0.12975
filled_272,satellite_51.509311_-0.130608.png,51.509311,-0.130608
filled_272,satellite_51.509311_-0.131467.png,51.509311,-0.131467
filled_272,satellite_51.509311_-0.132325.png,51.509311,-0.132325
filled_272,satellite_51.509311_-0.133183.png,51.509311,-0.133183
filled_272,satellite_51.509311_-0.134042.png,51.509311,-0.134042
filled_272,satellite_51.509311_-0.134900.png,51.509311,-0.1349
filled_272,satellite_51.509845_-0.121167.png,51.509845,-0.121167
filled_272,satellite_51.509845_-0.122025.png,51.509845,-0.122025
filled_272,satellite_51.509845_-0.122884.png,51.509845,-0.122884
filled_272,satellite_51.509845_-0.123742.png,51.509845,-0.123742
filled_272,satellite_51.509845_-0.124600.png,51.509845,-0.1246
filled_272,satellite_51.509845_-0.125459.png,51.509845,-0.125459
filled_272,satellite_51.509845_-0.126317.png,51.509845,-0.126317
filled_272,satellite_51.509845_-0.127175.png,51.509845,-0.127175
filled_272,satellite_51.509845_-0.128034.png,51.509845,-0.128034
filled_272,satellite_51.509845_-0.128892.png,51.509845,-0.128892
filled_272,satellite_51.509845_-0.129750.png,51.509845,-0.12975
filled_272,satellite_51.509845_-0.130608.png,51.509845,-0.130608
filled_272,satellite_51.509845_-0.131467.png,51.509845,-0.131467
filled_272,satellite_51.509845_-0.132325.png,51.509845,-0.132325
filled_272,satellite_51.509845_-0.133183.png,51.509845,-0.133183
filled_272,satellite_51.509845_-0.134042.png,51.509845,-0.134042
filled_272,satellite_51.509845_-0.134900.png,51.509845,-0.1349
filled_272,satellite_51.510379_-0.121167.png,51.510379,-0.121167
filled_272,satellite_51.510379_-0.122025.png,51.510379,-0.122025
filled_272,satellite_51.510379_-0.122884.png,51.510379,-0.122884
filled_272,satellite_51.510379_-0.123742.png,51.510379,-0.123742
filled_272,satellite_51.510379_-0.124600.png,51.510379,-0.1246
filled_272,satellite_51.510379_-0.125459.png,51.510379,-0.125459
filled_272,satellite_51.510379_-0.126317.png,51.510379,-0.126317
filled_272,satellite_51.510379_-0.127175.png,51.510379,-0.127175
filled_272,satellite_51.510379_-0.128034.png,51.510379,-0.128034
filled_272,satellite_51.510379_-0.128892.png,51.510379,-0.128892
filled_272,satellite_51.510379_-0.129750.png,51.510379,-0.12975
filled_272,satellite_51.510379_-0.130608.png,51.510379,-0.130608
filled_272,satellite_51.510379_-0.131467.png,51.510379,-0.131467
filled_272,satellite_51.510379_-0.132325.png,51.510379,-0.132325
filled_272,satellite_51.510379_-0.133183.png,51.510379,-0.133183
filled_272,satellite_51.510379_-0.134042.png,51.510379,-0.134042
filled_272,satellite_51.510379_-0.134900.png,51.510379,-0.1349
filled_272,satellite_51.510913_-0.121167.png,51.510913,-0.121167
filled_272,satellite_51.510913_-0.122025.png,51.510913,-0.122025
filled_272,satellite_51.510913_-0.122884.png,51.510913,-0.122884
filled_272,satellite_51.510913_-0.123742.png,51.510913,-0.123742
filled_272,satellite_51.510913_-0.124600.png,51.510913,-0.1246
filled_272,satellite_51.510913_-0.125459.png,51.510913,-0.125459
filled_272,satellite_51.510913_-0.126317.png,51.510913,-0.126317
filled_272,satellite_51.510913_-0.127175.png,51.510913,-0.127175
filled_272,satellite_51.510913_-0.128034.png,51.510913,-0.128034
filled_272,satellite_51.510913_-0.128892.png,51.510913,-0.128892
filled_272,satellite_51.510913_-0.129750.png,51.510913,-0.12975
filled_272,satellite_51.510913_-0.130608.png,51.510913,-0.130608
filled_272,satellite_51.510913_-0.131467.png,51.510913,-0.131467
filled_272,satellite_51.510913_-0.132325.png,51.510913,-0.132325
filled_272,satellite_51.510913_-0.133183.png,51.510913,-0.133183
filled_272,satellite_51.510913_-0.134042.png,51.510913,-0.134042
filled_272,satellite_51.510913_-0.134900.png,51.510913,-0.1349
overlap50_990,sat_51.503167_-0.121167.png,51.503167,-0.121167
overlap50_990,sat_51.503167_-0.121596.png,51.503167,-0.121596
overlap50_990,sat_51.503167_-0.122025.png,51.503167,-0.122025
overlap50_990,sat_51.503167_-0.122455.png,51.503167,-0.122455
overlap50_990,sat_51.503167_-0.122884.png,51.503167,-0.122884
overlap50_990,sat_51.503167_-0.123313.png,51.503167,-0.123313
overlap50_990,sat_51.503167_-0.123742.png,51.503167,-0.123742
overlap50_990,sat_51.503167_-0.124171.png,51.503167,-0.124171
overlap50_990,sat_51.503167_-0.124600.png,51.503167,-0.1246
overlap50_990,sat_51.503167_-0.125029.png,51.503167,-0.125029
overlap50_990,sat_51.503167_-0.125459.png,51.503167,-0.125459
overlap50_990,sat_51.503167_-0.125888.png,51.503167,-0.125888
overlap50_990,sat_51.503167_-0.126317.png,51.503167,-0.126317
overlap50_990,sat_51.503167_-0.126746.png,51.503167,-0.126746
overlap50_990,sat_51.503167_-0.127175.png,51.503167,-0.127175
overlap50_990,sat_51.503167_-0.127604.png,51.503167,-0.127604
overlap50_990,sat_51.503167_-0.128034.png,51.503167,-0.128034
overlap50_990,sat_51.503167_-0.128463.png,51.503167,-0.128463
overlap50_990,sat_51.503167_-0.128892.png,51.503167,-0.128892
overlap50_990,sat_51.503167_-0.129321.png,51.503167,-0.129321
overlap50_990,sat_51.503167_-0.129750.png,51.503167,-0.12975
overlap50_990,sat_51.503167_-0.130179.png,51.503167,-0.130179
overlap50_990,sat_51.503167_-0.130608.png,51.503167,-0.130608
overlap50_990,sat_51.503167_-0.131038.png,51.503167,-0.131038
overlap50_990,sat_51.503167_-0.131467.png,51.503167,-0.131467
overlap50_990,sat_51.503167_-0.131896.png,51.503167,-0.131896
overlap50_990,sat_51.503167_-0.132325.png,51.503167,-0.132325
overlap50_990,sat_51.503167_-0.132754.png,51.503167,-0.132754
overlap50_990,sat_51.503167_-0.133183.png,51.503167,-0.133183
overlap50_990,sat_51.503167_-0.133613.png,51.503167,-0.133613
overlap50_990,sat_51.503167_-0.134042.png,51.503167,-0.134042
overlap50_990,sat_51.503167_-0.134471.png,51.503167,-0.134471
overlap50_990,sat_51.503167_-0.134900.png,51.503167,-0.1349
overlap50_990,sat_51.503434_-0.121167.png,51.503434,-0.121167
overlap50_990,sat_51.503434_-0.121596.png,51.503434,-0.121596
overlap50_990,sat_51.503434_-0.122025.png,51.503434,-0.122025
overlap50_990,sat_51.503434_-0.122455.png,51.503434,-0.122455
overlap50_990,sat_51.503434_-0.122884.png,51.503434,-0.122884
overlap50_990,sat_51.503434_-0.123313.png,51.503434,-0.123313
overlap50_990,sat_51.503434_-0.123742.png,51.503434,-0.123742
overlap50_990,sat_51.503434_-0.124171.png,51.503434,-0.124171
overlap50_990,sat_51.503434_-0.124600.png,51.503434,-0.1246
overlap50_990,sat_51.503434_-0.125029.png,51.503434,-0.125029
overlap50_990,sat_51.503434_-0.125459.png,51.503434,-0.125459
overlap50_990,sat_51.503434_-0.125888.png,51.503434,-0.125888
overlap50_990,sat_51.503434_-0.126317.png,51.503434,-0.126317
overlap50_990,sat_51.503434_-0.126746.png,51.503434,-0.126746
overlap50_990,sat_51.503434_-0.127175.png,51.503434,-0.127175
overlap50_990,sat_51.503434_-0.127604.png,51.503434,-0.127604
overlap50_990,sat_51.503434_-0.128034.png,51.503434,-0.128034
overlap50_990,sat_51.503434_-0.128463.png,51.503434,-0.128463
overlap50_990,sat_51.503434_-0.128892.png,51.503434,-0.128892
overlap50_990,sat_51.503434_-0.129321.png,51.503434,-0.129321
overlap50_990,sat_51.503434_-0.129750.png,51.503434,-0.12975
overlap50_990,sat_51.503434_-0.130179.png,51.503434,-0.130179
overlap50_990,sat_51.503434_-0.130608.png,51.503434,-0.130608
overlap50_990,sat_51.503434_-0.131038.png,51.503434,-0.131038
overlap50_990,sat_51.503434_-0.131467.png,51.503434,-0.131467
overlap50_990,sat_51.503434_-0.131896.png,51.503434,-0.131896
overlap50_990,sat_51.503434_-0.132325.png,51.503434,-0.132325
overlap50_990,sat_51.503434_-0.132754.png,51.503434,-0.132754
overlap50_990,sat_51.503434_-0.133183.png,51.503434,-0.133183
overlap50_990,sat_51.503434_-0.133613.png,51.503434,-0.133613
overlap50_990,sat_51.503434_-0.134042.png,51.503434,-0.134042
overlap50_990,sat_51.503434_-0.134471.png,51.503434,-0.134471
overlap50_990,sat_51.503434_-0.134900.png,51.503434,-0.1349
overlap50_990,sat_51.503701_-0.121167.png,51.503701,-0.121167
overlap50_990,sat_51.503701_-0.121596.png,51.503701,-0.121596
overlap50_990,sat_51.503701_-0.122025.png,51.503701,-0.122025
overlap50_990,sat_51.503701_-0.122455.png,51.503701,-0.122455
overlap50_990,sat_51.503701_-0.122884.png,51.503701,-0.122884
overlap50_990,sat_51.503701_-0.123313.png,51.503701,-0.123313
overlap50_990,sat_51.503701_-0.123742.png,51.503701,-0.123742
overlap50_990,sat_51.503701_-0.124171.png,51.503701,-0.124171
overlap50_990,sat_51.503701_-0.124600.png,51.503701,-0.1246
overlap50_990,sat_51.503701_-0.125029.png,51.503701,-0.125029
overlap50_990,sat_51.503701_-0.125459.png,51.503701,-0.125459
overlap50_990,sat_51.503701_-0.125888.png,51.503701,-0.125888
overlap50_990,sat_51.503701_-0.126317.png,51.503701,-0.126317
overlap50_990,sat_51.503701_-0.126746.png,51.503701,-0.126746
overlap50_990,sat_51.503701_-0.127175.png,51.503701,-0.127175
overlap50_990,sat_51.503701_-0.127604.png,51.503701,-0.127604
overlap50_990,sat_51.503701_-0.128034.png,51.503701,-0.128034
overlap50_990,sat_51.503701_-0.128463.png,51.503701,-0.128463
overlap50_990,sat_51.503701_-0.128892.png,51.503701,-0.128892
overlap50_990,sat_51.503701_-0.129321.png,51.503701,-0.129321
overlap50_990,sat_51.503701_-0.129750.png,51.503701,-0.12975
overlap50_990,sat_51.503701_-0.130179.png,51.503701,-0.130179
overlap50_990,sat_51.503701_-0.130608.png,51.503701,-0.130608
overlap50_990,sat_51.503701_-0.131038.png,51.503701,-0.131038
overlap50_990,sat_51.503701_-0.131467.png,51.503701,-0.131467
overlap50_990,sat_51.503701_-0.131896.png,51.503701,-0.131896
overlap50_990,sat_51.503701_-0.132325.png,51.503701,-0.132325
overlap50_990,sat_51.503701_-0.132754.png,51.503701,-0.132754
overlap50_990,sat_51.503701_-0.133183.png,51.503701,-0.133183
overlap50_990,sat_51.503701_-0.133613.png,51.503701,-0.133613
overlap50_990,sat_51.503701_-0.134042.png,51.503701,-0.134042
overlap50_990,sat_51.503701_-0.134471.png,51.503701,-0.134471
overlap50_990,sat_51.503701_-0.134900.png,51.503701,-0.1349
overlap50_990,sat_51.503968_-0.121167.png,51.503968,-0.121167
overlap50_990,sat_51.503968_-0.121596.png,51.503968,-0.121596
overlap50_990,sat_51.503968_-0.122025.png,51.503968,-0.122025
overlap50_990,sat_51.503968_-0.122455.png,51.503968,-0.122455
overlap50_990,sat_51.503968_-0.122884.png,51.503968,-0.122884
overlap50_990,sat_51.503968_-0.123313.png,51.503968,-0.123313
overlap50_990,sat_51.503968_-0.123742.png,51.503968,-0.123742
overlap50_990,sat_51.503968_-0.124171.png,51.503968,-0.124171
overlap50_990,sat_51.503968_-0.124600.png,51.503968,-0.1246
overlap50_990,sat_51.503968_-0.125029.png,51.503968,-0.125029
overlap50_990,sat_51.503968_-0.125459.png,51.503968,-0.125459
overlap50_990,sat_51.503968_-0.125888.png,51.503968,-0.125888
overlap50_990,sat_51.503968_-0.126317.png,51.503968,-0.126317
overlap50_990,sat_51.503968_-0.126746.png,51.503968,-0.126746
overlap50_990,sat_51.503968_-0.127175.png,51.503968,-0.127175
overlap50_990,sat_51.503968_-0.127604.png,51.503968,-0.127604
overlap50_990,sat_51.503968_-0.128034.png,51.503968,-0.128034
overlap50_990,sat_51.503968_-0.128463.png,51.503968,-0.128463
overlap50_990,sat_51.503968_-0.128892.png,51.503968,-0.128892
overlap50_990,sat_51.503968_-0.129321.png,51.503968,-0.129321
overlap50_990,sat_51.503968_-0.129750.png,51.503968,-0.12975
overlap50_990,sat_51.503968_-0.130179.png,51.503968,-0.130179
overlap50_990,sat_51.503968_-0.130608.png,51.503968,-0.130608
overlap50_990,sat_51.503968_-0.131038.png,51.503968,-0.131038
overlap50_990,sat_51.503968_-0.131467.png,51.503968,-0.131467
overlap50_990,sat_51.503968_-0.131896.png,51.503968,-0.131896
overlap50_990,sat_51.503968_-0.132325.png,51.503968,-0.132325
overlap50_990,sat_51.503968_-0.132754.png,51.503968,-0.132754
overlap50_990,sat_51.503968_-0.133183.png,51.503968,-0.133183
overlap50_990,sat_51.503968_-0.133613.png,51.503968,-0.133613
overlap50_990,sat_51.503968_-0.134042.png,51.503968,-0.134042
overlap50_990,sat_51.503968_-0.134471.png,51.503968,-0.134471
overlap50_990,sat_51.503968_-0.134900.png,51.503968,-0.1349
overlap50_990,sat_51.504235_-0.121167.png,51.504235,-0.121167
overlap50_990,sat_51.504235_-0.121596.png,51.504235,-0.121596
overlap50_990,sat_51.504235_-0.122025.png,51.504235,-0.122025
overlap50_990,sat_51.504235_-0.122455.png,51.504235,-0.122455
overlap50_990,sat_51.504235_-0.122884.png,51.504235,-0.122884
overlap50_990,sat_51.504235_-0.123313.png,51.504235,-0.123313
overlap50_990,sat_51.504235_-0.123742.png,51.504235,-0.123742
overlap50_990,sat_51.504235_-0.124171.png,51.504235,-0.124171
overlap50_990,sat_51.504235_-0.124600.png,51.504235,-0.1246
overlap50_990,sat_51.504235_-0.125029.png,51.504235,-0.125029
overlap50_990,sat_51.504235_-0.125459.png,51.504235,-0.125459
overlap50_990,sat_51.504235_-0.125888.png,51.504235,-0.125888
overlap50_990,sat_51.504235_-0.126317.png,51.504235,-0.126317
overlap50_990,sat_51.504235_-0.126746.png,51.504235,-0.126746
overlap50_990,sat_51.504235_-0.127175.png,51.504235,-0.127175
overlap50_990,sat_51.504235_-0.127604.png,51.504235,-0.127604
overlap50_990,sat_51.504235_-0.128034.png,51.504235,-0.128034
overlap50_990,sat_51.504235_-0.128463.png,51.504235,-0.128463
overlap50_990,sat_51.504235_-0.128892.png,51.504235,-0.128892
overlap50_990,sat_51.504235_-0.129321.png,51.504235,-0.129321
overlap50_990,sat_51.504235_-0.129750.png,51.504235,-0.12975
overlap50_990,sat_51.504235_-0.130179.png,51.504235,-0.130179
overlap50_990,sat_51.504235_-0.130608.png,51.504235,-0.130608
overlap50_990,sat_51.504235_-0.131038.png,51.504235,-0.131038
overlap50_990,sat_51.504235_-0.131467.png,51.504235,-0.131467
overlap50_990,sat_51.504235_-0.131896.png,51.504235,-0.131896
overlap50_990,sat_51.504235_-0.132325.png,51.504235,-0.132325
overlap50_990,sat_51.504235_-0.132754.png,51.504235,-0.132754
overlap50_990,sat_51.504235_-0.133183.png,51.504235,-0.133183
overlap50_990,sat_51.504235_-0.133613.png,51.504235,-0.133613
overlap50_990,sat_51.504235_-0.134042.png,51.504235,-0.134042
overlap50_990,sat_51.504235_-0.134471.png,51.504235,-0.134471
overlap50_990,sat_51.504235_-0.134900.png,51.504235,-0.1349
overlap50_990,sat_51.504502_-0.121167.png,51.504502,-0.121167
overlap50_990,sat_51.504502_-0.121596.png,51.504502,-0.121596
overlap50_990,sat_51.504502_-0.122025.png,51.504502,-0.122025
overlap50_990,sat_51.504502_-0.122455.png,51.504502,-0.122455
overlap50_990,sat_51.504502_-0.122884.png,51.504502,-0.122884
overlap50_990,sat_51.504502_-0.123313.png,51.504502,-0.123313
overlap50_990,sat_51.504502_-0.123742.png,51.504502,-0.123742
overlap50_990,sat_51.504502_-0.124171.png,51.504502,-0.124171
overlap50_990,sat_51.504502_-0.124600.png,51.504502,-0.1246
overlap50_990,sat_51.504502_-0.125029.png,51.504502,-0.125029
overlap50_990,sat_51.504502_-0.125459.png,51.504502,-0.125459
overlap50_990,sat_51.504502_-0.125888.png,51.504502,-0.125888
overlap50_990,sat_51.504502_-0.126317.png,51.504502,-0.126317
overlap50_990,sat_51.504502_-0.126746.png,51.504502,-0.126746
overlap50_990,sat_51.504502_-0.127175.png,51.504502,-0.127175
overlap50_990,sat_51.504502_-0.127604.png,51.504502,-0.127604
overlap50_990,sat_51.504502_-0.128034.png,51.504502,-0.128034
overlap50_990,sat_51.504502_-0.128463.png,51.504502,-0.128463
overlap50_990,sat_51.504502_-0.128892.png,51.504502,-0.128892
overlap50_990,sat_51.504502_-0.129321.png,51.504502,-0.129321
overlap50_990,sat_51.504502_-0.129750.png,51.504502,-0.12975
overlap50_990,sat_51.504502_-0.130179.png,51.504502,-0.130179
overlap50_990,sat_51.504502_-0.130608.png,51.504502,-0.130608
overlap50_990,sat_51.504502_-0.131038.png,51.504502,-0.131038
overlap50_990,sat_51.504502_-0.131467.png,51.504502,-0.131467
overlap50_990,sat_51.504502_-0.131896.png,51.504502,-0.131896
overlap50_990,sat_51.504502_-0.132325.png,51.504502,-0.132325
overlap50_990,sat_51.504502_-0.132754.png,51.504502,-0.132754
overlap50_990,sat_51.504502_-0.133183.png,51.504502,-0.133183
overlap50_990,sat_51.504502_-0.133613.png,51.504502,-0.133613
overlap50_990,sat_51.504502_-0.134042.png,51.504502,-0.134042
overlap50_990,sat_51.504502_-0.134471.png,51.504502,-0.134471
overlap50_990,sat_51.504502_-0.134900.png,51.504502,-0.1349
overlap50_990,sat_51.504770_-0.121167.png,51.50477,-0.121167
overlap50_990,sat_51.504770_-0.121596.png,51.50477,-0.121596
overlap50_990,sat_51.504770_-0.122025.png,51.50477,-0.122025
overlap50_990,sat_51.504770_-0.122455.png,51.50477,-0.122455
overlap50_990,sat_51.504770_-0.122884.png,51.50477,-0.122884
overlap50_990,sat_51.504770_-0.123313.png,51.50477,-0.123313
overlap50_990,sat_51.504770_-0.123742.png,51.50477,-0.123742
overlap50_990,sat_51.504770_-0.124171.png,51.50477,-0.124171
overlap50_990,sat_51.504770_-0.124600.png,51.50477,-0.1246
overlap50_990,sat_51.504770_-0.125029.png,51.50477,-0.125029
overlap50_990,sat_51.504770_-0.125459.png,51.50477,-0.125459
overlap50_990,sat_51.504770_-0.125888.png,51.50477,-0.125888
overlap50_990,sat_51.504770_-0.126317.png,51.50477,-0.126317
overlap50_990,sat_51.504770_-0.126746.png,51.50477,-0.126746
overlap50_990,sat_51.504770_-0.127175.png,51.50477,-0.127175
overlap50_990,sat_51.504770_-0.127604.png,51.50477,-0.127604
overlap50_990,sat_51.504770_-0.128034.png,51.50477,-0.128034
overlap50_990,sat_51.504770_-0.128463.png,51.50477,-0.128463
overlap50_990,sat_51.504770_-0.128892.png,51.50477,-0.128892
overlap50_990,sat_51.504770_-0.129321.png,51.50477,-0.129321
overlap50_990,sat_51.504770_-0.129750.png,51.50477,-0.12975
overlap50_990,sat_51.504770_-0.130179.png,51.50477,-0.130179
overlap50_990,sat_51.504770_-0.130608.png,51.50477,-0.130608
overlap50_990,sat_51.504770_-0.131038.png,51.50477,-0.131038
overlap50_990,sat_51.504770_-0.131467.png,51.50477,-0.131467
overlap50_990,sat_51.504770_-0.131896.png,51.50477,-0.131896
overlap50_990,sat_51.504770_-0.132325.png,51.50477,-0.132325
overlap50_990,sat_51.504770_-0.132754.png,51.50477,-0.132754
overlap50_990,sat_51.504770_-0.133183.png,51.50477,-0.133183
overlap50_990,sat_51.504770_-0.133613.png,51.50477,-0.133613
overlap50_990,sat_51.504770_-0.134042.png,51.50477,-0.134042
overlap50_990,sat_51.504770_-0.134471.png,51.50477,-0.134471
overlap50_990,sat_51.504770_-0.134900.png,51.50477,-0.1349
overlap50_990,sat_51.505037_-0.121167.png,51.505037,-0.121167
overlap50_990,sat_51.505037_-0.121596.png,51.505037,-0.121596
overlap50_990,sat_51.505037_-0.122025.png,51.505037,-0.122025
overlap50_990,sat_51.505037_-0.122455.png,51.505037,-0.122455
overlap50_990,sat_51.505037_-0.122884.png,51.505037,-0.122884
overlap50_990,sat_51.505037_-0.123313.png,51.505037,-0.123313
overlap50_990,sat_51.505037_-0.123742.png,51.505037,-0.123742
overlap50_990,sat_51.505037_-0.124171.png,51.505037,-0.124171
overlap50_990,sat_51.505037_-0.124600.png,51.505037,-0.1246
overlap50_990,sat_51.505037_-0.125029.png,51.505037,-0.125029
overlap50_990,sat_51.505037_-0.125459.png,51.505037,-0.125459
overlap50_990,sat_51.505037_-0.125888.png,51.505037,-0.125888
overlap50_990,sat_51.505037_-0.126317.png,51.505037,-0.126317
overlap50_990,sat_51.505037_-0.126746.png,51.505037,-0.126746
overlap50_990,sat_51.505037_-0.127175.png,51.505037,-0.127175
overlap50_990,sat_51.505037_-0.127604.png,51.505037,-0.127604
overlap50_990,sat_51.505037_-0.128034.png,51.505037,-0.128034
overlap50_990,sat_51.505037_-0.128463.png,51.505037,-0.128463
overlap50_990,sat_51.505037_-0.128892.png,51.505037,-0.128892
overlap50_990,sat_51.505037_-0.129321.png,51.505037,-0.129321
overlap50_990,sat_51.505037_-0.129750.png,51.505037,-0.12975
overlap50_990,sat_51.505037_-0.130179.png,51.505037,-0.130179
overlap50_990,sat_51.505037_-0.130608.png,51.505037,-0.130608
overlap50_990,sat_51.505037_-0.131038.png,51.505037,-0.131038
overlap50_990,sat_51.505037_-0.131467.png,51.505037,-0.131467
overlap50_990,sat_51.505037_-0.131896.png,51.505037,-0.131896
overlap50_990,sat_51.505037_-0.132325.png,51.505037,-0.132325
overlap50_990,sat_51.505037_-0.132754.png,51.505037,-0.132754
overlap50_990,sat_51.505037_-0.133183.png,51.505037,-0.133183
overlap50_990,sat_51.505037_-0.133613.png,51.505037,-0.133613
overlap50_990,sat_51.505037_-0.134042.png,51.505037,-0.134042
overlap50_990,sat_51.505037_-0.134471.png,51.505037,-0.134471
overlap50_990,sat_51.505037_-0.134900.png,51.505037,-0.1349
overlap50_990,sat_51.505304_-0.121167.png,51.505304,-0.121167
overlap50_990,sat_51.505304_-0.121596.png,51.505304,-0.121596
overlap50_990,sat_51.505304_-0.122025.png,51.505304,-0.122025
overlap50_990,sat_51.505304_-0.122455.png,51.505304,-0.122455
overlap50_990,sat_51.505304_-0.122884.png,51.505304,-0.122884
overlap50_990,sat_51.505304_-0.123313.png,51.505304,-0.123313
overlap50_990,sat_51.505304_-0.123742.png,51.505304,-0.123742
overlap50_990,sat_51.505304_-0.124171.png,51.505304,-0.124171
overlap50_990,sat_51.505304_-0.124600.png,51.505304,-0.1246
overlap50_990,sat_51.505304_-0.125029.png,51.505304,-0.125029
overlap50_990,sat_51.505304_-0.125459.png,51.505304,-0.125459
overlap50_990,sat_51.505304_-0.125888.png,51.505304,-0.125888
overlap50_990,sat_51.505304_-0.126317.png,51.505304,-0.126317
overlap50_990,sat_51.505304_-0.126746.png,51.505304,-0.126746
overlap50_990,sat_51.505304_-0.127175.png,51.505304,-0.127175
overlap50_990,sat_51.505304_-0.127604.png,51.505304,-0.127604
overlap50_990,sat_51.505304_-0.128034.png,51.505304,-0.128034
overlap50_990,sat_51.505304_-0.128463.png,51.505304,-0.128463
overlap50_990,sat_51.505304_-0.128892.png,51.505304,-0.128892
overlap50_990,sat_51.505304_-0.129321.png,51.505304,-0.129321
overlap50_990,sat_51.505304_-0.129750.png,51.505304,-0.12975
overlap50_990,sat_51.505304_-0.130179.png,51.505304,-0.130179
overlap50_990,sat_51.505304_-0.130608.png,51.505304,-0.130608
overlap50_990,sat_51.505304_-0.131038.png,51.505304,-0.131038
overlap50_990,sat_51.505304_-0.131467.png,51.505304,-0.131467
overlap50_990,sat_51.505304_-0.131896.png,51.505304,-0.131896
overlap50_990,sat_51.505304_-0.132325.png,51.505304,-0.132325
overlap50_990,sat_51.505304_-0.132754.png,51.505304,-0.132754
overlap50_990,sat_51.505304_-0.133183.png,51.505304,-0.133183
overlap50_990,sat_51.505304_-0.133613.png,51.505304,-0.133613
overlap50_990,sat_51.505304_-0.134042.png,51.505304,-0.134042
overlap50_990,sat_51.505304_-0.134471.png,51.505304,-0.134471
overlap50_990,sat_51.505304_-0.134900.png,51.505304,-0.1349
overlap50_990,sat_51.505571_-0.121167.png,51.505571,-0.121167
overlap50_990,sat_51.505571_-0.121596.png,51.505571,-0.121596
overlap50_990,sat_51.505571_-0.122025.png,51.505571,-0.122025
overlap50_990,sat_51.505571_-0.122455.png,51.505571,-0.122455
overlap50_990,sat_51.505571_-0.122884.png,51.505571,-0.122884
overlap50_990,sat_51.505571_-0.123313.png,51.505571,-0.123313
overlap50_990,sat_51.505571_-0.123742.png,51.505571,-0.123742
overlap50_990,sat_51.505571_-0.124171.png,51.505571,-0.124171
overlap50_990,sat_51.505571_-0.124600.png,51.505571,-0.1246
overlap50_990,sat_51.505571_-0.125029.png,51.505571,-0.125029
overlap50_990,sat_51.505571_-0.125459.png,51.505571,-0.125459
overlap50_990,sat_51.505571_-0.125888.png,51.505571,-0.125888
overlap50_990,sat_51.505571_-0.126317.png,51.505571,-0.126317
overlap50_990,sat_51.505571_-0.126746.png,51.505571,-0.126746
overlap50_990,sat_51.505571_-0.127175.png,51.505571,-0.127175
overlap50_990,sat_51.505571_-0.127604.png,51.505571,-0.127604
overlap50_990,sat_51.505571_-0.128034.png,51.505571,-0.128034
overlap50_990,sat_51.505571_-0.128463.png,51.505571,-0.128463
overlap50_990,sat_51.505571_-0.128892.png,51.505571,-0.128892
overlap50_990,sat_51.505571_-0.129321.png,51.505571,-0.129321
overlap50_990,sat_51.505571_-0.129750.png,51.505571,-0.12975
overlap50_990,sat_51.505571_-0.130179.png,51.505571,-0.130179
overlap50_990,sat_51.505571_-0.130608.png,51.505571,-0.130608
overlap50_990,sat_51.505571_-0.131038.png,51.505571,-0.131038
overlap50_990,sat_51.505571_-0.131467.png,51.505571,-0.131467
overlap50_990,sat_51.505571_-0.131896.png,51.505571,-0.131896
overlap50_990,sat_51.505571_-0.132325.png,51.505571,-0.132325
overlap50_990,sat_51.505571_-0.132754.png,51.505571,-0.132754
overlap50_990,sat_51.505571_-0.133183.png,51.505571,-0.133183
overlap50_990,sat_51.505571_-0.133613.png,51.505571,-0.133613
overlap50_990,sat_51.505571_-0.134042.png,51.505571,-0.134042
overlap50_990,sat_51.505571_-0.134471.png,51.505571,-0.134471
overlap50_990,sat_51.505571_-0.134900.png,51.505571,-0.1349
overlap50_990,sat_51.505838_-0.121167.png,51.505838,-0.121167
overlap50_990,sat_51.505838_-0.121596.png,51.505838,-0.121596
overlap50_990,sat_51.505838_-0.122025.png,51.505838,-0.122025
overlap50_990,sat_51.505838_-0.122455.png,51.505838,-0.122455
overlap50_990,sat_51.505838_-0.122884.png,51.505838,-0.122884
overlap50_990,sat_51.505838_-0.123313.png,51.505838,-0.123313
overlap50_990,sat_51.505838_-0.123742.png,51.505838,-0.123742
overlap50_990,sat_51.505838_-0.124171.png,51.505838,-0.124171
overlap50_990,sat_51.505838_-0.124600.png,51.505838,-0.1246
overlap50_990,sat_51.505838_-0.125029.png,51.505838,-0.125029
overlap50_990,sat_51.505838_-0.125459.png,51.505838,-0.125459
overlap50_990,sat_51.505838_-0.125888.png,51.505838,-0.125888
overlap50_990,sat_51.505838_-0.126317.png,51.505838,-0.126317
overlap50_990,sat_51.505838_-0.126746.png,51.505838,-0.126746
overlap50_990,sat_51.505838_-0.127175.png,51.505838,-0.127175
overlap50_990,sat_51.505838_-0.127604.png,51.505838,-0.127604
overlap50_990,sat_51.505838_-0.128034.png,51.505838,-0.128034
overlap50_990,sat_51.505838_-0.128463.png,51.505838,-0.128463
overlap50_990,sat_51.505838_-0.128892.png,51.505838,-0.128892
overlap50_990,sat_51.505838_-0.129321.png,51.505838,-0.129321
overlap50_990,sat_51.505838_-0.129750.png,51.505838,-0.12975
overlap50_990,sat_51.505838_-0.130179.png,51.505838,-0.130179
overlap50_990,sat_51.505838_-0.130608.png,51.505838,-0.130608
overlap50_990,sat_51.505838_-0.131038.png,51.505838,-0.131038
overlap50_990,sat_51.505838_-0.131467.png,51.505838,-0.131467
overlap50_990,sat_51.505838_-0.131896.png,51.505838,-0.131896
overlap50_990,sat_51.505838_-0.132325.png,51.505838,-0.132325
overlap50_990,sat_51.505838_-0.132754.png,51.505838,-0.132754
overlap50_990,sat_51.505838_-0.133183.png,51.505838,-0.133183
overlap50_990,sat_51.505838_-0.133613.png,51.505838,-0.133613
overlap50_990,sat_51.505838_-0.134042.png,51.505838,-0.134042
overlap50_990,sat_51.505838_-0.134471.png,51.505838,-0.134471
overlap50_990,sat_51.505838_-0.134900.png,51.505838,-0.1349
overlap50_990,sat_51.506105_-0.121167.png,51.506105,-0.121167
overlap50_990,sat_51.506105_-0.121596.png,51.506105,-0.121596
overlap50_990,sat_51.506105_-0.122025.png,51.506105,-0.122025
overlap50_990,sat_51.506105_-0.122455.png,51.506105,-0.122455
overlap50_990,sat_51.506105_-0.122884.png,51.506105,-0.122884
overlap50_990,sat_51.506105_-0.123313.png,51.506105,-0.123313
overlap50_990,sat_51.506105_-0.123742.png,51.506105,-0.123742
overlap50_990,sat_51.506105_-0.124171.png,51.506105,-0.124171
overlap50_990,sat_51.506105_-0.124600.png,51.506105,-0.1246
overlap50_990,sat_51.506105_-0.125029.png,51.506105,-0.125029
overlap50_990,sat_51.506105_-0.125459.png,51.506105,-0.125459
overlap50_990,sat_51.506105_-0.125888.png,51.506105,-0.125888
overlap50_990,sat_51.506105_-0.126317.png,51.506105,-0.126317
overlap50_990,sat_51.506105_-0.126746.png,51.506105,-0.126746
overlap50_990,sat_51.506105_-0.127175.png,51.506105,-0.127175
overlap50_990,sat_51.506105_-0.127604.png,51.506105,-0.127604
overlap50_990,sat_51.506105_-0.128034.png,51.506105,-0.128034
overlap50_990,sat_51.506105_-0.128463.png,51.506105,-0.128463
overlap50_990,sat_51.506105_-0.128892.png,51.506105,-0.128892
overlap50_990,sat_51.506105_-0.129321.png,51.506105,-0.129321
overlap50_990,sat_51.506105_-0.129750.png,51.506105,-0.12975
overlap50_990,sat_51.506105_-0.130179.png,51.506105,-0.130179
overlap50_990,sat_51.506105_-0.130608.png,51.506105,-0.130608
overlap50_990,sat_51.506105_-0.131038.png,51.506105,-0.131038
overlap50_990,sat_51.506105_-0.131467.png,51.506105,-0.131467
overlap50_990,sat_51.506105_-0.131896.png,51.506105,-0.131896
overlap50_990,sat_51.506105_-0.132325.png,51.506105,-0.132325
overlap50_990,sat_51.506105_-0.132754.png,51.506105,-0.132754
overlap50_990,sat_51.506105_-0.133183.png,51.506105,-0.133183
overlap50_990,sat_51.506105_-0.133613.png,51.506105,-0.133613
overlap50_990,sat_51.506105_-0.134042.png,51.506105,-0.134042
overlap50_990,sat_51.506105_-0.134471.png,51.506105,-0.134471
overlap50_990,sat_51.506105_-0.134900.png,51.506105,-0.1349
overlap50_990,sat_51.506372_-0.121167.png,51.506372,-0.121167
overlap50_990,sat_51.506372_-0.121596.png,51.506372,-0.121596
overlap50_990,sat_51.506372_-0.122025.png,51.506372,-0.122025
overlap50_990,sat_51.506372_-0.122455.png,51.506372,-0.122455
overlap50_990,sat_51.506372_-0.122884.png,51.506372,-0.122884
overlap50_990,sat_51.506372_-0.123313.png,51.506372,-0.123313
overlap50_990,sat_51.506372_-0.123742.png,51.506372,-0.123742
overlap50_990,sat_51.506372_-0.124171.png,51.506372,-0.124171
overlap50_990,sat_51.506372_-0.124600.png,51.506372,-0.1246
overlap50_990,sat_51.506372_-0.125029.png,51.506372,-0.125029
overlap50_990,sat_51.506372_-0.125459.png,51.506372,-0.125459
overlap50_990,sat_51.506372_-0.125888.png,51.506372,-0.125888
overlap50_990,sat_51.506372_-0.126317.png,51.506372,-0.126317
overlap50_990,sat_51.506372_-0.126746.png,51.506372,-0.126746
overlap50_990,sat_51.506372_-0.127175.png,51.506372,-0.127175
overlap50_990,sat_51.506372_-0.127604.png,51.506372,-0.127604
overlap50_990,sat_51.506372_-0.128034.png,51.506372,-0.128034
overlap50_990,sat_51.506372_-0.128463.png,51.506372,-0.128463
overlap50_990,sat_51.506372_-0.128892.png,51.506372,-0.128892
overlap50_990,sat_51.506372_-0.129321.png,51.506372,-0.129321
overlap50_990,sat_51.506372_-0.129750.png,51.506372,-0.12975
overlap50_990,sat_51.506372_-0.130179.png,51.506372,-0.130179
overlap50_990,sat_51.506372_-0.130608.png,51.506372,-0.130608
overlap50_990,sat_51.506372_-0.131038.png,51.506372,-0.131038
overlap50_990,sat_51.506372_-0.131467.png,51.506372,-0.131467
overlap50_990,sat_51.506372_-0.131896.png,51.506372,-0.131896
overlap50_990,sat_51.506372_-0.132325.png,51.506372,-0.132325
overlap50_990,sat_51.506372_-0.132754.png,51.506372,-0.132754
overlap50_990,sat_51.506372_-0.133183.png,51.506372,-0.133183
overlap50_990,sat_51.506372_-0.133613.png,51.506372,-0.133613
overlap50_990,sat_51.506372_-0.134042.png,51.506372,-0.134042
overlap50_990,sat_51.506372_-0.134471.png,51.506372,-0.134471
overlap50_990,sat_51.506372_-0.134900.png,51.506372,-0.1349
overlap50_990,sat_51.506639_-0.121167.png,51.506639,-0.121167
overlap50_990,sat_51.506639_-0.121596.png,51.506639,-0.121596
overlap50_990,sat_51.506639_-0.122025.png,51.506639,-0.122025
overlap50_990,sat_51.506639_-0.122455.png,51.506639,-0.122455
overlap50_990,sat_51.506639_-0.122884.png,51.506639,-0.122884
overlap50_990,sat_51.506639_-0.123313.png,51.506639,-0.123313
overlap50_990,sat_51.506639_-0.123742.png,51.506639,-0.123742
overlap50_990,sat_51.506639_-0.124171.png,51.506639,-0.124171
overlap50_990,sat_51.506639_-0.124600.png,51.506639,-0.1246
overlap50_990,sat_51.506639_-0.125029.png,51.506639,-0.125029
overlap50_990,sat_51.506639_-0.125459.png,51.506639,-0.125459
overlap50_990,sat_51.506639_-0.125888.png,51.506639,-0.125888
overlap50_990,sat_51.506639_-0.126317.png,51.506639,-0.126317
overlap50_990,sat_51.506639_-0.126746.png,51.506639,-0.126746
overlap50_990,sat_51.506639_-0.127175.png,51.506639,-0.127175
overlap50_990,sat_51.506639_-0.127604.png,51.506639,-0.127604
overlap50_990,sat_51.506639_-0.128034.png,51.506639,-0.128034
overlap50_990,sat_51.506639_-0.128463.png,51.506639,-0.128463
overlap50_990,sat_51.506639_-0.128892.png,51.506639,-0.128892
overlap50_990,sat_51.506639_-0.129321.png,51.506639,-0.129321
overlap50_990,sat_51.506639_-0.129750.png,51.506639,-0.12975
overlap50_990,sat_51.506639_-0.130179.png,51.506639,-0.130179
overlap50_990,sat_51.506639_-0.130608.png,51.506639,-0.130608
overlap50_990,sat_51.506639_-0.131038.png,51.506639,-0.131038
overlap50_990,sat_51.506639_-0.131467.png,51.506639,-0.131467
overlap50_990,sat_51.506639_-0.131896.png,51.506639,-0.131896
overlap50_990,sat_51.506639_-0.132325.png,51.506639,-0.132325
overlap50_990,sat_51.506639_-0.132754.png,51.506639,-0.132754
overlap50_990,sat_51.506639_-0.133183.png,51.506639,-0.133183
overlap50_990,sat_51.506639_-0.133613.png,51.506639,-0.133613
overlap50_990,sat_51.506639_-0.134042.png,51.506639,-0.134042
overlap50_990,sat_51.506639_-0.134471.png,51.506639,-0.134471
overlap50_990,sat_51.506639_-0.134900.png,51.506639,-0.1349
overlap50_990,sat_51.506906_-0.121167.png,51.506906,-0.121167
overlap50_990,sat_51.506906_-0.121596.png,51.506906,-0.121596
overlap50_990,sat_51.506906_-0.122025.png,51.506906,-0.122025
overlap50_990,sat_51.506906_-0.122455.png,51.506906,-0.122455
overlap50_990,sat_51.506906_-0.122884.png,51.506906,-0.122884
overlap50_990,sat_51.506906_-0.123313.png,51.506906,-0.123313
overlap50_990,sat_51.506906_-0.123742.png,51.506906,-0.123742
overlap50_990,sat_51.506906_-0.124171.png,51.506906,-0.124171
overlap50_990,sat_51.506906_-0.124600.png,51.506906,-0.1246
overlap50_990,sat_51.506906_-0.125029.png,51.506906,-0.125029
overlap50_990,sat_51.506906_-0.125459.png,51.506906,-0.125459
overlap50_990,sat_51.506906_-0.125888.png,51.506906,-0.125888
overlap50_990,sat_51.506906_-0.126317.png,51.506906,-0.126317
overlap50_990,sat_51.506906_-0.126746.png,51.506906,-0.126746
overlap50_990,sat_51.506906_-0.127175.png,51.506906,-0.127175
overlap50_990,sat_51.506906_-0.127604.png,51.506906,-0.127604
overlap50_990,sat_51.506906_-0.128034.png,51.506906,-0.128034
overlap50_990,sat_51.506906_-0.128463.png,51.506906,-0.128463
overlap50_990,sat_51.506906_-0.128892.png,51.506906,-0.128892
overlap50_990,sat_51.506906_-0.129321.png,51.506906,-0.129321
overlap50_990,sat_51.506906_-0.129750.png,51.506906,-0.12975
overlap50_990,sat_51.506906_-0.130179.png,51.506906,-0.130179
overlap50_990,sat_51.506906_-0.130608.png,51.506906,-0.130608
overlap50_990,sat_51.506906_-0.131038.png,51.506906,-0.131038
overlap50_990,sat_51.506906_-0.131467.png,51.506906,-0.131467
overlap50_990,sat_51.506906_-0.131896.png,51.506906,-0.131896
overlap50_990,sat_51.506906_-0.132325.png,51.506906,-0.132325
overlap50_990,sat_51.506906_-0.132754.png,51.506906,-0.132754
overlap50_990,sat_51.506906_-0.133183.png,51.506906,-0.133183
overlap50_990,sat_51.506906_-0.133613.png,51.506906,-0.133613
overlap50_990,sat_51.506906_-0.134042.png,51.506906,-0.134042
overlap50_990,sat_51.506906_-0.134471.png,51.506906,-0.134471
overlap50_990,sat_51.506906_-0.134900.png,51.506906,-0.1349
overlap50_990,sat_51.507174_-0.121167.png,51.507174,-0.121167
overlap50_990,sat_51.507174_-0.121596.png,51.507174,-0.121596
overlap50_990,sat_51.507174_-0.122025.png,51.507174,-0.122025
overlap50_990,sat_51.507174_-0.122455.png,51.507174,-0.122455
overlap50_990,sat_51.507174_-0.122884.png,51.507174,-0.122884
overlap50_990,sat_51.507174_-0.123313.png,51.507174,-0.123313
overlap50_990,sat_51.507174_-0.123742.png,51.507174,-0.123742
overlap50_990,sat_51.507174_-0.124171.png,51.507174,-0.124171
overlap50_990,sat_51.507174_-0.124600.png,51.507174,-0.1246
overlap50_990,sat_51.507174_-0.125029.png,51.507174,-0.125029
overlap50_990,sat_51.507174_-0.125459.png,51.507174,-0.125459
overlap50_990,sat_51.507174_-0.125888.png,51.507174,-0.125888
overlap50_990,sat_51.507174_-0.126317.png,51.507174,-0.126317
overlap50_990,sat_51.507174_-0.126746.png,51.507174,-0.126746
overlap50_990,sat_51.507174_-0.127175.png,51.507174,-0.127175
overlap50_990,sat_51.507174_-0.127604.png,51.507174,-0.127604
overlap50_990,sat_51.507174_-0.128034.png,51.507174,-0.128034
overlap50_990,sat_51.507174_-0.128463.png,51.507174,-0.128463
overlap50_990,sat_51.507174_-0.128892.png,51.507174,-0.128892
overlap50_990,sat_51.507174_-0.129321.png,51.507174,-0.129321
overlap50_990,sat_51.507174_-0.129750.png,51.507174,-0.12975
overlap50_990,sat_51.507174_-0.130179.png,51.507174,-0.130179
overlap50_990,sat_51.507174_-0.130608.png,51.507174,-0.130608
overlap50_990,sat_51.507174_-0.131038.png,51.507174,-0.131038
overlap50_990,sat_51.507174_-0.131467.png,51.507174,-0.131467
overlap50_990,sat_51.507174_-0.131896.png,51.507174,-0.131896
overlap50_990,sat_51.507174_-0.132325.png,51.507174,-0.132325
overlap50_990,sat_51.507174_-0.132754.png,51.507174,-0.132754
overlap50_990,sat_51.507174_-0.133183.png,51.507174,-0.133183
overlap50_990,sat_51.507174_-0.133613.png,51.507174,-0.133613
overlap50_990,sat_51.507174_-0.134042.png,51.507174,-0.134042
overlap50_990,sat_51.507174_-0.134471.png,51.507174,-0.134471
overlap50_990,sat_51.507174_-0.134900.png,51.507174,-0.1349
overlap50_990,sat_51.507441_-0.121167.png,51.507441,-0.121167
overlap50_990,sat_51.507441_-0.121596.png,51.507441,-0.121596
overlap50_990,sat_51.507441_-0.122025.png,51.507441,-0.122025
overlap50_990,sat_51.507441_-0.122455.png,51.507441,-0.122455
overlap50_990,sat_51.507441_-0.122884.png,51.507441,-0.122884
overlap50_990,sat_51.507441_-0.123313.png,51.507441,-0.123313
overlap50_990,sat_51.507441_-0.123742.png,51.507441,-0.123742
overlap50_990,sat_51.507441_-0.124171.png,51.507441,-0.124171
overlap50_990,sat_51.507441_-0.124600.png,51.507441,-0.1246
overlap50_990,sat_51.507441_-0.125029.png,51.507441,-0.125029
overlap50_990,sat_51.507441_-0.125459.png,51.507441,-0.125459
overlap50_990,sat_51.507441_-0.125888.png,51.507441,-0.125888
overlap50_990,sat_51.507441_-0.126317.png,51.507441,-0.126317
overlap50_990,sat_51.507441_-0.126746.png,51.507441,-0.126746
overlap50_990,sat_51.507441_-0.127175.png,51.507441,-0.127175
overlap50_990,sat_51.507441_-0.127604.png,51.507441,-0.127604
overlap50_990,sat_51.507441_-0.128034.png,51.507441,-0.128034
overlap50_990,sat_51.507441_-0.128463.png,51.507441,-0.128463
overlap50_990,sat_51.507441_-0.128892.png,51.507441,-0.128892
overlap50_990,sat_51.507441_-0.129321.png,51.507441,-0.129321
overlap50_990,sat_51.507441_-0.129750.png,51.507441,-0.12975
overlap50_990,sat_51.507441_-0.130179.png,51.507441,-0.130179
overlap50_990,sat_51.507441_-0.130608.png,51.507441,-0.130608
overlap50_990,sat_51.507441_-0.131038.png,51.507441,-0.131038
overlap50_990,sat_51.507441_-0.131467.png,51.507441,-0.131467
overlap50_990,sat_51.507441_-0.131896.png,51.507441,-0.131896
overlap50_990,sat_51.507441_-0.132325.png,51.507441,-0.132325
overlap50_990,sat_51.507441_-0.132754.png,51.507441,-0.132754
overlap50_990,sat_51.507441_-0.133183.png,51.507441,-0.133183
overlap50_990,sat_51.507441_-0.133613.png,51.507441,-0.133613
overlap50_990,sat_51.507441_-0.134042.png,51.507441,-0.134042
overlap50_990,sat_51.507441_-0.134471.png,51.507441,-0.134471
overlap50_990,sat_51.507441_-0.134900.png,51.507441,-0.1349
overlap50_990,sat_51.507708_-0.121167.png,51.507708,-0.121167
overlap50_990,sat_51.507708_-0.121596.png,51.507708,-0.121596
overlap50_990,sat_51.507708_-0.122025.png,51.507708,-0.122025
overlap50_990,sat_51.507708_-0.122455.png,51.507708,-0.122455
overlap50_990,sat_51.507708_-0.122884.png,51.507708,-0.122884
overlap50_990,sat_51.507708_-0.123313.png,51.507708,-0.123313
overlap50_990,sat_51.507708_-0.123742.png,51.507708,-0.123742
overlap50_990,sat_51.507708_-0.124171.png,51.507708,-0.124171
overlap50_990,sat_51.507708_-0.124600.png,51.507708,-0.1246
overlap50_990,sat_51.507708_-0.125029.png,51.507708,-0.125029
overlap50_990,sat_51.507708_-0.125459.png,51.507708,-0.125459
overlap50_990,sat_51.507708_-0.125888.png,51.507708,-0.125888
overlap50_990,sat_51.507708_-0.126317.png,51.507708,-0.126317
overlap50_990,sat_51.507708_-0.126746.png,51.507708,-0.126746
overlap50_990,sat_51.507708_-0.127175.png,51.507708,-0.127175
overlap50_990,sat_51.507708_-0.127604.png,51.507708,-0.127604
overlap50_990,sat_51.507708_-0.128034.png,51.507708,-0.128034
overlap50_990,sat_51.507708_-0.128463.png,51.507708,-0.128463
overlap50_990,sat_51.507708_-0.128892.png,51.507708,-0.128892
overlap50_990,sat_51.507708_-0.129321.png,51.507708,-0.129321
overlap50_990,sat_51.507708_-0.129750.png,51.507708,-0.12975
overlap50_990,sat_51.507708_-0.130179.png,51.507708,-0.130179
overlap50_990,sat_51.507708_-0.130608.png,51.507708,-0.130608
overlap50_990,sat_51.507708_-0.131038.png,51.507708,-0.131038
overlap50_990,sat_51.507708_-0.131467.png,51.507708,-0.131467
overlap50_990,sat_51.507708_-0.131896.png,51.507708,-0.131896
overlap50_990,sat_51.507708_-0.132325.png,51.507708,-0.132325
overlap50_990,sat_51.507708_-0.132754.png,51.507708,-0.132754
overlap50_990,sat_51.507708_-0.133183.png,51.507708,-0.133183
overlap50_990,sat_51.507708_-0.133613.png,51.507708,-0.133613
overlap50_990,sat_51.507708_-0.134042.png,51.507708,-0.134042
overlap50_990,sat_51.507708_-0.134471.png,51.507708,-0.134471
overlap50_990,sat_51.507708_-0.134900.png,51.507708,-0.1349
overlap50_990,sat_51.507975_-0.121167.png,51.507975,-0.121167
overlap50_990,sat_51.507975_-0.121596.png,51.507975,-0.121596
overlap50_990,sat_51.507975_-0.122025.png,51.507975,-0.122025
overlap50_990,sat_51.507975_-0.122455.png,51.507975,-0.122455
overlap50_990,sat_51.507975_-0.122884.png,51.507975,-0.122884
overlap50_990,sat_51.507975_-0.123313.png,51.507975,-0.123313
overlap50_990,sat_51.507975_-0.123742.png,51.507975,-0.123742
overlap50_990,sat_51.507975_-0.124171.png,51.507975,-0.124171
overlap50_990,sat_51.507975_-0.124600.png,51.507975,-0.1246
overlap50_990,sat_51.507975_-0.125029.png,51.507975,-0.125029
overlap50_990,sat_51.507975_-0.125459.png,51.507975,-0.125459
overlap50_990,sat_51.507975_-0.125888.png,51.507975,-0.125888
overlap50_990,sat_51.507975_-0.126317.png,51.507975,-0.126317
overlap50_990,sat_51.507975_-0.126746.png,51.507975,-0.126746
overlap50_990,sat_51.507975_-0.127175.png,51.507975,-0.127175
overlap50_990,sat_51.507975_-0.127604.png,51.507975,-0.127604
overlap50_990,sat_51.507975_-0.128034.png,51.507975,-0.128034
overlap50_990,sat_51.507975_-0.128463.png,51.507975,-0.128463
overlap50_990,sat_51.507975_-0.128892.png,51.507975,-0.128892
overlap50_990,sat_51.507975_-0.129321.png,51.507975,-0.129321
overlap50_990,sat_51.507975_-0.129750.png,51.507975,-0.12975
overlap50_990,sat_51.507975_-0.130179.png,51.507975,-0.130179
overlap50_990,sat_51.507975_-0.130608.png,51.507975,-0.130608
overlap50_990,sat_51.507975_-0.131038.png,51.507975,-0.131038
overlap50_990,sat_51.507975_-0.131467.png,51.507975,-0.131467
overlap50_990,sat_51.507975_-0.131896.png,51.507975,-0.131896
overlap50_990,sat_51.507975_-0.132325.png,51.507975,-0.132325
overlap50_990,sat_51.507975_-0.132754.png,51.507975,-0.132754
overlap50_990,sat_51.507975_-0.133183.png,51.507975,-0.133183
overlap50_990,sat_51.507975_-0.133613.png,51.507975,-0.133613
overlap50_990,sat_51.507975_-0.134042.png,51.507975,-0.134042
overlap50_990,sat_51.507975_-0.134471.png,51.507975,-0.134471
overlap50_990,sat_51.507975_-0.134900.png,51.507975,-0.1349
overlap50_990,sat_51.508242_-0.121167.png,51.508242,-0.121167
overlap50_990,sat_51.508242_-0.121596.png,51.508242,-0.121596
overlap50_990,sat_51.508242_-0.122025.png,51.508242,-0.122025
overlap50_990,sat_51.508242_-0.122455.png,51.508242,-0.122455
overlap50_990,sat_51.508242_-0.122884.png,51.508242,-0.122884
overlap50_990,sat_51.508242_-0.123313.png,51.508242,-0.123313
overlap50_990,sat_51.508242_-0.123742.png,51.508242,-0.123742
overlap50_990,sat_51.508242_-0.124171.png,51.508242,-0.124171
overlap50_990,sat_51.508242_-0.124600.png,51.508242,-0.1246
overlap50_990,sat_51.508242_-0.125029.png,51.508242,-0.125029
overlap50_990,sat_51.508242_-0.125459.png,51.508242,-0.125459
overlap50_990,sat_51.508242_-0.125888.png,51.508242,-0.125888
overlap50_990,sat_51.508242_-0.126317.png,51.508242,-0.126317
overlap50_990,sat_51.508242_-0.126746.png,51.508242,-0.126746
overlap50_990,sat_51.508242_-0.127175.png,51.508242,-0.127175
overlap50_990,sat_51.508242_-0.127604.png,51.508242,-0.127604
overlap50_990,sat_51.508242_-0.128034.png,51.508242,-0.128034
overlap50_990,sat_51.508242_-0.128463.png,51.508242,-0.128463
overlap50_990,sat_51.508242_-0.128892.png,51.508242,-0.128892
overlap50_990,sat_51.508242_-0.129321.png,51.508242,-0.129321
overlap50_990,sat_51.508242_-0.129750.png,51.508242,-0.12975
overlap50_990,sat_51.508242_-0.130179.png,51.508242,-0.130179
overlap50_990,sat_51.508242_-0.130608.png,51.508242,-0.130608
overlap50_990,sat_51.508242_-0.131038.png,51.508242,-0.131038
overlap50_990,sat_51.508242_-0.131467.png,51.508242,-0.131467
overlap50_990,sat_51.508242_-0.131896.png,51.508242,-0.131896
overlap50_990,sat_51.508242_-0.132325.png,51.508242,-0.132325
overlap50_990,sat_51.508242_-0.132754.png,51.508242,-0.132754
overlap50_990,sat_51.508242_-0.133183.png,51.508242,-0.133183
overlap50_990,sat_51.508242_-0.133613.png,51.508242,-0.133613
overlap50_990,sat_51.508242_-0.134042.png,51.508242,-0.134042
overlap50_990,sat_51.508242_-0.134471.png,51.508242,-0.134471
overlap50_990,sat_51.508242_-0.134900.png,51.508242,-0.1349
overlap50_990,sat_51.508509_-0.121167.png,51.508509,-0.121167
overlap50_990,sat_51.508509_-0.121596.png,51.508509,-0.121596
overlap50_990,sat_51.508509_-0.122025.png,51.508509,-0.122025
overlap50_990,sat_51.508509_-0.122455.png,51.508509,-0.122455
overlap50_990,sat_51.508509_-0.122884.png,51.508509,-0.122884
overlap50_990,sat_51.508509_-0.123313.png,51.508509,-0.123313
overlap50_990,sat_51.508509_-0.123742.png,51.508509,-0.123742
overlap50_990,sat_51.508509_-0.124171.png,51.508509,-0.124171
overlap50_990,sat_51.508509_-0.124600.png,51.508509,-0.1246
overlap50_990,sat_51.508509_-0.125029.png,51.508509,-0.125029
overlap50_990,sat_51.508509_-0.125459.png,51.508509,-0.125459
overlap50_990,sat_51.508509_-0.125888.png,51.508509,-0.125888
overlap50_990,sat_51.508509_-0.126317.png,51.508509,-0.126317
overlap50_990,sat_51.508509_-0.126746.png,51.508509,-0.126746
overlap50_990,sat_51.508509_-0.127175.png,51.508509,-0.127175
overlap50_990,sat_51.508509_-0.127604.png,51.508509,-0.127604
overlap50_990,sat_51.508509_-0.128034.png,51.508509,-0.128034
overlap50_990,sat_51.508509_-0.128463.png,51.508509,-0.128463
overlap50_990,sat_51.508509_-0.128892.png,51.508509,-0.128892
overlap50_990,sat_51.508509_-0.129321.png,51.508509,-0.129321
overlap50_990,sat_51.508509_-0.129750.png,51.508509,-0.12975
overlap50_990,sat_51.508509_-0.130179.png,51.508509,-0.130179
overlap50_990,sat_51.508509_-0.130608.png,51.508509,-0.130608
overlap50_990,sat_51.508509_-0.131038.png,51.508509,-0.131038
overlap50_990,sat_51.508509_-0.131467.png,51.508509,-0.131467
overlap50_990,sat_51.508509_-0.131896.png,51.508509,-0.131896
overlap50_990,sat_51.508509_-0.132325.png,51.508509,-0.132325
overlap50_990,sat_51.508509_-0.132754.png,51.508509,-0.132754
overlap50_990,sat_51.508509_-0.133183.png,51.508509,-0.133183
overlap50_990,sat_51.508509_-0.133613.png,51.508509,-0.133613
overlap50_990,sat_51.508509_-0.134042.png,51.508509,-0.134042
overlap50_990,sat_51.508509_-0.134471.png,51.508509,-0.134471
overlap50_990,sat_51.508509_-0.134900.png,51.508509,-0.1349
overlap50_990,sat_51.508776_-0.121167.png,51.508776,-0.121167
overlap50_990,sat_51.508776_-0.121596.png,51.508776,-0.121596
overlap50_990,sat_51.508776_-0.122025.png,51.508776,-0.122025
overlap50_990,sat_51.508776_-0.122455.png,51.508776,-0.122455
overlap50_990,sat_51.508776_-0.122884.png,51.508776,-0.122884
overlap50_990,sat_51.508776_-0.123313.png,51.508776,-0.123313
overlap50_990,sat_51.508776_-0.123742.png,51.508776,-0.123742
overlap50_990,sat_51.508776_-0.124171.png,51.508776,-0.124171
overlap50_990,sat_51.508776_-0.124600.png,51.508776,-0.1246
overlap50_990,sat_51.508776_-0.125029.png,51.508776,-0.125029
overlap50_990,sat_51.508776_-0.125459.png,51.508776,-0.125459
overlap50_990,sat_51.508776_-0.125888.png,51.508776,-0.125888
overlap50_990,sat_51.508776_-0.126317.png,51.508776,-0.126317
overlap50_990,sat_51.508776_-0.126746.png,51.508776,-0.126746
overlap50_990,sat_51.508776_-0.127175.png,51.508776,-0.127175
overlap50_990,sat_51.508776_-0.127604.png,51.508776,-0.127604
overlap50_990,sat_51.508776_-0.128034.png,51.508776,-0.128034
overlap50_990,sat_51.508776_-0.128463.png,51.508776,-0.128463
overlap50_990,sat_51.508776_-0.128892.png,51.508776,-0.128892
overlap50_990,sat_51.508776_-0.129321.png,51.508776,-0.129321
overlap50_990,sat_51.508776_-0.129750.png,51.508776,-0.12975
overlap50_990,sat_51.508776_-0.130179.png,51.508776,-0.130179
overlap50_990,sat_51.508776_-0.130608.png,51.508776,-0.130608
overlap50_990,sat_51.508776_-0.131038.png,51.508776,-0.131038
overlap50_990,sat_51.508776_-0.131467.png,51.508776,-0.131467
overlap50_990,sat_51.508776_-0.131896.png,51.508776,-0.131896
overlap50_990,sat_51.508776_-0.132325.png,51.508776,-0.132325
overlap50_990,sat_51.508776_-0.132754.png,51.508776,-0.132754
overlap50_990,sat_51.508776_-0.133183.png,51.508776,-0.133183
overlap50_990,sat_51.508776_-0.133613.png,51.508776,-0.133613
overlap50_990,sat_51.508776_-0.134042.png,51.508776,-0.134042
overlap50_990,sat_51.508776_-0.134471.png,51.508776,-0.134471
overlap50_990,sat_51.508776_-0.134900.png,51.508776,-0.1349
overlap50_990,sat_51.509043_-0.121167.png,51.509043,-0.121167
overlap50_990,sat_51.509043_-0.121596.png,51.509043,-0.121596
overlap50_990,sat_51.509043_-0.122025.png,51.509043,-0.122025
overlap50_990,sat_51.509043_-0.122455.png,51.509043,-0.122455
overlap50_990,sat_51.509043_-0.122884.png,51.509043,-0.122884
overlap50_990,sat_51.509043_-0.123313.png,51.509043,-0.123313
overlap50_990,sat_51.509043_-0.123742.png,51.509043,-0.123742
overlap50_990,sat_51.509043_-0.124171.png,51.509043,-0.124171
overlap50_990,sat_51.509043_-0.124600.png,51.509043,-0.1246
overlap50_990,sat_51.509043_-0.125029.png,51.509043,-0.125029
overlap50_990,sat_51.509043_-0.125459.png,51.509043,-0.125459
overlap50_990,sat_51.509043_-0.125888.png,51.509043,-0.125888
overlap50_990,sat_51.509043_-0.126317.png,51.509043,-0.126317
overlap50_990,sat_51.509043_-0.126746.png,51.509043,-0.126746
overlap50_990,sat_51.509043_-0.127175.png,51.509043,-0.127175
overlap50_990,sat_51.509043_-0.127604.png,51.509043,-0.127604
overlap50_990,sat_51.509043_-0.128034.png,51.509043,-0.128034
overlap50_990,sat_51.509043_-0.128463.png,51.509043,-0.128463
overlap50_990,sat_51.509043_-0.128892.png,51.509043,-0.128892
overlap50_990,sat_51.509043_-0.129321.png,51.509043,-0.129321
overlap50_990,sat_51.509043_-0.129750.png,51.509043,-0.12975
overlap50_990,sat_51.509043_-0.130179.png,51.509043,-0.130179
overlap50_990,sat_51.509043_-0.130608.png,51.509043,-0.130608
overlap50_990,sat_51.509043_-0.131038.png,51.509043,-0.131038
overlap50_990,sat_51.509043_-0.131467.png,51.509043,-0.131467
overlap50_990,sat_51.509043_-0.131896.png,51.509043,-0.131896
overlap50_990,sat_51.509043_-0.132325.png,51.509043,-0.132325
overlap50_990,sat_51.509043_-0.132754.png,51.509043,-0.132754
overlap50_990,sat_51.509043_-0.133183.png,51.509043,-0.133183
overlap50_990,sat_51.509043_-0.133613.png,51.509043,-0.133613
overlap50_990,sat_51.509043_-0.134042.png,51.509043,-0.134042
overlap50_990,sat_51.509043_-0.134471.png,51.509043,-0.134471
overlap50_990,sat_51.509043_-0.134900.png,51.509043,-0.1349
overlap50_990,sat_51.509310_-0.121167.png,51.50931,-0.121167
overlap50_990,sat_51.509310_-0.121596.png,51.50931,-0.121596
overlap50_990,sat_51.509310_-0.122025.png,51.50931,-0.122025
overlap50_990,sat_51.509310_-0.122455.png,51.50931,-0.122455
overlap50_990,sat_51.509310_-0.122884.png,51.50931,-0.122884
overlap50_990,sat_51.509310_-0.123313.png,51.50931,-0.123313
overlap50_990,sat_51.509310_-0.123742.png,51.50931,-0.123742
overlap50_990,sat_51.509310_-0.124171.png,51.50931,-0.124171
overlap50_990,sat_51.509310_-0.124600.png,51.50931,-0.1246
overlap50_990,sat_51.509310_-0.125029.png,51.50931,-0.125029
overlap50_990,sat_51.509310_-0.125459.png,51.50931,-0.125459
overlap50_990,sat_51.509310_-0.125888.png,51.50931,-0.125888
overlap50_990,sat_51.509310_-0.126317.png,51.50931,-0.126317
overlap50_990,sat_51.509310_-0.126746.png,51.50931,-0.126746
overlap50_990,sat_51.509310_-0.127175.png,51.50931,-0.127175
overlap50_990,sat_51.509310_-0.127604.png,51.50931,-0.127604
overlap50_990,sat_51.509310_-0.128034.png,51.50931,-0.128034
overlap50_990,sat_51.509310_-0.128463.png,51.50931,-0.128463
overlap50_990,sat_51.509310_-0.128892.png,51.50931,-0.128892
overlap50_990,sat_51.509310_-0.129321.png,51.50931,-0.129321
overlap50_990,sat_51.509310_-0.129750.png,51.50931,-0.12975
overlap50_990,sat_51.509310_-0.130179.png,51.50931,-0.130179
overlap50_990,sat_51.509310_-0.130608.png,51.50931,-0.130608
overlap50_990,sat_51.509310_-0.131038.png,51.50931,-0.131038
overlap50_990,sat_51.509310_-0.131467.png,51.50931,-0.131467
overlap50_990,sat_51.509310_-0.131896.png,51.50931,-0.131896
overlap50_990,sat_51.509310_-0.132325.png,51.50931,-0.132325
overlap50_990,sat_51.509310_-0.132754.png,51.50931,-0.132754
overlap50_990,sat_51.509310_-0.133183.png,51.50931,-0.133183
overlap50_990,sat_51.509310_-0.133613.png,51.50931,-0.133613
overlap50_990,sat_51.509310_-0.134042.png,51.50931,-0.134042
overlap50_990,sat_51.509310_-0.134471.png,51.50931,-0.134471
overlap50_990,sat_51.509310_-0.134900.png,51.50931,-0.1349
overlap50_990,sat_51.509578_-0.121167.png,51.509578,-0.121167
overlap50_990,sat_51.509578_-0.121596.png,51.509578,-0.121596
overlap50_990,sat_51.509578_-0.122025.png,51.509578,-0.122025
overlap50_990,sat_51.509578_-0.122455.png,51.509578,-0.122455
overlap50_990,sat_51.509578_-0.122884.png,51.509578,-0.122884
overlap50_990,sat_51.509578_-0.123313.png,51.509578,-0.123313
overlap50_990,sat_51.509578_-0.123742.png,51.509578,-0.123742
overlap50_990,sat_51.509578_-0.124171.png,51.509578,-0.124171
overlap50_990,sat_51.509578_-0.124600.png,51.509578,-0.1246
overlap50_990,sat_51.509578_-0.125029.png,51.509578,-0.125029
overlap50_990,sat_51.509578_-0.125459.png,51.509578,-0.125459
overlap50_990,sat_51.509578_-0.125888.png,51.509578,-0.125888
overlap50_990,sat_51.509578_-0.126317.png,51.509578,-0.126317
overlap50_990,sat_51.509578_-0.126746.png,51.509578,-0.126746
overlap50_990,sat_51.509578_-0.127175.png,51.509578,-0.127175
overlap50_990,sat_51.509578_-0.127604.png,51.509578,-0.127604
overlap50_990,sat_51.509578_-0.128034.png,51.509578,-0.128034
overlap50_990,sat_51.509578_-0.128463.png,51.509578,-0.128463
overlap50_990,sat_51.509578_-0.128892.png,51.509578,-0.128892
overlap50_990,sat_51.509578_-0.129321.png,51.509578,-0.129321
overlap50_990,sat_51.509578_-0.129750.png,51.509578,-0.12975
overlap50_990,sat_51.509578_-0.130179.png,51.509578,-0.130179
overlap50_990,sat_51.509578_-0.130608.png,51.509578,-0.130608
overlap50_990,sat_51.509578_-0.131038.png,51.509578,-0.131038
overlap50_990,sat_51.509578_-0.131467.png,51.509578,-0.131467
overlap50_990,sat_51.509578_-0.131896.png,51.509578,-0.131896
overlap50_990,sat_51.509578_-0.132325.png,51.509578,-0.132325
overlap50_990,sat_51.509578_-0.132754.png,51.509578,-0.132754
overlap50_990,sat_51.509578_-0.133183.png,51.509578,-0.133183
overlap50_990,sat_51.509578_-0.133613.png,51.509578,-0.133613
overlap50_990,sat_51.509578_-0.134042.png,51.509578,-0.134042
overlap50_990,sat_51.509578_-0.134471.png,51.509578,-0.134471
overlap50_990,sat_51.509578_-0.134900.png,51.509578,-0.1349
overlap50_990,sat_51.509845_-0.121167.png,51.509845,-0.121167
overlap50_990,sat_51.509845_-0.121596.png,51.509845,-0.121596
overlap50_990,sat_51.509845_-0.122025.png,51.509845,-0.122025
overlap50_990,sat_51.509845_-0.122455.png,51.509845,-0.122455
overlap50_990,sat_51.509845_-0.122884.png,51.509845,-0.122884
overlap50_990,sat_51.509845_-0.123313.png,51.509845,-0.123313
overlap50_990,sat_51.509845_-0.123742.png,51.509845,-0.123742
overlap50_990,sat_51.509845_-0.124171.png,51.509845,-0.124171
overlap50_990,sat_51.509845_-0.124600.png,51.509845,-0.1246
overlap50_990,sat_51.509845_-0.125029.png,51.509845,-0.125029
overlap50_990,sat_51.509845_-0.125459.png,51.509845,-0.125459
overlap50_990,sat_51.509845_-0.125888.png,51.509845,-0.125888
overlap50_990,sat_51.509845_-0.126317.png,51.509845,-0.126317
overlap50_990,sat_51.509845_-0.126746.png,51.509845,-0.126746
overlap50_990,sat_51.509845_-0.127175.png,51.509845,-0.127175
overlap50_990,sat_51.509845_-0.127604.png,51.509845,-0.127604
overlap50_990,sat_51.509845_-0.128034.png,51.509845,-0.128034
overlap50_990,sat_51.509845_-0.128463.png,51.509845,-0.128463
overlap50_990,sat_51.509845_-0.128892.png,51.509845,-0.128892
overlap50_990,sat_51.509845_-0.129321.png,51.509845,-0.129321
overlap50_990,sat_51.509845_-0.129750.png,51.509845,-0.12975
overlap50_990,sat_51.509845_-0.130179.png,51.509845,-0.130179
overlap50_990,sat_51.509845_-0.130608.png,51.509845,-0.130608
overlap50_990,sat_51.509845_-0.131038.png,51.509845,-0.131038
overlap50_990,sat_51.509845_-0.131467.png,51.509845,-0.131467
overlap50_990,sat_51.509845_-0.131896.png,51.509845,-0.131896
overlap50_990,sat_51.509845_-0.132325.png,51.509845,-0.132325
overlap50_990,sat_51.509845_-0.132754.png,51.509845,-0.132754
overlap50_990,sat_51.509845_-0.133183.png,51.509845,-0.133183
overlap50_990,sat_51.509845_-0.133613.png,51.509845,-0.133613
overlap50_990,sat_51.509845_-0.134042.png,51.509845,-0.134042
overlap50_990,sat_51.509845_-0.134471.png,51.509845,-0.134471
overlap50_990,sat_51.509845_-0.134900.png,51.509845,-0.1349
overlap50_990,sat_51.510112_-0.121167.png,51.510112,-0.121167
overlap50_990,sat_51.510112_-0.121596.png,51.510112,-0.121596
overlap50_990,sat_51.510112_-0.122025.png,51.510112,-0.122025
overlap50_990,sat_51.510112_-0.122455.png,51.510112,-0.122455
overlap50_990,sat_51.510112_-0.122884.png,51.510112,-0.122884
overlap50_990,sat_51.510112_-0.123313.png,51.510112,-0.123313
overlap50_990,sat_51.510112_-0.123742.png,51.510112,-0.123742
overlap50_990,sat_51.510112_-0.124171.png,51.510112,-0.124171
overlap50_990,sat_51.510112_-0.124600.png,51.510112,-0.1246
overlap50_990,sat_51.510112_-0.125029.png,51.510112,-0.125029
overlap50_990,sat_51.510112_-0.125459.png,51.510112,-0.125459
overlap50_990,sat_51.510112_-0.125888.png,51.510112,-0.125888
overlap50_990,sat_51.510112_-0.126317.png,51.510112,-0.126317
overlap50_990,sat_51.510112_-0.126746.png,51.510112,-0.126746
overlap50_990,sat_51.510112_-0.127175.png,51.510112,-0.127175
overlap50_990,sat_51.510112_-0.127604.png,51.510112,-0.127604
overlap50_990,sat_51.510112_-0.128034.png,51.510112,-0.128034
overlap50_990,sat_51.510112_-0.128463.png,51.510112,-0.128463
overlap50_990,sat_51.510112_-0.128892.png,51.510112,-0.128892
overlap50_990,sat_51.510112_-0.129321.png,51.510112,-0.129321
overlap50_990,sat_51.510112_-0.129750.png,51.510112,-0.12975
overlap50_990,sat_51.510112_-0.130179.png,51.510112,-0.130179
overlap50_990,sat_51.510112_-0.130608.png,51.510112,-0.130608
overlap50_990,sat_51.510112_-0.131038.png,51.510112,-0.131038
overlap50_990,sat_51.510112_-0.131467.png,51.510112,-0.131467
overlap50_990,sat_51.510112_-0.131896.png,51.510112,-0.131896
overlap50_990,sat_51.510112_-0.132325.png,51.510112,-0.132325
overlap50_990,sat_51.510112_-0.132754.png,51.510112,-0.132754
overlap50_990,sat_51.510112_-0.133183.png,51.510112,-0.133183
overlap50_990,sat_51.510112_-0.133613.png,51.510112,-0.133613
overlap50_990,sat_51.510112_-0.134042.png,51.510112,-0.134042
overlap50_990,sat_51.510112_-0.134471.png,51.510112,-0.134471
overlap50_990,sat_51.510112_-0.134900.png,51.510112,-0.1349
overlap50_990,sat_51.510379_-0.121167.png,51.510379,-0.121167
overlap50_990,sat_51.510379_-0.121596.png,51.510379,-0.121596
overlap50_990,sat_51.510379_-0.122025.png,51.510379,-0.122025
overlap50_990,sat_51.510379_-0.122455.png,51.510379,-0.122455
overlap50_990,sat_51.510379_-0.122884.png,51.510379,-0.122884
overlap50_990,sat_51.510379_-0.123313.png,51.510379,-0.123313
overlap50_990,sat_51.510379_-0.123742.png,51.510379,-0.123742
overlap50_990,sat_51.510379_-0.124171.png,51.510379,-0.124171
overlap50_990,sat_51.510379_-0.124600.png,51.510379,-0.1246
overlap50_990,sat_51.510379_-0.125029.png,51.510379,-0.125029
overlap50_990,sat_51.510379_-0.125459.png,51.510379,-0.125459
overlap50_990,sat_51.510379_-0.125888.png,51.510379,-0.125888
overlap50_990,sat_51.510379_-0.126317.png,51.510379,-0.126317
overlap50_990,sat_51.510379_-0.126746.png,51.510379,-0.126746
overlap50_990,sat_51.510379_-0.127175.png,51.510379,-0.127175
overlap50_990,sat_51.510379_-0.127604.png,51.510379,-0.127604
overlap50_990,sat_51.510379_-0.128034.png,51.510379,-0.128034
overlap50_990,sat_51.510379_-0.128463.png,51.510379,-0.128463
overlap50_990,sat_51.510379_-0.128892.png,51.510379,-0.128892
overlap50_990,sat_51.510379_-0.129321.png,51.510379,-0.129321
overlap50_990,sat_51.510379_-0.129750.png,51.510379,-0.12975
overlap50_990,sat_51.510379_-0.130179.png,51.510379,-0.130179
overlap50_990,sat_51.510379_-0.130608.png,51.510379,-0.130608
overlap50_990,sat_51.510379_-0.131038.png,51.510379,-0.131038
overlap50_990,sat_51.510379_-0.131467.png,51.510379,-0.131467
overlap50_990,sat_51.510379_-0.131896.png,51.510379,-0.131896
overlap50_990,sat_51.510379_-0.132325.png,51.510379,-0.132325
overlap50_990,sat_51.510379_-0.132754.png,51.510379,-0.132754
overlap50_990,sat_51.510379_-0.133183.png,51.510379,-0.133183
overlap50_990,sat_51.510379_-0.133613.png,51.510379,-0.133613
overlap50_990,sat_51.510379_-0.134042.png,51.510379,-0.134042
overlap50_990,sat_51.510379_-0.134471.png,51.510379,-0.134471
overlap50_990,sat_51.510379_-0.134900.png,51.510379,-0.1349
overlap50_990,sat_51.510646_-0.121167.png,51.510646,-0.121167
overlap50_990,sat_51.510646_-0.121596.png,51.510646,-0.121596
overlap50_990,sat_51.510646_-0.122025.png,51.510646,-0.122025
overlap50_990,sat_51.510646_-0.122455.png,51.510646,-0.122455
overlap50_990,sat_51.510646_-0.122884.png,51.510646,-0.122884
overlap50_990,sat_51.510646_-0.123313.png,51.510646,-0.123313
overlap50_990,sat_51.510646_-0.123742.png,51.510646,-0.123742
overlap50_990,sat_51.510646_-0.124171.png,51.510646,-0.124171
overlap50_990,sat_51.510646_-0.124600.png,51.510646,-0.1246
overlap50_990,sat_51.510646_-0.125029.png,51.510646,-0.125029
overlap50_990,sat_51.510646_-0.125459.png,51.510646,-0.125459
overlap50_990,sat_51.510646_-0.125888.png,51.510646,-0.125888
overlap50_990,sat_51.510646_-0.126317.png,51.510646,-0.126317
overlap50_990,sat_51.510646_-0.126746.png,51.510646,-0.126746
overlap50_990,sat_51.510646_-0.127175.png,51.510646,-0.127175
overlap50_990,sat_51.510646_-0.127604.png,51.510646,-0.127604
overlap50_990,sat_51.510646_-0.128034.png,51.510646,-0.128034
overlap50_990,sat_51.510646_-0.128463.png,51.510646,-0.128463
overlap50_990,sat_51.510646_-0.128892.png,51.510646,-0.128892
overlap50_990,sat_51.510646_-0.129321.png,51.510646,-0.129321
overlap50_990,sat_51.510646_-0.129750.png,51.510646,-0.12975
overlap50_990,sat_51.510646_-0.130179.png,51.510646,-0.130179
overlap50_990,sat_51.510646_-0.130608.png,51.510646,-0.130608
overlap50_990,sat_51.510646_-0.131038.png,51.510646,-0.131038
overlap50_990,sat_51.510646_-0.131467.png,51.510646,-0.131467
overlap50_990,sat_51.510646_-0.131896.png,51.510646,-0.131896
overlap50_990,sat_51.510646_-0.132325.png,51.510646,-0.132325
overlap50_990,sat_51.510646_-0.132754.png,51.510646,-0.132754
overlap50_990,sat_51.510646_-0.133183.png,51.510646,-0.133183
overlap50_990,sat_51.510646_-0.133613.png,51.510646,-0.133613
overlap50_990,sat_51.510646_-0.134042.png,51.510646,-0.134042
overlap50_990,sat_51.510646_-0.134471.png,51.510646,-0.134471
overlap50_990,sat_51.510646_-0.134900.png,51.510646,-0.1349
overlap50_990,sat_51.510913_-0.121167.png,51.510913,-0.121167
overlap50_990,sat_51.510913_-0.121596.png,51.510913,-0.121596
overlap50_990,sat_51.510913_-0.122025.png,51.510913,-0.122025
overlap50_990,sat_51.510913_-0.122455.png,51.510913,-0.122455
overlap50_990,sat_51.510913_-0.122884.png,51.510913,-0.122884
overlap50_990,sat_51.510913_-0.123313.png,51.510913,-0.123313
overlap50_990,sat_51.510913_-0.123742.png,51.510913,-0.123742
overlap50_990,sat_51.510913_-0.124171.png,51.510913,-0.124171
overlap50_990,sat_51.510913_-0.124600.png,51.510913,-0.1246
overlap50_990,sat_51.510913_-0.125029.png,51.510913,-0.125029
overlap50_990,sat_51.510913_-0.125459.png,51.510913,-0.125459
overlap50_990,sat_51.510913_-0.125888.png,51.510913,-0.125888
overlap50_990,sat_51.510913_-0.126317.png,51.510913,-0.126317
overlap50_990,sat_51.510913_-0.126746.png,51.510913,-0.126746
overlap50_990,sat_51.510913_-0.127175.png,51.510913,-0.127175
overlap50_990,sat_51.510913_-0.127604.png,51.510913,-0.127604
overlap50_990,sat_51.510913_-0.128034.png,51.510913,-0.128034
overlap50_990,sat_51.510913_-0.128463.png,51.510913,-0.128463
overlap50_990,sat_51.510913_-0.128892.png,51.510913,-0.128892
overlap50_990,sat_51.510913_-0.129321.png,51.510913,-0.129321
overlap50_990,sat_51.510913_-0.129750.png,51.510913,-0.12975
overlap50_990,sat_51.510913_-0.130179.png,51.510913,-0.130179
overlap50_990,sat_51.510913_-0.130608.png,51.510913,-0.130608
overlap50_990,sat_51.510913_-0.131038.png,51.510913,-0.131038
overlap50_990,sat_51.510913_-0.131467.png,51.510913,-0.131467
overlap50_990,sat_51.510913_-0.131896.png,51.510913,-0.131896
overlap50_990,sat_51.510913_-0.132325.png,51.510913,-0.132325
overlap50_990,sat_51.510913_-0.132754.png,51.510913,-0.132754
overlap50_990,sat_51.510913_-0.133183.png,51.510913,-0.133183
overlap50_990,sat_51.510913_-0.133613.png,51.510913,-0.133613
overlap50_990,sat_51.510913_-0.134042.png,51.510913,-0.134042
overlap50_990,sat_51.510913_-0.134471.png,51.510913,-0.134471
overlap50_990,sat_51.510913_-0.134900.png,51.510913,-0.1349
overlap10_306,sat_51.503220_-0.121768.png,51.50322,-0.121768
overlap10_306,sat_51.503220_-0.122540.png,51.50322,-0.12254
overlap10_306,sat_51.503220_-0.123313.png,51.50322,-0.123313
overlap10_306,sat_51.503220_-0.124085.png,51.50322,-0.124085
overlap10_306,sat_51.503220_-0.124858.png,51.50322,-0.124858
overlap10_306,sat_51.503220_-0.125630.png,51.50322,-0.12563
overlap10_306,sat_51.503220_-0.126403.png,51.50322,-0.126403
overlap10_306,sat_51.503220_-0.127175.png,51.50322,-0.127175
overlap10_306,sat_51.503220_-0.127948.png,51.50322,-0.127948
overlap10_306,sat_51.503220_-0.128720.png,51.50322,-0.12872
overlap10_306,sat_51.503220_-0.129493.png,51.50322,-0.129493
overlap10_306,sat_51.503220_-0.130265.png,51.50322,-0.130265
overlap10_306,sat_51.503220_-0.131038.png,51.50322,-0.131038
overlap10_306,sat_51.503220_-0.131810.png,51.50322,-0.13181
overlap10_306,sat_51.503220_-0.132583.png,51.50322,-0.132583
overlap10_306,sat_51.503220_-0.133355.png,51.50322,-0.133355
overlap10_306,sat_51.503220_-0.134128.png,51.50322,-0.134128
overlap10_306,sat_51.503220_-0.134900.png,51.50322,-0.1349
overlap10_306,sat_51.503701_-0.121768.png,51.503701,-0.121768
overlap10_306,sat_51.503701_-0.122540.png,51.503701,-0.12254
overlap10_306,sat_51.503701_-0.123313.png,51.503701,-0.123313
overlap10_306,sat_51.503701_-0.124085.png,51.503701,-0.124085
overlap10_306,sat_51.503701_-0.124858.png,51.503701,-0.124858
overlap10_306,sat_51.503701_-0.125630.png,51.503701,-0.12563
overlap10_306,sat_51.503701_-0.126403.png,51.503701,-0.126403
overlap10_306,sat_51.503701_-0.127175.png,51.503701,-0.127175
overlap10_306,sat_51.503701_-0.127948.png,51.503701,-0.127948
overlap10_306,sat_51.503701_-0.128720.png,51.503701,-0.12872
overlap10_306,sat_51.503701_-0.129493.png,51.503701,-0.129493
overlap10_306,sat_51.503701_-0.130265.png,51.503701,-0.130265
overlap10_306,sat_51.503701_-0.131038.png,51.503701,-0.131038
overlap10_306,sat_51.503701_-0.131810.png,51.503701,-0.13181
overlap10_306,sat_51.503701_-0.132583.png,51.503701,-0.132583
overlap10_306,sat_51.503701_-0.133355.png,51.503701,-0.133355
overlap10_306,sat_51.503701_-0.134128.png,51.503701,-0.134128
overlap10_306,sat_51.503701_-0.134900.png,51.503701,-0.1349
overlap10_306,sat_51.504182_-0.121768.png,51.504182,-0.121768
overlap10_306,sat_51.504182_-0.122540.png,51.504182,-0.12254
overlap10_306,sat_51.504182_-0.123313.png,51.504182,-0.123313
overlap10_306,sat_51.504182_-0.124085.png,51.504182,-0.124085
overlap10_306,sat_51.504182_-0.124858.png,51.504182,-0.124858
overlap10_306,sat_51.504182_-0.125630.png,51.504182,-0.12563
overlap10_306,sat_51.504182_-0.126403.png,51.504182,-0.126403
overlap10_306,sat_51.504182_-0.127175.png,51.504182,-0.127175
overlap10_306,sat_51.504182_-0.127948.png,51.504182,-0.127948
overlap10_306,sat_51.504182_-0.128720.png,51.504182,-0.12872
overlap10_306,sat_51.504182_-0.129493.png,51.504182,-0.129493
overlap10_306,sat_51.504182_-0.130265.png,51.504182,-0.130265
overlap10_306,sat_51.504182_-0.131038.png,51.504182,-0.131038
overlap10_306,sat_51.504182_-0.131810.png,51.504182,-0.13181
overlap10_306,sat_51.504182_-0.132583.png,51.504182,-0.132583
overlap10_306,sat_51.504182_-0.133355.png,51.504182,-0.133355
overlap10_306,sat_51.504182_-0.134128.png,51.504182,-0.134128
overlap10_306,sat_51.504182_-0.134900.png,51.504182,-0.1349
overlap10_306,sat_51.504663_-0.121768.png,51.504663,-0.121768
overlap10_306,sat_51.504663_-0.122540.png,51.504663,-0.12254
overlap10_306,sat_51.504663_-0.123313.png,51.504663,-0.123313
overlap10_306,sat_51.504663_-0.124085.png,51.504663,-0.124085
overlap10_306,sat_51.504663_-0.124858.png,51.504663,-0.124858
overlap10_306,sat_51.504663_-0.125630.png,51.504663,-0.12563
overlap10_306,sat_51.504663_-0.126403.png,51.504663,-0.126403
overlap10_306,sat_51.504663_-0.127175.png,51.504663,-0.127175
overlap10_306,sat_51.504663_-0.127948.png,51.504663,-0.127948
overlap10_306,sat_51.504663_-0.128720.png,51.504663,-0.12872
overlap10_306,sat_51.504663_-0.129493.png,51.504663,-0.129493
overlap10_306,sat_51.504663_-0.130265.png,51.504663,-0.130265
overlap10_306,sat_51.504663_-0.131038.png,51.504663,-0.131038
overlap10_306,sat_51.504663_-0.131810.png,51.504663,-0.13181
overlap10_306,sat_51.504663_-0.132583.png,51.504663,-0.132583
overlap10_306,sat_51.504663_-0.133355.png,51.504663,-0.133355
overlap10_306,sat_51.504663_-0.134128.png,51.504663,-0.134128
overlap10_306,sat_51.504663_-0.134900.png,51.504663,-0.1349
overlap10_306,sat_51.505143_-0.121768.png,51.505143,-0.121768
overlap10_306,sat_51.505143_-0.122540.png,51.505143,-0.12254
overlap10_306,sat_51.505143_-0.123313.png,51.505143,-0.123313
overlap10_306,sat_51.505143_-0.124085.png,51.505143,-0.124085
overlap10_306,sat_51.505143_-0.124858.png,51.505143,-0.124858
overlap10_306,sat_51.505143_-0.125630.png,51.505143,-0.12563
overlap10_306,sat_51.505143_-0.126403.png,51.505143,-0.126403
overlap10_306,sat_51.505143_-0.127175.png,51.505143,-0.127175
overlap10_306,sat_51.505143_-0.127948.png,51.505143,-0.127948
overlap10_306,sat_51.505143_-0.128720.png,51.505143,-0.12872
overlap10_306,sat_51.505143_-0.129493.png,51.505143,-0.129493
overlap10_306,sat_51.505143_-0.130265.png,51.505143,-0.130265
overlap10_306,sat_51.505143_-0.131038.png,51.505143,-0.131038
overlap10_306,sat_51.505143_-0.131810.png,51.505143,-0.13181
overlap10_306,sat_51.505143_-0.132583.png,51.505143,-0.132583
overlap10_306,sat_51.505143_-0.133355.png,51.505143,-0.133355
overlap10_306,sat_51.505143_-0.134128.png,51.505143,-0.134128
overlap10_306,sat_51.505143_-0.134900.png,51.505143,-0.1349
overlap10_306,sat_51.505624_-0.121768.png,51.505624,-0.121768
overlap10_306,sat_51.505624_-0.122540.png,51.505624,-0.12254
overlap10_306,sat_51.505624_-0.123313.png,51.505624,-0.123313
overlap10_306,sat_51.505624_-0.124085.png,51.505624,-0.124085
overlap10_306,sat_51.505624_-0.124858.png,51.505624,-0.124858
overlap10_306,sat_51.505624_-0.125630.png,51.505624,-0.12563
overlap10_306,sat_51.505624_-0.126403.png,51.505624,-0.126403
overlap10_306,sat_51.505624_-0.127175.png,51.505624,-0.127175
overlap10_306,sat_51.505624_-0.127948.png,51.505624,-0.127948
overlap10_306,sat_51.505624_-0.128720.png,51.505624,-0.12872
overlap10_306,sat_51.505624_-0.129493.png,51.505624,-0.129493
overlap10_306,sat_51.505624_-0.130265.png,51.505624,-0.130265
overlap10_306,sat_51.505624_-0.131038.png,51.505624,-0.131038
overlap10_306,sat_51.505624_-0.131810.png,51.505624,-0.13181
overlap10_306,sat_51.505624_-0.132583.png,51.505624,-0.132583
overlap10_306,sat_51.505624_-0.133355.png,51.505624,-0.133355
overlap10_306,sat_51.505624_-0.134128.png,51.505624,-0.134128
overlap10_306,sat_51.505624_-0.134900.png,51.505624,-0.1349
overlap10_306,sat_51.506105_-0.121768.png,51.506105,-0.121768
overlap10_306,sat_51.506105_-0.122540.png,51.506105,-0.12254
overlap10_306,sat_51.506105_-0.123313.png,51.506105,-0.123313
overlap10_306,sat_51.506105_-0.124085.png,51.506105,-0.124085
overlap10_306,sat_51.506105_-0.124858.png,51.506105,-0.124858
overlap10_306,sat_51.506105_-0.125630.png,51.506105,-0.12563
overlap10_306,sat_51.506105_-0.126403.png,51.506105,-0.126403
overlap10_306,sat_51.506105_-0.127175.png,51.506105,-0.127175
overlap10_306,sat_51.506105_-0.127948.png,51.506105,-0.127948
overlap10_306,sat_51.506105_-0.128720.png,51.506105,-0.12872
overlap10_306,sat_51.506105_-0.129493.png,51.506105,-0.129493
overlap10_306,sat_51.506105_-0.130265.png,51.506105,-0.130265
overlap10_306,sat_51.506105_-0.131038.png,51.506105,-0.131038
overlap10_306,sat_51.506105_-0.131810.png,51.506105,-0.13181
overlap10_306,sat_51.506105_-0.132583.png,51.506105,-0.132583
overlap10_306,sat_51.506105_-0.133355.png,51.506105,-0.133355
overlap10_306,sat_51.506105_-0.134128.png,51.506105,-0.134128
overlap10_306,sat_51.506105_-0.134900.png,51.506105,-0.1349
overlap10_306,sat_51.506586_-0.121768.png,51.506586,-0.121768
overlap10_306,sat_51.506586_-0.122540.png,51.506586,-0.12254
overlap10_306,sat_51.506586_-0.123313.png,51.506586,-0.123313
overlap10_306,sat_51.506586_-0.124085.png,51.506586,-0.124085
overlap10_306,sat_51.506586_-0.124858.png,51.506586,-0.124858
overlap10_306,sat_51.506586_-0.125630.png,51.506586,-0.12563
overlap10_306,sat_51.506586_-0.126403.png,51.506586,-0.126403
overlap10_306,sat_51.506586_-0.127175.png,51.506586,-0.127175
overlap10_306,sat_51.506586_-0.127948.png,51.506586,-0.127948
overlap10_306,sat_51.506586_-0.128720.png,51.506586,-0.12872
overlap10_306,sat_51.506586_-0.129493.png,51.506586,-0.129493
overlap10_306,sat_51.506586_-0.130265.png,51.506586,-0.130265
overlap10_306,sat_51.506586_-0.131038.png,51.506586,-0.131038
overlap10_306,sat_51.506586_-0.131810.png,51.506586,-0.13181
overlap10_306,sat_51.506586_-0.132583.png,51.506586,-0.132583
overlap10_306,sat_51.506586_-0.133355.png,51.506586,-0.133355
overlap10_306,sat_51.506586_-0.134128.png,51.506586,-0.134128
overlap10_306,sat_51.506586_-0.134900.png,51.506586,-0.1349
overlap10_306,sat_51.507067_-0.121768.png,51.507067,-0.121768
overlap10_306,sat_51.507067_-0.122540.png,51.507067,-0.12254
overlap10_306,sat_51.507067_-0.123313.png,51.507067,-0.123313
overlap10_306,sat_51.507067_-0.124085.png,51.507067,-0.124085
overlap10_306,sat_51.507067_-0.124858.png,51.507067,-0.124858
overlap10_306,sat_51.507067_-0.125630.png,51.507067,-0.12563
overlap10_306,sat_51.507067_-0.126403.png,51.507067,-0.126403
overlap10_306,sat_51.507067_-0.127175.png,51.507067,-0.127175
overlap10_306,sat_51.507067_-0.127948.png,51.507067,-0.127948
overlap10_306,sat_51.507067_-0.128720.png,51.507067,-0.12872
overlap10_306,sat_51.507067_-0.129493.png,51.507067,-0.129493
overlap10_306,sat_51.507067_-0.130265.png,51.507067,-0.130265
overlap10_306,sat_51.507067_-0.131038.png,51.507067,-0.131038
overlap10_306,sat_51.507067_-0.131810.png,51.507067,-0.13181
overlap10_306,sat_51.507067_-0.132583.png,51.507067,-0.132583
overlap10_306,sat_51.507067_-0.133355.png,51.507067,-0.133355
overlap10_306,sat_51.507067_-0.134128.png,51.507067,-0.134128
overlap10_306,sat_51.507067_-0.134900.png,51.507067,-0.1349
overlap10_306,sat_51.507548_-0.121768.png,51.507548,-0.121768
overlap10_306,sat_51.507548_-0.122540.png,51.507548,-0.12254
overlap10_306,sat_51.507548_-0.123313.png,51.507548,-0.123313
overlap10_306,sat_51.507548_-0.124085.png,51.507548,-0.124085
overlap10_306,sat_51.507548_-0.124858.png,51.507548,-0.124858
overlap10_306,sat_51.507548_-0.125630.png,51.507548,-0.12563
overlap10_306,sat_51.507548_-0.126403.png,51.507548,-0.126403
overlap10_306,sat_51.507548_-0.127175.png,51.507548,-0.127175
overlap10_306,sat_51.507548_-0.127948.png,51.507548,-0.127948
overlap10_306,sat_51.507548_-0.128720.png,51.507548,-0.12872
overlap10_306,sat_51.507548_-0.129493.png,51.507548,-0.129493
overlap10_306,sat_51.507548_-0.130265.png,51.507548,-0.130265
overlap10_306,sat_51.507548_-0.131038.png,51.507548,-0.131038
overlap10_306,sat_51.507548_-0.131810.png,51.507548,-0.13181
overlap10_306,sat_51.507548_-0.132583.png,51.507548,-0.132583
overlap10_306,sat_51.507548_-0.133355.png,51.507548,-0.133355
overlap10_306,sat_51.507548_-0.134128.png,51.507548,-0.134128
overlap10_306,sat_51.507548_-0.134900.png,51.507548,-0.1349
overlap10_306,sat_51.508028_-0.121768.png,51.508028,-0.121768
overlap10_306,sat_51.508028_-0.122540.png,51.508028,-0.12254
overlap10_306,sat_51.508028_-0.123313.png,51.508028,-0.123313
overlap10_306,sat_51.508028_-0.124085.png,51.508028,-0.124085
overlap10_306,sat_51.508028_-0.124858.png,51.508028,-0.124858
overlap10_306,sat_51.508028_-0.125630.png,51.508028,-0.12563
overlap10_306,sat_51.508028_-0.126403.png,51.508028,-0.126403
overlap10_306,sat_51.508028_-0.127175.png,51.508028,-0.127175
overlap10_306,sat_51.508028_-0.127948.png,51.508028,-0.127948
overlap10_306,sat_51.508028_-0.128720.png,51.508028,-0.12872
overlap10_306,sat_51.508028_-0.129493.png,51.508028,-0.129493
overlap10_306,sat_51.508028_-0.130265.png,51.508028,-0.130265
overlap10_306,sat_51.508028_-0.131038.png,51.508028,-0.131038
overlap10_306,sat_51.508028_-0.131810.png,51.508028,-0.13181
overlap10_306,sat_51.508028_-0.132583.png,51.508028,-0.132583
overlap10_306,sat_51.508028_-0.133355.png,51.508028,-0.133355
overlap10_306,sat_51.508028_-0.134128.png,51.508028,-0.134128
overlap10_306,sat_51.508028_-0.134900.png,51.508028,-0.1349
overlap10_306,sat_51.508509_-0.121768.png,51.508509,-0.121768
overlap10_306,sat_51.508509_-0.122540.png,51.508509,-0.12254
overlap10_306,sat_51.508509_-0.123313.png,51.508509,-0.123313
overlap10_306,sat_51.508509_-0.124085.png,51.508509,-0.124085
overlap10_306,sat_51.508509_-0.124858.png,51.508509,-0.124858
overlap10_306,sat_51.508509_-0.125630.png,51.508509,-0.12563
overlap10_306,sat_51.508509_-0.126403.png,51.508509,-0.126403
overlap10_306,sat_51.508509_-0.127175.png,51.508509,-0.127175
overlap10_306,sat_51.508509_-0.127948.png,51.508509,-0.127948
overlap10_306,sat_51.508509_-0.128720.png,51.508509,-0.12872
overlap10_306,sat_51.508509_-0.129493.png,51.508509,-0.129493
overlap10_306,sat_51.508509_-0.130265.png,51.508509,-0.130265
overlap10_306,sat_51.508509_-0.131038.png,51.508509,-0.131038
overlap10_306,sat_51.508509_-0.131810.png,51.508509,-0.13181
overlap10_306,sat_51.508509_-0.132583.png,51.508509,-0.132583
overlap10_306,sat_51.508509_-0.133355.png,51.508509,-0.133355
overlap10_306,sat_51.508509_-0.134128.png,51.508509,-0.134128
overlap10_306,sat_51.508509_-0.134900.png,51.508509,-0.1349
overlap10_306,sat_51.508990_-0.121768.png,51.50899,-0.121768
overlap10_306,sat_51.508990_-0.122540.png,51.50899,-0.12254
overlap10_306,sat_51.508990_-0.123313.png,51.50899,-0.123313
overlap10_306,sat_51.508990_-0.124085.png,51.50899,-0.124085
overlap10_306,sat_51.508990_-0.124858.png,51.50899,-0.124858
overlap10_306,sat_51.508990_-0.125630.png,51.50899,-0.12563
overlap10_306,sat_51.508990_-0.126403.png,51.50899,-0.126403
overlap10_306,sat_51.508990_-0.127175.png,51.50899,-0.127175
overlap10_306,sat_51.508990_-0.127948.png,51.50899,-0.127948
overlap10_306,sat_51.508990_-0.128720.png,51.50899,-0.12872
overlap10_306,sat_51.508990_-0.129493.png,51.50899,-0.129493
overlap10_306,sat_51.508990_-0.130265.png,51.50899,-0.130265
overlap10_306,sat_51.508990_-0.131038.png,51.50899,-0.131038
overlap10_306,sat_51.508990_-0.131810.png,51.50899,-0.13181
overlap10_306,sat_51.508990_-0.132583.png,51.50899,-0.132583
overlap10_306,sat_51.508990_-0.133355.png,51.50899,-0.133355
overlap10_306,sat_51.508990_-0.134128.png,51.50899,-0.134128
overlap10_306,sat_51.508990_-0.134900.png,51.50899,-0.1349
overlap10_306,sat_51.509471_-0.121768.png,51.509471,-0.121768
overlap10_306,sat_51.509471_-0.122540.png,51.509471,-0.12254
overlap10_306,sat_51.509471_-0.123313.png,51.509471,-0.123313
overlap10_306,sat_51.509471_-0.124085.png,51.509471,-0.124085
overlap10_306,sat_51.509471_-0.124858.png,51.509471,-0.124858
overlap10_306,sat_51.509471_-0.125630.png,51.509471,-0.12563
overlap10_306,sat_51.509471_-0.126403.png,51.509471,-0.126403
overlap10_306,sat_51.509471_-0.127175.png,51.509471,-0.127175
overlap10_306,sat_51.509471_-0.127948.png,51.509471,-0.127948
overlap10_306,sat_51.509471_-0.128720.png,51.509471,-0.12872
overlap10_306,sat_51.509471_-0.129493.png,51.509471,-0.129493
overlap10_306,sat_51.509471_-0.130265.png,51.509471,-0.130265
overlap10_306,sat_51.509471_-0.131038.png,51.509471,-0.131038
overlap10_306,sat_51.509471_-0.131810.png,51.509471,-0.13181
overlap10_306,sat_51.509471_-0.132583.png,51.509471,-0.132583
overlap10_306,sat_51.509471_-0.133355.png,51.509471,-0.133355
overlap10_306,sat_51.509471_-0.134128.png,51.509471,-0.134128
overlap10_306,sat_51.509471_-0.134900.png,51.509471,-0.1349
overlap10_306,sat_51.509951_-0.121768.png,51.509951,-0.121768
overlap10_306,sat_51.509951_-0.122540.png,51.509951,-0.12254
overlap10_306,sat_51.509951_-0.123313.png,51.509951,-0.123313
overlap10_306,sat_51.509951_-0.124085.png,51.509951,-0.124085
overlap10_306,sat_51.509951_-0.124858.png,51.509951,-0.124858
overlap10_306,sat_51.509951_-0.125630.png,51.509951,-0.12563
overlap10_306,sat_51.509951_-0.126403.png,51.509951,-0.126403
overlap10_306,sat_51.509951_-0.127175.png,51.509951,-0.127175
overlap10_306,sat_51.509951_-0.127948.png,51.509951,-0.127948
overlap10_306,sat_51.509951_-0.128720.png,51.509951,-0.12872
overlap10_306,sat_51.509951_-0.129493.png,51.509951,-0.129493
overlap10_306,sat_51.509951_-0.130265.png,51.509951,-0.130265
overlap10_306,sat_51.509951_-0.131038.png,51.509951,-0.131038
overlap10_306,sat_51.509951_-0.131810.png,51.509951,-0.13181
overlap10_306,sat_51.509951_-0.132583.png,51.509951,-0.132583
overlap10_306,sat_51.509951_-0.133355.png,51.509951,-0.133355
overlap10_306,sat_51.509951_-0.134128.png,51.509951,-0.134128
overlap10_306,sat_51.509951_-0.134900.png,51.509951,-0.1349
overlap10_306,sat_51.510432_-0.121768.png,51.510432,-0.121768
overlap10_306,sat_51.510432_-0.122540.png,51.510432,-0.12254
overlap10_306,sat_51.510432_-0.123313.png,51.510432,-0.123313
overlap10_306,sat_51.510432_-0.124085.png,51.510432,-0.124085
overlap10_306,sat_51.510432_-0.124858.png,51.510432,-0.124858
overlap10_306,sat_51.510432_-0.125630.png,51.510432,-0.12563
overlap10_306,sat_51.510432_-0.126403.png,51.510432,-0.126403
overlap10_306,sat_51.510432_-0.127175.png,51.510432,-0.127175
overlap10_306,sat_51.510432_-0.127948.png,51.510432,-0.127948
overlap10_306,sat_51.510432_-0.128720.png,51.510432,-0.12872
overlap10_306,sat_51.510432_-0.129493.png,51.510432,-0.129493
overlap10_306,sat_51.510432_-0.130265.png,51.510432,-0.130265
overlap10_306,sat_51.510432_-0.131038.png,51.510432,-0.131038
overlap10_306,sat_51.510432_-0.131810.png,51.510432,-0.13181
overlap10_306,sat_51.510432_-0.132583.png,51.510432,-0.132583
overlap10_306,sat_51.510432_-0.133355.png,51.510432,-0.133355
overlap10_306,sat_51.510432_-0.134128.png,51.510432,-0.134128
overlap10_306,sat_51.510432_-0.134900.png,51.510432,-0.1349
overlap10_306,sat_51.510913_-0.121768.png,51.510913,-0.121768
overlap10_306,sat_51.510913_-0.122540.png,51.510913,-0.12254
overlap10_306,sat_51.510913_-0.123313.png,51.510913,-0.123313
overlap10_306,sat_51.510913_-0.124085.png,51.510913,-0.124085
overlap10_306,sat_51.510913_-0.124858.png,51.510913,-0.124858
overlap10_306,sat_51.510913_-0.125630.png,51.510913,-0.12563
overlap10_306,sat_51.510913_-0.126403.png,51.510913,-0.126403
overlap10_306,sat_51.510913_-0.127175.png,51.510913,-0.127175
overlap10_306,sat_51.510913_-0.127948.png,51.510913,-0.127948
overlap10_306,sat_51.510913_-0.128720.png,51.510913,-0.12872
overlap10_306,sat_51.510913_-0.129493.png,51.510913,-0.129493
overlap10_306,sat_51.510913_-0.130265.png,51.510913,-0.130265
overlap10_306,sat_51.510913_-0.131038.png,51.510913,-0.131038
overlap10_306,sat_51.510913_-0.131810.png,51.510913,-0.13181
overlap10_306,sat_51.510913_-0.132583.png,51.510913,-0.132583
overlap10_306,sat_51.510913_-0.133355.png,51.510913,-0.133355
overlap10_306,sat_51.510913_-0.134128.png,51.510913,-0.134128
overlap10_306,sat_51.510913_-0.134900.png,51.510913,-0.1349
