source_index,source_id,latitude,longitude,matched,pano_id,split
0,node/107763,51.5056213,-0.1267073,True,pano_0,train
1,node/107769,51.5069448,-0.1249151,True,pano_1,train
2,node/107770,51.5071998,-0.12757,True,pano_2,train
3,node/107771,51.5074002,-0.1272858,True,pano_3,train
4,node/107773,51.5075151,-0.1273552,True,pano_4,train
5,node/107774,51.5075476,-0.1278268,True,pano_5,train
6,node/107777,51.5058624,-0.130808,True,pano_6,train
7,node/107780,51.5079897,-0.126498,True,pano_7,train
8,node/107783,51.508569,-0.1272484,True,pano_8,validation
9,node/107785,51.5094654,-0.1274035,True,pano_9,test
10,node/107796,51.5072375,-0.132375,True,pano_10,train
11,node/107801,51.5095659,-0.131587,True,pano_11,test
12,node/109621,51.5084822,-0.1282345,True,pano_12,validation
13,node/109624,51.5093225,-0.1239675,True,pano_13,test
14,node/109625,51.5076387,-0.1311287,True,pano_14,train
15,node/109633,51.505944,-0.1255486,True,pano_15,train
16,node/109634,51.506257,-0.1243271,True,pano_16,train
17,node/8916246,51.5053418,-0.1297431,True,pano_17,train
18,node/9512922,51.5081584,-0.1297655,True,pano_18,train
19,node/9515387,51.5096291,-0.1233602,True,pano_19,test
20,node/10574748,51.5098659,-0.1280424,True,pano_20,test
21,node/10574749,51.5098269,-0.12545,True,pano_21,test
22,node/21665713,51.5099878,-0.1301036,True,pano_22,test
23,node/21665714,51.5094801,-0.1299537,True,pano_23,test
24,node/21665719,51.5098686,-0.1284458,True,pano_24,test
25,node/21665755,51.5075365,-0.1286039,True,pano_25,train
26,node/21665756,51.5075878,-0.1297436,True,pano_26,train
27,node/21665775,51.5089015,-0.1298313,True,pano_27,validation
28,node/21665859,51.5095379,-0.1285771,True,pano_28,test
29,node/21665863,51.5095876,-0.1284546,True,pano_29,test
30,node/25476020,51.5083794,-0.1243566,True,pano_30,train
31,node/25476042,51.5088225,-0.1241738,True,pano_31,validation
32,node/25476045,51.5085346,-0.1246355,True,pano_32,validation
33,node/25476047,51.5090727,-0.1244646,True,pano_33,test
34,node/25476049,51.5087827,-0.1250213,True,pano_34,validation
35,node/25476053,51.5078075,-0.1233542,True,pano_35,train
36,node/25504189,51.5075703,-0.1277102,True,pano_36,train
37,node/25504190,51.507289,-0.1280149,True,pano_37,train
38,node/25504191,51.5071626,-0.1277649,True,pano_38,train
39,node/25504193,51.507588,-0.125883,True,pano_39,train
40,node/25504194,51.5078316,-0.1255423,True,pano_40,train
41,node/25504195,51.5074882,-0.1248718,True,pano_41,train
42,node/25504196,51.5072345,-0.1253633,True,pano_42,train
43,node/25504197,51.507668,-0.1245913,True,pano_43,train
44,node/25504198,51.5081516,-0.1239403,True,pano_44,train
45,node/25504199,51.5070488,-0.1254736,True,pano_45,train
46,node/25504200,51.5067538,-0.1237567,True,pano_46,train
47,node/25504201,51.5071941,-0.1253816,True,pano_47,train
48,node/25504259,51.5066452,-0.1273065,True,pano_48,train
49,node/25504260,51.5067262,-0.1267308,True,pano_49,train
50,node/25504261,51.5066113,-0.1265543,True,pano_50,train
51,node/25504262,51.5061185,-0.1265116,True,pano_51,train
52,node/25504263,51.5062427,-0.126607,True,pano_52,train
53,node/25504421,51.506306,-0.1257722,True,pano_53,train
54,node/25507047,51.5064342,-0.1278709,True,pano_54,train
55,node/25507048,51.5063766,-0.1282894,True,pano_55,train
56,node/25533578,51.5102204,-0.1269146,True,pano_56,test
57,node/25544115,51.5095036,-0.1269406,True,pano_57,test
58,node/25544116,51.509714,-0.1268154,True,pano_58,test
59,node/25544119,51.5094899,-0.125896,True,pano_59,test
60,node/25544120,51.5091465,-0.1258783,True,pano_60,test
61,node/25607360,51.5063642,-0.1319366,True,pano_61,train
62,node/25607361,51.5058856,-0.1332886,True,pano_62,train
63,node/25620549,51.5074382,-0.1303056,True,pano_63,train
64,node/25620550,51.5071935,-0.1312149,True,pano_64,train
65,node/26559581,51.5088294,-0.1320508,True,pano_65,validation
66,node/26559582,51.5091536,-0.1311972,True,pano_66,test
67,node/26559624,51.5078684,-0.1272349,True,pano_67,train
68,node/26559655,51.5088238,-0.1302497,True,pano_68,validation
69,node/26573667,51.5079533,-0.1303096,True,pano_69,train
70,node/26573670,51.5079003,-0.1312218,True,pano_70,train
71,node/26573672,51.5083391,-0.1306264,True,pano_71,train
72,node/26573673,51.5088382,-0.1310441,True,pano_72,validation
73,node/26582694,51.5107424,-0.126945,True,pano_73,test
74,node/26630783,51.5057195,-0.1311686,True,pano_74,train
75,node/26630790,51.5070642,-0.129959,True,pano_75,train
76,node/26630791,51.5068305,-0.1297176,True,pano_76,train
77,node/26630792,51.5063949,-0.1294855,True,pano_77,train
78,node/26630793,51.5076949,-0.1308586,True,pano_78,train
79,node/26630839,51.507756,-0.1309656,True,pano_79,train
80,node/26671717,51.507446,-0.1279963,True,pano_80,train
81,node/26671718,51.507302,-0.1273415,True,pano_81,train
82,node/26671719,51.5072755,-0.1280063,True,pano_82,train
83,node/26671720,51.5075173,-0.1282271,True,pano_83,train
84,node/26671721,51.5076103,-0.1285892,True,pano_84,train
85,node/26671724,51.5075106,-0.1289998,True,pano_85,train
86,node/26671730,51.5071436,-0.129089,True,pano_86,train
87,node/26671733,51.5072494,-0.1299112,True,pano_87,train
88,node/26671734,51.5072879,-0.1302202,True,pano_88,train
89,node/28782063,51.5052828,-0.1311508,True,pano_89,train
90,node/28782067,51.5031309,-0.1342508,True,pano_90,train
91,node/78598323,51.5058716,-0.1313908,True,pano_91,train
92,node/130114397,51.5049272,-0.1310901,True,pano_92,train
93,node/130114398,51.5046913,-0.1310539,True,pano_93,train
94,node/256779298,51.5045799,-0.1322209,True,pano_94,train
95,node/256779299,51.5052385,-0.1312312,True,pano_95,train
96,node/256794566,51.5058569,-0.1268176,True,pano_96,train
97,node/256794570,51.507163,-0.1277374,True,pano_97,train
98,node/256794571,51.5072539,-0.127413,True,pano_98,train
99,node/256794572,51.5068505,-0.1273961,True,pano_99,train
100,node/256794574,51.5071318,-0.1274381,True,pano_100,train
101,node/256794575,51.5067509,-0.12799,True,pano_101,train
102,node/256794576,51.5070575,-0.1284367,True,pano_102,train
103,node/256794578,51.5069902,-0.1281008,True,pano_103,train
104,node/256794579,51.5070721,-0.1281427,True,pano_104,train
105,node/256794580,51.5071578,-0.1280581,True,pano_105,train
106,node/256794581,51.5070911,-0.1279341,True,pano_106,train
107,node/256794582,51.5074021,-0.1282547,True,pano_107,train
108,node/256794584,51.5073296,-0.127134,True,pano_108,train
109,node/256794588,51.5076753,-0.1273954,True,pano_109,train
110,node/256794589,51.5077347,-0.1272457,True,pano_110,train
111,node/256794590,51.5078235,-0.1271496,True,pano_111,train
112,node/256794592,51.5077491,-0.1270286,True,pano_112,train
113,node/256794593,51.5076831,-0.1270541,True,pano_113,train
114,node/256794594,51.5075715,-0.1271581,True,pano_114,train
115,node/339925031,51.5082922,-0.1292633,True,pano_115,train
116,node/339925126,51.5082444,-0.1285272,True,pano_116,train
117,node/339925185,51.5080845,-0.12692,True,pano_117,train
118,node/345863907,51.5062901,-0.1278101,True,pano_118,train
119,node/345863908,51.5061267,-0.1277481,True,pano_119,train
120,node/345881019,51.5048151,-0.1293292,True,pano_120,train
121,node/345881071,51.5046034,-0.1297278,True,pano_121,train
122,node/345881287,51.5050864,-0.1301949,True,pano_122,train
123,node/345881288,51.505797,-0.1309736,True,pano_123,train
124,node/345886002,51.5084571,-0.1244988,True,pano_124,validation
125,node/346333135,51.5087492,-0.1240457,True,pano_125,validation
126,node/346343907,51.5088959,-0.1242576,True,pano_126,validation
127,node/346349359,51.5069392,-0.1291819,True,pano_127,train
128,node/346349564,51.5068791,-0.1293577,True,pano_128,train
129,node/346350086,51.5064417,-0.1273607,True,pano_129,train
130,node/346359459,51.5061044,-0.1254194,True,pano_130,train
131,node/346359687,51.5060439,-0.1256552,True,pano_131,train
132,node/346359941,51.5064652,-0.1282167,True,pano_132,train
133,node/346430572,51.508488,-0.1250322,True,pano_133,validation
134,node/346430573,51.5082776,-0.1253925,True,pano_134,train
135,node/346430574,51.5084298,-0.1256548,True,pano_135,validation
136,node/348894359,51.5106094,-0.1269163,True,pano_136,test
137,node/351506484,51.5090359,-0.1268017,True,pano_137,test
138,node/351509979,51.5086138,-0.1256001,True,pano_138,validation
139,node/370711678,51.5095096,-0.1242842,True,pano_139,test
140,node/442691373,51.5051838,-0.1294797,True,pano_140,train
141,node/449547053,51.5075625,-0.127076,True,pano_141,train
142,node/452514269,51.5086827,-0.1238806,True,pano_142,validation
143,node/452514276,51.5088593,-0.1241516,True,pano_143,validation
144,node/452514295,51.5082657,-0.1256766,True,pano_144,train
145,node/452514296,51.5081979,-0.125554,True,pano_145,train
146,node/452514321,51.5081055,-0.126056,True,pano_146,train
147,node/452514328,51.5078591,-0.1255963,True,pano_147,train
148,node/452514368,51.5079814,-0.1253193,True,pano_148,train
149,node/452514386,51.5070494,-0.1240463,True,pano_149,train
150,node/452515765,51.5058947,-0.1269774,True,pano_150,train
151,node/454543312,51.5064471,-0.1317024,True,pano_151,train
152,node/469780726,51.5103189,-0.1219193,True,pano_152,test
153,node/566201804,51.5080693,-0.1239368,True,pano_153,train
154,node/566201807,51.5083638,-0.1251716,True,pano_154,train
155,node/566202803,51.5089367,-0.1305994,True,pano_155,validation
156,node/566202809,51.5088512,-0.1305394,True,pano_156,validation
157,node/566202812,51.5088125,-0.1306025,True,pano_157,validation
158,node/566202817,51.5086684,-0.1305109,True,pano_158,validation
159,node/573320947,51.5080704,-0.1240528,True,pano_159,train
160,node/603749190,51.5035903,-0.1359046,False,,
161,node/603749191,51.504125,-0.1328341,True,pano_161,train
162,node/632673456,51.5074604,-0.1288439,True,pano_162,train
163,node/639259210,51.5097147,-0.1300302,True,pano_163,test
164,node/639259211,51.5095319,-0.1295054,True,pano_164,test
165,node/639259214,51.5097821,-0.1295425,True,pano_165,test
166,node/686339678,51.5030177,-0.1377337,False,,
167,node/720890829,51.5077365,-0.1232292,True,pano_167,train
168,node/799284725,51.5038673,-0.1315642,True,pano_168,train
169,node/799284774,51.5037412,-0.1316802,True,pano_169,train
170,node/799284816,51.5039348,-0.131523,True,pano_170,train
171,node/826724221,51.5085978,-0.1246137,True,pano_171,validation
172,node/849731781,51.5076474,-0.1246201,True,pano_172,train
173,node/853293993,51.5064518,-0.1296941,True,pano_173,train
174,node/853294005,51.5058032,-0.1312528,True,pano_174,train
175,node/873549204,51.5064451,-0.1236176,True,pano_175,train
176,node/873549223,51.5075376,-0.1228426,True,pano_176,train
177,node/957208648,51.505371,-0.1311363,True,pano_177,train
178,node/957208655,51.5051557,-0.1311182,True,pano_178,train
179,node/957208665,51.5054691,-0.1312371,True,pano_179,train
180,node/1102994236,51.5085703,-0.1270208,True,pano_180,validation
181,node/1102994238,51.5095192,-0.1274865,True,pano_181,test
182,node/1102994241,51.5092153,-0.1272718,True,pano_182,test
183,node/1104386138,51.5094829,-0.1261646,True,pano_183,test
184,node/1106056846,51.5106453,-0.1210919,True,pano_184,test
185,node/1106056847,51.5098144,-0.1230959,True,pano_185,test
186,node/1106056855,51.5102319,-0.1221404,True,pano_186,test
187,node/1106056856,51.5086259,-0.1254902,True,pano_187,validation
188,node/1106056858,51.5104881,-0.1215012,True,pano_188,test
189,node/1106056861,51.5096933,-0.1233705,True,pano_189,test
190,node/1106056863,51.5110098,-0.1201147,False,,
191,node/1106056866,51.510013,-0.1226653,True,pano_191,test
192,node/1106056876,51.5093166,-0.1241382,True,pano_192,test
193,node/1106056878,51.5108331,-0.1205906,False,,
194,node/1110150385,51.5076041,-0.1284283,True,pano_194,train
195,node/1139318696,51.5063989,-0.1254226,True,pano_195,train
196,node/1139318698,51.506062,-0.1267035,True,pano_196,train
197,node/1139318714,51.5060091,-0.1268974,True,pano_197,train
198,node/1188939726,51.5077609,-0.131168,True,pano_198,train
199,node/1188939728,51.5073997,-0.1304649,True,pano_199,train
200,node/1188939747,51.5084737,-0.1300572,True,pano_200,validation
201,node/1188939749,51.5075373,-0.1300382,True,pano_201,train
202,node/1188939752,51.5077927,-0.1303634,True,pano_202,train
203,node/1188939772,51.5076486,-0.130284,True,pano_203,train
204,node/1201169692,51.507918,-0.1255257,True,pano_204,train
205,node/1201169871,51.507869,-0.1255938,True,pano_205,train
206,node/1239525636,51.5070131,-0.1276653,True,pano_206,train
207,node/1239525639,51.5082191,-0.1289906,True,pano_207,train
208,node/1239525644,51.5076037,-0.1283561,True,pano_208,train
209,node/1239525647,51.5075466,-0.1288421,True,pano_209,train
210,node/1239525650,51.5080512,-0.1268008,True,pano_210,train
211,node/1239525662,51.5069652,-0.1276236,True,pano_211,train
212,node/1239525667,51.5074872,-0.1279544,True,pano_212,train
213,node/1239525670,51.50703,-0.1276929,True,pano_213,train
214,node/1239525671,51.5071684,-0.1278095,True,pano_214,train
215,node/1239525674,51.5081616,-0.1289624,True,pano_215,train
216,node/1239525675,51.506995,-0.1278334,True,pano_216,train
217,node/1239525682,51.5080414,-0.1268291,True,pano_217,train
218,node/1239525686,51.5076792,-0.1287694,True,pano_218,train
219,node/1239525687,51.5085981,-0.1262276,True,pano_219,validation
220,node/1239525688,51.5068357,-0.1279811,True,pano_220,train
221,node/1239525690,51.5070339,-0.1277503,True,pano_221,train
222,node/1239525696,51.5068514,-0.1279015,True,pano_222,train
223,node/1239525697,51.5075765,-0.1276298,True,pano_223,train
224,node/1239525700,51.5069635,-0.1276387,True,pano_224,train
225,node/1239525701,51.5071742,-0.1276743,True,pano_225,train
226,node/1239525704,51.5082858,-0.1293399,True,pano_226,train
227,node/1239525705,51.5069342,-0.128137,True,pano_227,train
228,node/1239525708,51.5073626,-0.1280276,True,pano_228,train
229,node/1239525711,51.5076302,-0.1287461,True,pano_229,train
230,node/1239525719,51.5066731,-0.1265863,True,pano_230,train
231,node/1239525727,51.5080408,-0.1268688,True,pano_231,train
232,node/1239525728,51.5067113,-0.1266483,True,pano_232,train
233,node/1239525729,51.5075557,-0.1274518,True,pano_233,train
234,node/1239525733,51.5069936,-0.1276538,True,pano_234,train
235,node/1239525734,51.507193,-0.1278902,True,pano_235,train
236,node/1239525737,51.5082967,-0.1291767,True,pano_236,train
237,node/1239525738,51.507032,-0.1277877,True,pano_237,train
238,node/1239525752,51.5079586,-0.1271506,True,pano_238,train
239,node/1239525758,51.5069726,-0.1279598,True,pano_239,train
240,node/1239525762,51.5079185,-0.1270329,True,pano_240,train
241,node/1239525763,51.5067627,-0.1275218,True,pano_241,train
242,node/1239525767,51.5070184,-0.127846,True,pano_242,train
243,node/1239525771,51.5075397,-0.1274053,True,pano_243,train
244,node/1272858584,51.5079679,-0.1242861,True,pano_244,train
245,node/1272863596,51.5078196,-0.1246471,True,pano_245,train
246,node/1272863610,51.5078759,-0.1243486,True,pano_246,train
247,node/1272863618,51.5079598,-0.1241896,True,pano_247,train
248,node/1272866514,51.5079696,-0.1242084,True,pano_248,train
249,node/1272866515,51.50819,-0.1248491,True,pano_249,train
250,node/1272866516,51.5078756,-0.1247549,True,pano_250,train
251,node/1272866517,51.5078828,-0.1243622,True,pano_251,train
252,node/1272866518,51.5083316,-0.1251124,True,pano_252,train
253,node/1274040741,51.5073218,-0.1282501,True,pano_253,train
254,node/1274040743,51.5085537,-0.1259455,True,pano_254,validation
255,node/1274040744,51.5081699,-0.1253149,True,pano_255,train
256,node/1274040745,51.5074625,-0.1272837,True,pano_256,train
257,node/1274040746,51.5087346,-0.1248549,True,pano_257,validation
258,node/1274040747,51.5075085,-0.1272218,True,pano_258,train
259,node/1274040750,51.5078204,-0.1273055,True,pano_259,train
260,node/1274040751,51.5079624,-0.1269556,True,pano_260,train
261,node/1274043002,51.5074318,-0.1279371,True,pano_261,train
262,node/1274053703,51.5079237,-0.1272766,True,pano_262,train
263,node/1274053704,51.5074179,-0.1276131,True,pano_263,train
264,node/1278032910,51.5086627,-0.1247279,True,pano_264,validation
265,node/1278032912,51.5081668,-0.1261563,True,pano_265,train
266,node/1364501986,51.5070362,-0.1277218,True,pano_266,train
267,node/1465091726,51.5060694,-0.1271906,True,pano_267,train
268,node/1465091863,51.5060744,-0.1271578,True,pano_268,train
269,node/1497135176,51.508444,-0.1250543,True,pano_269,validation
270,node/1497135177,51.5085005,-0.1257197,True,pano_270,validation
271,node/1497135179,51.5083378,-0.1254953,True,pano_271,train
272,node/1497135187,51.5087114,-0.1253286,True,pano_272,validation
273,node/1497135188,51.5082722,-0.1253022,True,pano_273,train
274,node/1531272560,51.5067687,-0.1285852,True,pano_274,train
275,node/1531272561,51.506661,-0.1286567,True,pano_275,train
276,node/1531272586,51.5067187,-0.1287029,True,pano_276,train
277,node/1538931290,51.5052454,-0.1266856,True,pano_277,train
278,node/1538931292,51.5051858,-0.127083,True,pano_278,train
279,node/1538931293,51.5066939,-0.1274892,True,pano_279,train
280,node/1538931316,51.5065613,-0.1274191,True,pano_280,train
281,node/1538931318,51.5052222,-0.1268239,True,pano_281,train
282,node/1539480548,51.5078693,-0.1255376,True,pano_282,train
283,node/1571982051,51.5090252,-0.125793,True,pano_283,validation
284,node/1587616047,51.505154,-0.1247072,True,pano_284,train
285,node/1587616049,51.5057737,-0.1244532,True,pano_285,train
286,node/1587616056,51.5055651,-0.1245387,True,pano_286,train
287,node/1587616057,51.5061678,-0.1242942,True,pano_287,train
288,node/1598214612,51.5072848,-0.132127,True,pano_288,train
289,node/1614846605,51.5094059,-0.1239508,True,pano_289,test
290,node/1614846607,51.5094912,-0.1243756,True,pano_290,test
291,node/1614846610,51.5095456,-0.1242481,True,pano_291,test
292,node/1614846616,51.5095737,-0.1242361,True,pano_292,test
293,node/1614846675,51.5101087,-0.1247827,True,pano_293,test
294,node/1637789398,51.5076092,-0.1281744,True,pano_294,train
295,node/1637789400,51.5076674,-0.1277359,True,pano_295,train
296,node/1637789401,51.507717,-0.1275104,True,pano_296,train
297,node/1637789404,51.5077627,-0.130353,True,pano_297,train
298,node/1637789413,51.5078616,-0.1303622,True,pano_298,train
299,node/1637789471,51.5081662,-0.128917,True,pano_299,train
300,node/1637789480,51.5082084,-0.1288706,True,pano_300,train
301,node/1637789487,51.5082574,-0.1288236,True,pano_301,train
302,node/1637789490,51.5082675,-0.1288026,True,pano_302,train
303,node/1637789493,51.5083253,-0.1291068,True,pano_303,train
304,node/1637789500,51.5083587,-0.1289758,True,pano_304,train
305,node/1637789501,51.5083752,-0.1281903,True,pano_305,train
306,node/1637789502,51.5084275,-0.1294864,True,pano_306,validation
307,node/1637789510,51.5084154,-0.1274206,True,pano_307,validation
308,node/1637789511,51.5084231,-0.1273714,True,pano_308,validation
309,node/1637789515,51.5084256,-0.127427,True,pano_309,validation
310,node/1637789519,51.5084681,-0.1274958,True,pano_310,validation
311,node/1637789522,51.5084755,-0.1275608,True,pano_311,validation
312,node/1637789538,51.5086094,-0.1273775,True,pano_312,validation
313,node/1637789577,51.5089357,-0.1295569,True,pano_313,validation
314,node/1637789598,51.5093046,-0.1287631,True,pano_314,test
315,node/1637789599,51.5093085,-0.1289748,True,pano_315,test
316,node/1637789602,51.5093243,-0.1290521,True,pano_316,test
317,node/1637789604,51.5094039,-0.1290996,True,pano_317,test
318,node/1637789608,51.5094394,-0.1273697,True,pano_318,test
319,node/1637789617,51.5095335,-0.129134,True,pano_319,test
320,node/1637789621,51.5095488,-0.1285036,True,pano_320,test
321,node/1637789629,51.5096702,-0.1277731,True,pano_321,test
322,node/1637831150,51.5076462,-0.1304097,True,pano_322,train
323,node/1637831151,51.5076686,-0.1310392,True,pano_323,train
324,node/1637831172,51.507696,-0.1303935,True,pano_324,train
325,node/1637831175,51.5077052,-0.1311359,True,pano_325,train
326,node/1637831207,51.5078006,-0.1311992,True,pano_326,train
327,node/1637831214,51.507831,-0.1311058,True,pano_327,train
328,node/1637831255,51.5089238,-0.1297892,True,pano_328,validation
329,node/1637831283,51.5095288,-0.129887,True,pano_329,test
330,node/1637831408,51.5097145,-0.1299579,True,pano_330,test
331,node/1637831444,51.5097551,-0.1299596,True,pano_331,test
332,node/1637831476,51.5097665,-0.1295229,True,pano_332,test
333,node/1637831620,51.5099439,-0.1300191,True,pano_333,test
334,node/1645919670,51.5082672,-0.1253504,True,pano_334,train
335,node/1645919673,51.5085374,-0.1259183,True,pano_335,validation
336,node/1660481244,51.5073796,-0.1281817,True,pano_336,train
337,node/1660481256,51.5076423,-0.1278848,True,pano_337,train
338,node/1660481264,51.5076511,-0.1286403,True,pano_338,train
339,node/1660481466,51.5078683,-0.1272662,True,pano_339,train
340,node/1660481739,51.508196,-0.1287374,True,pano_340,train
341,node/1678452739,51.5094617,-0.1270414,True,pano_341,test
342,node/1678452740,51.5094721,-0.1271368,True,pano_342,test
343,node/1678452741,51.5094619,-0.1272906,True,pano_343,test
344,node/1678452742,51.5094642,-0.1268019,True,pano_344,test
345,node/1678452743,51.5095232,-0.127046,True,pano_345,test
346,node/1678452744,51.5095249,-0.1273485,True,pano_346,test
347,node/1678452745,51.5094926,-0.1274408,True,pano_347,test
348,node/1678452747,51.5095406,-0.127235,True,pano_348,test
349,node/1678452749,51.509536,-0.1271345,True,pano_349,test
350,node/1697691548,51.5078746,-0.1268986,True,pano_350,train
351,node/1717756572,51.5036768,-0.1334209,True,pano_351,train
352,node/1717756599,51.5032344,-0.1340812,True,pano_352,train
353,node/1717756618,51.5035136,-0.1336434,True,pano_353,train
354,node/1717756620,51.5038114,-0.133242,True,pano_354,train
355,node/1717756657,51.5034363,-0.1337593,True,pano_355,train
356,node/1717756659,51.5031823,-0.1341723,True,pano_356,train
357,node/1717762371,51.5042077,-0.1307624,True,pano_357,train
358,node/1729508660,51.5102971,-0.126911,True,pano_358,test
359,node/1737601113,51.5047997,-0.1333917,True,pano_359,train
360,node/1835289526,51.509332,-0.1285427,True,pano_360,test
361,node/1938580020,51.5055024,-0.1266553,True,pano_361,train
362,node/1938580032,51.5071809,-0.1280465,True,pano_362,train
363,node/1938580042,51.5076896,-0.1309581,True,pano_363,train
364,node/1938580044,51.5077294,-0.1303494,True,pano_364,train
365,node/1938580046,51.5077974,-0.1310668,True,pano_365,train
366,node/1938580047,51.5077449,-0.1274337,True,pano_366,train
367,node/1938580049,51.5078265,-0.1303693,True,pano_367,train
368,node/1938580050,51.5088496,-0.1272244,True,pano_368,validation
369,node/1938580054,51.5094538,-0.1269025,True,pano_369,test
370,node/1944317618,51.5072831,-0.1299002,True,pano_370,train
371,node/1944317624,51.5074163,-0.1290105,True,pano_371,train
372,node/1947257506,51.5086193,-0.1255508,True,pano_372,validation
373,node/1947257511,51.5092941,-0.1240252,True,pano_373,test
374,node/1947257512,51.5093119,-0.1272996,True,pano_374,test
375,node/1947257513,51.5093419,-0.124087,True,pano_375,test
376,node/1947257514,51.5094778,-0.1272265,True,pano_376,test
377,node/1947276620,51.5104584,-0.1215798,True,pano_377,test
378,node/1979188146,51.5079707,-0.1268908,True,pano_378,train
379,node/2058516812,51.5059921,-0.1299213,True,pano_379,train
380,node/2058516813,51.5054198,-0.1297197,True,pano_380,train
381,node/2058516816,51.506155,-0.1300842,True,pano_381,train
382,node/2058516821,51.5062438,-0.1292614,True,pano_382,train
383,node/2105659653,51.5090425,-0.1246758,True,pano_383,test
384,node/2214988206,51.5073527,-0.1321875,True,pano_384,train
385,node/2214988209,51.5076382,-0.1313586,True,pano_385,train
386,node/2214988212,51.5076553,-0.131303,True,pano_386,train
387,node/2214988215,51.5074739,-0.1318358,True,pano_387,train
388,node/2321071816,51.5090389,-0.1272385,True,pano_388,test
389,node/2321071820,51.5090567,-0.1258498,True,pano_389,test
390,node/2338578962,51.5088076,-0.1249743,True,pano_390,validation
391,node/2338578968,51.5088126,-0.125137,True,pano_391,validation
392,node/2338578984,51.5088355,-0.1250955,True,pano_392,validation
393,node/2345097899,51.508957,-0.1303362,True,pano_393,validation
394,node/2345097900,51.5089491,-0.1303874,True,pano_394,validation
395,node/2345097933,51.5090458,-0.13057,True,pano_395,test
396,node/2345097936,51.5090543,-0.1304664,True,pano_396,test
397,node/2345097937,51.5090599,-0.1307738,True,pano_397,test
398,node/2345097938,51.5090628,-0.1304125,True,pano_398,test
399,node/2345097948,51.5091194,-0.1304548,True,pano_399,test
400,node/2389991891,51.5049735,-0.1265758,True,pano_400,train
401,node/2389991893,51.5050475,-0.1264412,True,pano_401,train
402,node/2389991898,51.5049961,-0.1264184,True,pano_402,train
403,node/2390005217,51.5071681,-0.1274392,True,pano_403,train
404,node/2390005218,51.5069268,-0.1274449,True,pano_404,train
405,node/2390005220,51.5071218,-0.1276556,True,pano_405,train
406,node/2390005221,51.5070058,-0.1275247,True,pano_406,train
407,node/2390005222,51.5072192,-0.1275108,True,pano_407,train
408,node/2390005223,51.5061994,-0.12707,True,pano_408,train
409,node/2390005956,51.5050529,-0.126609,True,pano_409,train
410,node/2390008564,51.5060888,-0.1269446,True,pano_410,train
411,node/2390008566,51.5061143,-0.1269589,True,pano_411,train
412,node/2390008567,51.5058012,-0.1269324,True,pano_412,train
413,node/2390008569,51.5059782,-0.127022,True,pano_413,train
414,node/2390036481,51.5078715,-0.1267293,True,pano_414,train
415,node/2390036490,51.5078038,-0.1268363,True,pano_415,train
416,node/2390036493,51.5078037,-0.1270122,True,pano_416,train
417,node/2390036495,51.5077421,-0.126936,True,pano_417,train
418,node/2390036497,51.5079132,-0.1271447,True,pano_418,train
419,node/2390036502,51.5078588,-0.1271425,True,pano_419,train
420,node/2390036505,51.50771,-0.1270414,True,pano_420,train
421,node/2390036511,51.5077657,-0.1271063,True,pano_421,train
422,node/2390039150,51.5077926,-0.1271657,True,pano_422,train
423,node/2390039151,51.5077616,-0.1272004,True,pano_423,train
424,node/2390039152,51.507649,-0.1274781,True,pano_424,train
425,node/2390039431,51.5075694,-0.1274965,True,pano_425,train
426,node/2390039432,51.5075756,-0.1275562,True,pano_426,train
427,node/2467911855,51.5067291,-0.1285013,True,pano_427,train
428,node/2538676640,51.5073206,-0.1270539,True,pano_428,train
429,node/2538676644,51.5069856,-0.1251663,True,pano_429,train
430,node/2549111514,51.5075514,-0.1286464,True,pano_430,train
431,node/2549111517,51.5075716,-0.1286907,True,pano_431,train
432,node/2554821722,51.5040336,-0.1314975,True,pano_432,train
433,node/2554821725,51.5036849,-0.1317624,True,pano_433,train
434,node/2564873525,51.5087403,-0.1249691,True,pano_434,validation
435,node/2564873529,51.509027,-0.1244302,True,pano_435,validation
436,node/2564873531,51.5086637,-0.1258361,True,pano_436,validation
437,node/2564873536,51.5086469,-0.1270579,True,pano_437,validation
438,node/2564873538,51.5089144,-0.1246373,True,pano_438,validation
439,node/2564873542,51.5088588,-0.1251264,True,pano_439,validation
440,node/2564873543,51.5093727,-0.1241276,True,pano_440,test
441,node/2564873545,51.5086804,-0.1255351,True,pano_441,validation
442,node/2612448628,51.5085772,-0.1255779,True,pano_442,validation
443,node/2612448632,51.5086611,-0.125949,True,pano_443,validation
444,node/2612448640,51.5086118,-0.1259487,True,pano_444,validation
445,node/2620415112,51.5060001,-0.1256023,True,pano_445,train
446,node/2620416030,51.5061386,-0.1243693,True,pano_446,train
447,node/2620416036,51.5061997,-0.1242184,True,pano_447,train
448,node/2620932404,51.5037183,-0.1360136,False,,
449,node/2725915897,51.5068153,-0.1237332,True,pano_449,train
450,node/2725915898,51.5068471,-0.1237302,True,pano_450,train
451,node/2725915899,51.506872,-0.1237435,True,pano_451,train
452,node/2725915900,51.5068951,-0.1237754,True,pano_452,train
453,node/2726744866,51.5081844,-0.128875,True,pano_453,train
454,node/2726744867,51.5082278,-0.1288591,True,pano_454,train
455,node/2726744868,51.5082452,-0.1288413,True,pano_455,train
456,node/2726744872,51.5083928,-0.1275628,True,pano_456,validation
457,node/2726744873,51.5084403,-0.1274408,True,pano_457,validation
458,node/2726744874,51.5084737,-0.1275273,True,pano_458,validation
459,node/2726829186,51.5079698,-0.1272562,True,pano_459,train
460,node/2726834608,51.5083942,-0.1271615,True,pano_460,validation
461,node/2726834609,51.508465,-0.127326,True,pano_461,validation
462,node/2726834627,51.5086061,-0.1273447,True,pano_462,validation
463,node/2726834628,51.5085383,-0.1271782,True,pano_463,validation
464,node/2726834637,51.5087477,-0.1271912,True,pano_464,validation
465,node/2726834638,51.5086932,-0.1272977,True,pano_465,validation
466,node/2726834644,51.5087466,-0.1272758,True,pano_466,validation
467,node/2726834647,51.508931,-0.1272244,True,pano_467,validation
468,node/2726836315,51.5079965,-0.127052,True,pano_468,train
469,node/2726836316,51.5080613,-0.1270721,True,pano_469,train
470,node/2726836319,51.508534,-0.1272982,True,pano_470,validation
471,node/2726836320,51.5085563,-0.1272793,True,pano_471,validation
472,node/2726836322,51.5085736,-0.1271796,True,pano_472,validation
473,node/2726838581,51.5084633,-0.1273807,True,pano_473,validation
474,node/2726838584,51.5084702,-0.1272671,True,pano_474,validation
475,node/2726838585,51.5084741,-0.1272235,True,pano_475,validation
476,node/2726838586,51.5084758,-0.1271742,True,pano_476,validation
477,node/2726838589,51.5086501,-0.1271842,True,pano_477,validation
478,node/2726838590,51.5086511,-0.1272344,True,pano_478,validation
479,node/2726838591,51.5086525,-0.1272888,True,pano_479,validation
480,node/2726838592,51.5086527,-0.1273215,True,pano_480,validation
481,node/2726838593,51.5086533,-0.1273543,True,pano_481,validation
482,node/2726838594,51.508654,-0.12739,True,pano_482,validation
483,node/2726841852,51.5076054,-0.1284972,True,pano_483,train
484,node/2726841854,51.5076069,-0.1285521,True,pano_484,train
485,node/2726841856,51.5076217,-0.1280255,True,pano_485,train
486,node/2726841858,51.5076231,-0.1286199,True,pano_486,train
487,node/2726841859,51.5077004,-0.1275698,True,pano_487,train
488,node/2726843437,51.5078037,-0.1272879,True,pano_488,train
489,node/2726843438,51.5078301,-0.1272484,True,pano_489,train
490,node/2726843439,51.5078496,-0.1272393,True,pano_490,train
491,node/2726843440,51.5079098,-0.1272349,True,pano_491,train
492,node/2726844322,51.507557,-0.1282774,True,pano_492,train
493,node/2726844325,51.5075558,-0.1283439,True,pano_493,train
494,node/2726844332,51.5075587,-0.1281706,True,pano_494,train
495,node/2726844334,51.5075595,-0.1284308,True,pano_495,train
496,node/2726844336,51.5075634,-0.1281064,True,pano_496,train
497,node/2726844338,51.5075662,-0.1285218,True,pano_497,train
498,node/2726844340,51.5075691,-0.1285532,True,pano_498,train
499,node/2726844342,51.507578,-0.1280078,True,pano_499,train
500,node/2726844344,51.5075745,-0.1285889,True,pano_500,train
501,node/2726844347,51.5075835,-0.1286181,True,pano_501,train
502,node/2726844349,51.507609,-0.1278189,True,pano_502,train
503,node/2726844351,51.5076324,-0.1276848,True,pano_503,train
504,node/2726844352,51.5076586,-0.1275651,True,pano_504,train
505,node/2726844354,51.5076735,-0.1274981,True,pano_505,train
506,node/2726844356,51.5076858,-0.1274596,True,pano_506,train
507,node/2726844358,51.5077218,-0.1273706,True,pano_507,train
508,node/2726844360,51.507731,-0.1286821,True,pano_508,train
509,node/2726844362,51.5077614,-0.1272794,True,pano_509,train
510,node/2726844367,51.5077948,-0.1272241,True,pano_510,train
511,node/2726844369,51.5078082,-0.1272079,True,pano_511,train
512,node/2726844869,51.5075916,-0.1286387,True,pano_512,train
513,node/2726844870,51.5076077,-0.1286636,True,pano_513,train
514,node/2726844871,51.5076657,-0.1287088,True,pano_514,train
515,node/2726844872,51.5078905,-0.1288042,True,pano_515,train
516,node/2726844873,51.5080881,-0.1288868,True,pano_516,train
517,node/2726845098,51.5078206,-0.1271977,True,pano_517,train
518,node/2726845099,51.5078327,-0.1271909,True,pano_518,train
519,node/2726845100,51.5078505,-0.1271871,True,pano_519,train
520,node/2726845101,51.5078778,-0.1271883,True,pano_520,train
521,node/2726845102,51.5079382,-0.127194,True,pano_521,train
522,node/2726845103,51.5080148,-0.1272261,True,pano_522,train
523,node/2726845104,51.508106,-0.1272532,True,pano_523,train
524,node/2726845105,51.5082389,-0.1273028,True,pano_524,train
525,node/2726845106,51.5083803,-0.1273563,True,pano_525,train
526,node/2726849721,51.5071262,-0.1258704,True,pano_526,train
527,node/2726849722,51.5073172,-0.1272737,True,pano_527,train
528,node/2726849723,51.5073352,-0.1280869,True,pano_528,train
529,node/2726849724,51.5073287,-0.1271989,True,pano_529,train
530,node/2726849725,51.5073309,-0.1273162,True,pano_530,train
531,node/2726849726,51.5073485,-0.1268214,True,pano_531,train
532,node/2726849727,51.5073603,-0.1273012,True,pano_532,train
533,node/2726849729,51.5074201,-0.1283522,True,pano_533,train
534,node/2726849730,51.5074335,-0.1284897,True,pano_534,train
535,node/2726850032,51.507579,-0.1283522,True,pano_535,train
536,node/2726850033,51.5075837,-0.1284593,True,pano_536,train
537,node/2726850034,51.5075876,-0.1285398,True,pano_537,train
538,node/2726851356,51.507577,-0.1282295,True,pano_538,train
539,node/2726851359,51.5075818,-0.1281153,True,pano_539,train
540,node/2726851361,51.5075938,-0.1285925,True,pano_540,train
541,node/2726851363,51.5075983,-0.1280157,True,pano_541,train
542,node/2726851365,51.5076028,-0.1286224,True,pano_542,train
543,node/2726851366,51.5076127,-0.1286434,True,pano_543,train
544,node/2726851368,51.5076227,-0.1278473,True,pano_544,train
545,node/2726851369,51.5076446,-0.1286679,True,pano_545,train
546,node/2726851371,51.5076495,-0.1276837,True,pano_546,train
547,node/2726851375,51.5076723,-0.1275733,True,pano_547,train
548,node/2726851377,51.5076892,-0.1275115,True,pano_548,train
549,node/2726851379,51.5077159,-0.12744,True,pano_549,train
550,node/2726851381,51.5077381,-0.127384,True,pano_550,train
551,node/2726851385,51.5077735,-0.1273009,True,pano_551,train
552,node/2726851387,51.5078016,-0.127245,True,pano_552,train
553,node/2726851389,51.5078171,-0.1272272,True,pano_553,train
554,node/2726851391,51.5078373,-0.1272135,True,pano_554,train
555,node/2726851393,51.5078612,-0.1272086,True,pano_555,train
556,node/2726851395,51.5079101,-0.1272126,True,pano_556,train
557,node/2726852805,51.5078345,-0.1272854,True,pano_557,train
558,node/2726852811,51.5078512,-0.1272719,True,pano_558,train
559,node/2726861236,51.507039,-0.1280327,True,pano_559,train
560,node/2726861238,51.5070533,-0.1278896,True,pano_560,train
561,node/2726861244,51.50711,-0.1279604,True,pano_561,train
562,node/2726861246,51.5071128,-0.1275731,True,pano_562,train
563,node/2726861247,51.5071176,-0.1278673,True,pano_563,train
564,node/2726861249,51.5071283,-0.1275402,True,pano_564,train
565,node/2726861251,51.5071291,-0.1274897,True,pano_565,train
566,node/2726861253,51.5071282,-0.1279863,True,pano_566,train
567,node/2726861255,51.507144,-0.1280157,True,pano_567,train
568,node/2726861256,51.5071637,-0.1275533,True,pano_568,train
569,node/2726861257,51.5071845,-0.1281435,True,pano_569,train
570,node/2726861259,51.5072522,-0.1275939,True,pano_570,train
571,node/2726861262,51.50731,-0.1271418,True,pano_571,train
572,node/2726861264,51.5073529,-0.1271247,True,pano_572,train
573,node/2726861266,51.5073605,-0.1282787,True,pano_573,train
574,node/2726861268,51.5073838,-0.1270544,True,pano_574,train
575,node/2726861270,51.5074035,-0.1280213,True,pano_575,train
576,node/2726861272,51.5074294,-0.1282389,True,pano_576,train
577,node/2726861276,51.5074608,-0.1280579,True,pano_577,train
578,node/2726861278,51.5074577,-0.1282256,True,pano_578,train
579,node/2726861280,51.5074713,-0.1274134,True,pano_579,train
580,node/2726861282,51.507489,-0.1282257,True,pano_580,train
581,node/2726861286,51.507557,-0.1272996,True,pano_581,train
582,node/2726861288,51.5075561,-0.128229,True,pano_582,train
583,node/2726861290,51.507587,-0.1272103,True,pano_583,train
584,node/2726861292,51.5076023,-0.1272723,True,pano_584,train
585,node/2726861294,51.5076493,-0.1273673,True,pano_585,train
586,node/2726861296,51.5077014,-0.1274236,True,pano_586,train
587,node/2726861298,51.5077339,-0.12746,True,pano_587,train
588,node/2726866274,51.5074618,-0.1276087,True,pano_588,train
589,node/2726867952,51.5076121,-0.1281162,True,pano_589,train
590,node/2726867953,51.5076848,-0.1276473,True,pano_590,train
591,node/2726883549,51.5081442,-0.1287876,True,pano_591,train
592,node/2726883553,51.5081841,-0.1288053,True,pano_592,train
593,node/2726883557,51.5081959,-0.1288087,True,pano_593,train
594,node/2726883559,51.508207,-0.128803,True,pano_594,train
595,node/2726883562,51.5082186,-0.1287929,True,pano_595,train
596,node/2726883564,51.5082279,-0.1287756,True,pano_596,train
597,node/2726883566,51.5082332,-0.1287541,True,pano_597,train
598,node/2726883568,51.5082398,-0.1287143,True,pano_598,train
599,node/2726883570,51.508275,-0.1287736,True,pano_599,train
600,node/2726883572,51.5083552,-0.1274789,True,pano_600,train
601,node/2726883574,51.5084028,-0.1274985,True,pano_601,validation
602,node/2726883576,51.5084147,-0.1275047,True,pano_602,validation
603,node/2726883578,51.5084232,-0.1276174,True,pano_603,validation
604,node/2726883580,51.5084251,-0.1275174,True,pano_604,validation
605,node/2726883582,51.5084331,-0.1275522,True,pano_605,validation
606,node/2726883585,51.5084298,-0.1275797,True,pano_606,validation
607,node/2726883587,51.5084714,-0.1275983,True,pano_607,validation
608,node/2975783589,51.5086545,-0.1252644,True,pano_608,validation
609,node/2975783590,51.5085482,-0.1250973,True,pano_609,validation
610,node/3075334818,51.5057626,-0.130596,True,pano_610,train
611,node/3092290901,51.5082926,-0.1291225,True,pano_611,train
612,node/3092290902,51.5082956,-0.12915,True,pano_612,train
613,node/3092290903,51.5082847,-0.129091,True,pano_613,train
614,node/3092290904,51.5082522,-0.1290246,True,pano_614,train
615,node/3092290905,51.5082631,-0.1290407,True,pano_615,train
616,node/3092290906,51.5082375,-0.1290071,True,pano_616,train
617,node/3092290907,51.5082955,-0.1292084,True,pano_617,train
618,node/3189218645,51.5098632,-0.1229866,True,pano_618,test
619,node/3326326761,51.5083708,-0.1259325,True,pano_619,train
620,node/3326326769,51.5086094,-0.1260618,True,pano_620,validation
621,node/3326326774,51.5086493,-0.1254481,True,pano_621,validation
622,node/3326326775,51.508679,-0.1253909,True,pano_622,validation
623,node/3326339636,51.5084963,-0.1258745,True,pano_623,validation
624,node/3326339653,51.508598,-0.1270216,True,pano_624,validation
625,node/3326339654,51.5085987,-0.126973,True,pano_625,validation
626,node/3326339656,51.5085993,-0.1270588,True,pano_626,validation
627,node/3326339658,51.5086103,-0.1270978,True,pano_627,validation
628,node/3326339660,51.5086228,-0.1271185,True,pano_628,validation
629,node/3326339661,51.5086337,-0.1271312,True,pano_629,validation
630,node/3326339663,51.5086509,-0.1271425,True,pano_630,validation
631,node/3326339665,51.5086715,-0.1271431,True,pano_631,validation
632,node/3326339667,51.5086777,-0.1267571,True,pano_632,validation
633,node/3326339668,51.5086792,-0.1271019,True,pano_633,validation
634,node/3326339681,51.5087353,-0.1271014,True,pano_634,validation
635,node/3326339682,51.5087366,-0.1270926,True,pano_635,validation
636,node/3326339685,51.5087661,-0.1271444,True,pano_636,validation
637,node/3326339686,51.5087662,-0.1270927,True,pano_637,validation
638,node/3326345847,51.5082316,-0.1255508,True,pano_638,train
639,node/3326345849,51.5085597,-0.1259678,True,pano_639,validation
640,node/3326345850,51.5085816,-0.1259497,True,pano_640,validation
641,node/3397689895,51.5080483,-0.126386,True,pano_641,train
642,node/3397689896,51.5080928,-0.126478,True,pano_642,train
643,node/3397689897,51.5082354,-0.1261746,True,pano_643,train
644,node/3397689898,51.5085429,-0.1254525,True,pano_644,validation
645,node/3397689899,51.5058521,-0.1258807,True,pano_645,train
646,node/3399223683,51.5065085,-0.1251751,True,pano_646,train
647,node/3439371257,51.5037994,-0.1316187,True,pano_647,train
648,node/3439371259,51.5036652,-0.1319494,True,pano_648,train
649,node/3439371260,51.5036974,-0.1319592,True,pano_649,train
650,node/3439371266,51.5037691,-0.1316472,True,pano_650,train
651,node/3439371270,51.504008,-0.1315005,True,pano_651,train
652,node/3439371271,51.5039842,-0.1315065,True,pano_652,train
653,node/3439371291,51.5041889,-0.1326994,True,pano_653,train
654,node/3439371657,51.5047251,-0.1298633,True,pano_654,train
655,node/3439409099,51.5046537,-0.1292787,True,pano_655,train
656,node/3439409101,51.5052341,-0.129539,True,pano_656,train
657,node/3439409103,51.5052803,-0.1296179,True,pano_657,train
658,node/3439409112,51.5077807,-0.1310419,True,pano_658,train
659,node/3439409113,51.5077653,-0.1309994,True,pano_659,train
660,node/3439409121,51.5077388,-0.1311552,True,pano_660,train
661,node/3439409122,51.5076808,-0.130994,True,pano_661,train
662,node/3439409123,51.5076951,-0.1308984,True,pano_662,train
663,node/3439409124,51.5076883,-0.1307824,True,pano_663,train
664,node/3439409125,51.5076783,-0.1307037,True,pano_664,train
665,node/3439409128,51.5075066,-0.1300724,True,pano_665,train
666,node/3439409129,51.5074869,-0.1301158,True,pano_666,train
667,node/3439409130,51.5074691,-0.1301778,True,pano_667,train
668,node/3439409132,51.5073673,-0.1305839,True,pano_668,train
669,node/3439409133,51.5073392,-0.1306975,True,pano_669,train
670,node/3439409137,51.5075934,-0.1287188,True,pano_670,train
671,node/3439409138,51.5075285,-0.1285019,True,pano_671,train
672,node/3439409139,51.5075236,-0.1284285,True,pano_672,train
673,node/3439409140,51.5075214,-0.1281533,True,pano_673,train
674,node/3439409141,51.5075334,-0.1280206,True,pano_674,train
675,node/3439409143,51.5075166,-0.1279085,True,pano_675,train
676,node/3439409144,51.5075334,-0.1278717,True,pano_676,train
677,node/3439409145,51.5075604,-0.1277677,True,pano_677,train
678,node/3439409146,51.5075024,-0.127933,True,pano_678,train
679,node/3439409147,51.5074647,-0.1279809,True,pano_679,train
680,node/3439409148,51.5074545,-0.1272802,True,pano_680,train
681,node/3439409149,51.5074791,-0.1272986,True,pano_681,train
682,node/3439409150,51.5074971,-0.1273223,True,pano_682,train
683,node/3439409151,51.5072351,-0.1274629,True,pano_683,train
684,node/3439409152,51.5072208,-0.1280272,True,pano_684,train
685,node/3557235398,51.5057406,-0.1336982,True,pano_685,train
686,node/3622323404,51.5044432,-0.1310101,True,pano_686,train
687,node/3622323405,51.5039358,-0.1330788,True,pano_687,train
688,node/3730469669,51.5084738,-0.1246068,True,pano_688,validation
689,node/3730469675,51.5085405,-0.1245092,True,pano_689,validation
690,node/3730482649,51.507806,-0.1303119,True,pano_690,train
691,node/3730482661,51.5082628,-0.1292542,True,pano_691,train
692,node/3783436255,51.5036241,-0.136242,False,,
693,node/3783496087,51.5041651,-0.1307607,True,pano_693,train
694,node/3783496089,51.5041732,-0.1307585,True,pano_694,train
695,node/3783496090,51.5041768,-0.1307476,True,pano_695,train
696,node/3783496100,51.5042305,-0.1308691,True,pano_696,train
697,node/3783496101,51.5042373,-0.1307789,True,pano_697,train
698,node/3783496133,51.5046624,-0.1297594,True,pano_698,train
699,node/3783496136,51.5046965,-0.1297872,True,pano_699,train
700,node/3783500655,51.5041409,-0.1310215,True,pano_700,train
701,node/3783500957,51.5041475,-0.1308313,True,pano_701,train
702,node/3783500958,51.5041548,-0.1309503,True,pano_702,train
703,node/3783500959,51.5041554,-0.130895,True,pano_703,train
704,node/3783500960,51.5041574,-0.1307945,True,pano_704,train
705,node/3783504980,51.5033067,-0.1322561,True,pano_705,train
706,node/3783504981,51.503368,-0.1320906,True,pano_706,train
707,node/3783504982,51.5034525,-0.1319102,True,pano_707,train
708,node/3783504984,51.5034965,-0.1318025,True,pano_708,train
709,node/3783504986,51.5035233,-0.131822,True,pano_709,train
710,node/3783504987,51.5035471,-0.1318207,True,pano_710,train
711,node/3783504988,51.503579,-0.1317905,True,pano_711,train
712,node/3783504989,51.5036927,-0.1316485,True,pano_712,train
713,node/3783504991,51.5037713,-0.1315571,True,pano_713,train
714,node/3783504998,51.5038301,-0.1314842,True,pano_714,train
715,node/3783505008,51.5039285,-0.1313857,True,pano_715,train
716,node/3783505014,51.5040146,-0.1312954,True,pano_716,train
717,node/3783505016,51.5040666,-0.1312093,True,pano_717,train
718,node/3783505019,51.5041084,-0.1311183,True,pano_718,train
719,node/3783505021,51.5042168,-0.1309714,True,pano_719,train
720,node/3783505022,51.5042199,-0.1309871,True,pano_720,train
721,node/3783505023,51.5042297,-0.1309929,True,pano_721,train
722,node/3783505024,51.5042755,-0.1309788,True,pano_722,train
723,node/3783505026,51.5043467,-0.1309664,True,pano_723,train
724,node/3783505028,51.5044085,-0.1309689,True,pano_724,train
725,node/3783505031,51.5045575,-0.1309954,True,pano_725,train
726,node/3783509624,51.5040499,-0.131511,True,pano_726,train
727,node/3783509625,51.5040779,-0.1313846,True,pano_727,train
728,node/3783509626,51.5040819,-0.1313624,True,pano_728,train
729,node/3783509627,51.5040832,-0.1314216,True,pano_729,train
730,node/3783509628,51.5040957,-0.131337,True,pano_730,train
731,node/3783509633,51.5041366,-0.1312417,True,pano_731,train
732,node/3783509634,51.504182,-0.1311231,True,pano_732,train
733,node/3783509635,51.504213,-0.1310787,True,pano_733,train
734,node/3783509636,51.5042472,-0.1310628,True,pano_734,train
735,node/3783509637,51.5043164,-0.1310469,True,pano_735,train
736,node/3783509638,51.5043922,-0.1310395,True,pano_736,train
737,node/3783509639,51.5045009,-0.1310533,True,pano_737,train
738,node/3783510912,51.5032569,-0.1324153,True,pano_738,train
739,node/3783510914,51.5033012,-0.1339687,True,pano_739,train
740,node/3783510915,51.5033031,-0.1324779,True,pano_740,train
741,node/3783510917,51.5033365,-0.1324283,True,pano_741,train
742,node/3783510919,51.5033538,-0.13241,True,pano_742,train
743,node/3783510920,51.5033826,-0.1323937,True,pano_743,train
744,node/3783510921,51.5034079,-0.1323835,True,pano_744,train
745,node/3783514183,51.5038832,-0.1331529,True,pano_745,train
746,node/3783514202,51.5039973,-0.132992,True,pano_746,train
747,node/3783522157,51.5032821,-0.1324495,True,pano_747,train
748,node/3783522160,51.5033809,-0.1322883,True,pano_748,train
749,node/3783522161,51.5033903,-0.1322509,True,pano_749,train
750,node/3783522162,51.5033903,-0.1323078,True,pano_750,train
751,node/3783522164,51.5034108,-0.1323242,True,pano_751,train
752,node/3783522165,51.5034536,-0.1321176,True,pano_752,train
753,node/3783522167,51.5034555,-0.1323227,True,pano_753,train
754,node/3783522168,51.5034602,-0.1323736,True,pano_754,train
755,node/3783522169,51.503489,-0.1323018,True,pano_755,train
756,node/3783522170,51.5034974,-0.1323527,True,pano_756,train
757,node/3783522172,51.503517,-0.1322658,True,pano_757,train
758,node/3783522174,51.50353,-0.1323197,True,pano_758,train
759,node/3783522175,51.5035571,-0.131941,True,pano_759,train
760,node/3783522176,51.5035627,-0.13221,True,pano_760,train
761,node/3783522178,51.503585,-0.1322404,True,pano_761,train
762,node/3783522179,51.5036816,-0.1319544,True,pano_762,train
763,node/3783522184,51.5040662,-0.1314674,True,pano_763,train
764,node/3783522193,51.5041756,-0.131026,True,pano_764,train
765,node/3783522195,51.5042047,-0.1310318,True,pano_765,train
766,node/3783522196,51.5042238,-0.1310318,True,pano_766,train
767,node/3783522197,51.5042988,-0.1310126,True,pano_767,train
768,node/3783522198,51.5043929,-0.1310034,True,pano_768,train
769,node/3783522199,51.5045069,-0.1309864,True,pano_769,train
770,node/3783522200,51.5045367,-0.1310257,True,pano_770,train
771,node/3783535834,51.5047429,-0.13103,True,pano_771,train
772,node/3783535835,51.5047714,-0.131099,True,pano_772,train
773,node/3783535836,51.504843,-0.1310451,True,pano_773,train
774,node/3783535837,51.504844,-0.1310298,True,pano_774,train
775,node/3783535839,51.5049154,-0.1310577,True,pano_775,train
776,node/3783535840,51.5049161,-0.1310379,True,pano_776,train
777,node/3783535842,51.5049473,-0.1311229,True,pano_777,train
778,node/3783535843,51.5050954,-0.1311243,True,pano_778,train
779,node/3783535844,51.5050995,-0.1310711,True,pano_779,train
780,node/3783539225,51.5050913,-0.1294181,True,pano_780,train
781,node/3783539226,51.5052201,-0.1294355,True,pano_781,train
782,node/3783539229,51.5052616,-0.129419,True,pano_782,train
783,node/3783539235,51.5052974,-0.1294812,True,pano_783,train
784,node/3783539237,51.5053562,-0.1295988,True,pano_784,train
785,node/3807205741,51.5075414,-0.1293502,True,pano_785,train
786,node/3807205742,51.5075234,-0.1291712,True,pano_786,train
787,node/3807436630,51.5074002,-0.1270411,True,pano_787,train
788,node/3810553685,51.5072502,-0.1265101,True,pano_788,train
789,node/3810553686,51.5072947,-0.1266935,True,pano_789,train
790,node/3810553687,51.5076042,-0.1298835,True,pano_790,train
791,node/3810553688,51.5080213,-0.1301246,True,pano_791,train
792,node/3810553689,51.5075999,-0.1298465,True,pano_792,train
793,node/3810553690,51.508256,-0.1272353,True,pano_793,train
794,node/3810553691,51.508147,-0.1270964,True,pano_794,train
795,node/3854995579,51.5051367,-0.129542,True,pano_795,train
796,node/3854995580,51.5051467,-0.1294487,True,pano_796,train
797,node/3854995585,51.5057198,-0.1308981,True,pano_797,train
798,node/3855052507,51.506778,-0.1284091,True,pano_798,train
799,node/4059394511,51.5103773,-0.1217815,True,pano_799,test
800,node/4318472947,51.5076062,-0.1282318,True,pano_800,train
801,node/4318472948,51.5078902,-0.1272327,True,pano_801,train
802,node/4319910896,51.5081733,-0.1288725,True,pano_802,train
803,node/4319985923,51.5078289,-0.1283211,True,pano_803,train
804,node/4319985924,51.5079516,-0.127581,True,pano_804,train
805,node/4319985926,51.5082285,-0.1285201,True,pano_805,train
806,node/4329962749,51.5079933,-0.12512,True,pano_806,train
807,node/4329962755,51.5081378,-0.1253838,True,pano_807,train
808,node/4347914532,51.5078782,-0.13054,True,pano_808,train
809,node/4347914533,51.5073069,-0.132067,True,pano_809,train
810,node/4347914534,51.5073256,-0.132259,True,pano_810,train
811,node/4347917401,51.5075193,-0.1283646,True,pano_811,train
812,node/4347917402,51.5075839,-0.1288324,True,pano_812,train
813,node/4347917403,51.5076208,-0.1287991,True,pano_813,train
814,node/4347922046,51.5070933,-0.1281195,True,pano_814,train
815,node/4347925119,51.5074491,-0.1287235,True,pano_815,train
816,node/4349648274,51.5083621,-0.1292919,True,pano_816,train
817,node/4350184737,51.5085517,-0.1270213,True,pano_817,validation
818,node/4350184738,51.5084819,-0.1270598,True,pano_818,validation
819,node/4350184739,51.5092714,-0.1272857,True,pano_819,test
820,node/4350184740,51.5084791,-0.1271324,True,pano_820,validation
821,node/4350193650,51.5084365,-0.1258809,True,pano_821,validation
822,node/4350193651,51.5084198,-0.1258559,True,pano_822,validation
823,node/4350193652,51.5084898,-0.1255451,True,pano_823,validation
824,node/4350193655,51.5083621,-0.12578,True,pano_824,train
825,node/4350193656,51.5085259,-0.1259915,True,pano_825,validation
826,node/4350193657,51.5083552,-0.1255295,True,pano_826,train
827,node/4350208170,51.5106078,-0.1211895,True,pano_827,test
828,node/4448105795,51.5098612,-0.130984,True,pano_828,test
829,node/4474765621,51.5077287,-0.1261132,True,pano_829,train
830,node/4535154580,51.508708,-0.124919,True,pano_830,validation
831,node/4650621304,51.5067902,-0.1273698,True,pano_831,train
832,node/4650621305,51.506483,-0.1272307,True,pano_832,train
833,node/4650621306,51.5062712,-0.127109,True,pano_833,train
834,node/4650621307,51.5052456,-0.1265213,True,pano_834,train
835,node/4684502364,51.5075291,-0.1288456,True,pano_835,train
836,node/4684502365,51.5075025,-0.1288487,True,pano_836,train
837,node/4766203722,51.5072857,-0.126659,True,pano_837,train
838,node/4766203723,51.5074422,-0.1271613,True,pano_838,train
839,node/4813058486,51.5077587,-0.1248485,True,pano_839,train
840,node/4813058487,51.5075311,-0.1244287,True,pano_840,train
841,node/4813058488,51.5075071,-0.12483,True,pano_841,train
842,node/4813058489,51.5074457,-0.1249447,True,pano_842,train
843,node/4837953361,51.5092866,-0.1239147,True,pano_843,test
844,node/4897627179,51.5057784,-0.1244817,True,pano_844,train
845,node/4897627180,51.5057683,-0.1244264,True,pano_845,train
846,node/4897627183,51.5057004,-0.1304754,True,pano_846,train
847,node/4897627185,51.5056415,-0.1266372,True,pano_847,train
848,node/4897627186,51.5060128,-0.1255931,True,pano_848,train
849,node/4897627187,51.5064389,-0.1236408,True,pano_849,train
850,node/4919661397,51.5070378,-0.1283192,True,pano_850,train
851,node/5034506699,51.5068868,-0.1280782,True,pano_851,train
852,node/5034506700,51.5070126,-0.1282061,True,pano_852,train
853,node/5034506701,51.5070567,-0.1277031,True,pano_853,train
854,node/5034506702,51.5070675,-0.1278027,True,pano_854,train
855,node/5034506703,51.5069936,-0.1279886,True,pano_855,train
856,node/5034506704,51.5069473,-0.1280376,True,pano_856,train
857,node/5034506705,51.5069136,-0.1280241,True,pano_857,train
858,node/5034506706,51.5068737,-0.1280106,True,pano_858,train
859,node/5034506707,51.5068251,-0.1280286,True,pano_859,train
860,node/5034506708,51.5068044,-0.1280517,True,pano_860,train
861,node/5034506709,51.5067696,-0.1281068,True,pano_861,train
862,node/5034506710,51.5067383,-0.1282005,True,pano_862,train
863,node/5034506711,51.5067266,-0.128316,True,pano_863,train
864,node/5034506712,51.5067448,-0.1283946,True,pano_864,train
865,node/5034506713,51.5066043,-0.1286928,True,pano_865,train
866,node/5034506714,51.5065556,-0.1286962,True,pano_866,train
867,node/5034506715,51.5065033,-0.1287182,True,pano_867,train
868,node/5034506716,51.5064452,-0.1287816,True,pano_868,train
869,node/5034506717,51.5064125,-0.1288537,True,pano_869,train
870,node/5034506718,51.5063854,-0.1289744,True,pano_870,train
871,node/5034506719,51.5063853,-0.1290548,True,pano_871,train
872,node/5034506720,51.5063991,-0.129157,True,pano_872,train
873,node/5034506821,51.5063478,-0.1292762,True,pano_873,train
874,node/5034506822,51.5062963,-0.1293678,True,pano_874,train
875,node/5034506823,51.5072498,-0.128135,True,pano_875,train
876,node/5034506824,51.5072229,-0.1281268,True,pano_876,train
877,node/5034506825,51.5071277,-0.1282031,True,pano_877,train
878,node/5034506826,51.5070953,-0.1282463,True,pano_878,train
879,node/5034506827,51.5070784,-0.1283314,True,pano_879,train
880,node/5034506828,51.5070348,-0.1284912,True,pano_880,train
881,node/5034506829,51.5069977,-0.1285401,True,pano_881,train
882,node/5034506830,51.5069436,-0.1285742,True,pano_882,train
883,node/5034506831,51.5068812,-0.1285708,True,pano_883,train
884,node/5034506832,51.5067658,-0.1288254,True,pano_884,train
885,node/5034506833,51.5067607,-0.1288828,True,pano_885,train
886,node/5034506834,51.5067841,-0.1289923,True,pano_886,train
887,node/5034506835,51.5067791,-0.1290967,True,pano_887,train
888,node/5034506836,51.5067724,-0.1291314,True,pano_888,train
889,node/5034506837,51.5067178,-0.1292827,True,pano_889,train
890,node/5034506838,51.5066493,-0.1293205,True,pano_890,train
891,node/5034506839,51.5065876,-0.1293491,True,pano_891,train
892,node/5034506840,51.506248,-0.1301763,True,pano_892,train
893,node/5034506841,51.5067874,-0.1292015,True,pano_893,train
894,node/5034506842,51.5064243,-0.1292568,True,pano_894,train
895,node/5034506843,51.5066024,-0.1289833,True,pano_895,train
896,node/5153538725,51.5076929,-0.1232556,True,pano_896,train
897,node/5153538726,51.5079812,-0.1243094,True,pano_897,train
898,node/5153538727,51.5081854,-0.1239991,True,pano_898,train
899,node/5153538728,51.5081596,-0.1240356,True,pano_899,train
900,node/5153538729,51.5080043,-0.1243564,True,pano_900,train
901,node/5153538730,51.508067,-0.1241686,True,pano_901,train
902,node/5208033935,51.5067771,-0.1288004,True,pano_902,train
903,node/5208033936,51.5068376,-0.1286656,True,pano_903,train
904,node/5208033937,51.5066296,-0.128643,True,pano_904,train
905,node/5208033938,51.5067186,-0.1284628,True,pano_905,train
906,node/5244498258,51.5048158,-0.1319227,True,pano_906,train
907,node/5244498259,51.5051956,-0.1313235,True,pano_907,train
908,node/5289839109,51.5058605,-0.1270351,True,pano_908,train
909,node/5289839111,51.5052566,-0.1267619,True,pano_909,train
910,node/5290536431,51.5066728,-0.1271957,True,pano_910,train
911,node/5290536435,51.5066486,-0.1271866,True,pano_911,train
912,node/5290536464,51.5060311,-0.1268158,True,pano_912,train
913,node/5290536475,51.5061024,-0.1268884,True,pano_913,train
914,node/5290536483,51.5060576,-0.1268316,True,pano_914,train
915,node/5290536486,51.5060081,-0.1268021,True,pano_915,train
916,node/5323721997,51.507428,-0.1256996,True,pano_916,train
917,node/5323721998,51.5074544,-0.1256587,True,pano_917,train
918,node/5323721999,51.5075058,-0.1258302,True,pano_918,train
919,node/5323722000,51.5075315,-0.1257882,True,pano_919,train
920,node/5323722004,51.507624,-0.1260195,True,pano_920,train
921,node/5323722005,51.5076475,-0.125983,True,pano_921,train
922,node/5323722009,51.5076206,-0.125835,True,pano_922,train
923,node/5323722010,51.5078015,-0.1255741,True,pano_923,train
924,node/5323722013,51.507666,-0.1258238,True,pano_924,train
925,node/5323722017,51.5079693,-0.1254706,True,pano_925,train
926,node/5323722018,51.5079496,-0.125438,True,pano_926,train
927,node/5323722126,51.5076803,-0.1258177,True,pano_927,train
928,node/5323722127,51.5076595,-0.1257806,True,pano_928,train
929,node/5323722133,51.5078172,-0.1255954,True,pano_929,train
930,node/5323722152,51.507247,-0.1252754,True,pano_930,train
931,node/5323722153,51.507298,-0.125396,True,pano_931,train
932,node/5325427460,51.5087049,-0.1239006,True,pano_932,validation
933,node/5341902060,51.506201,-0.1242934,True,pano_933,train
934,node/5386345329,51.5097756,-0.1260616,True,pano_934,test
935,node/5386345330,51.509621,-0.1260013,True,pano_935,test
936,node/5386345332,51.5096105,-0.1259891,True,pano_936,test
937,node/5387300689,51.5097145,-0.1234406,True,pano_937,test
938,node/5421407179,51.5079021,-0.1282203,True,pano_938,train
939,node/5444227620,51.5094559,-0.1269753,True,pano_939,test
940,node/5444227721,51.5094699,-0.1269561,True,pano_940,test
941,node/5481389678,51.508278,-0.1281499,True,pano_941,train
942,node/5521427549,51.5066813,-0.1287904,True,pano_942,train
943,node/5521427550,51.5068394,-0.1284061,True,pano_943,train
944,node/5521427551,51.5076392,-0.1286919,True,pano_944,train
945,node/5521433859,51.507173,-0.1281046,True,pano_945,train
946,node/5521433860,51.5078946,-0.1269169,True,pano_946,train
947,node/5521433861,51.5070558,-0.1276685,True,pano_947,train
948,node/5521433862,51.5079158,-0.127075,True,pano_948,train
949,node/5521433863,51.5079109,-0.1271883,True,pano_949,train
950,node/5521433864,51.5079153,-0.1271048,True,pano_950,train
951,node/5521433865,51.5078297,-0.1268585,True,pano_951,train
952,node/5521433866,51.5078577,-0.1268834,True,pano_952,train
953,node/5521433867,51.507921,-0.1269925,True,pano_953,train
954,node/5521447571,51.508942,-0.1305085,True,pano_954,validation
955,node/5677586483,51.5079543,-0.1249031,True,pano_955,train
956,node/5677722957,51.5077066,-0.1231765,True,pano_956,train
957,node/5677722958,51.5081169,-0.1238814,True,pano_957,train
958,node/5677722959,51.5080514,-0.1240715,True,pano_958,train
959,node/5677722960,51.5080487,-0.123977,True,pano_959,train
960,node/5677722963,51.5079927,-0.1240559,True,pano_960,train
961,node/5677722965,51.5080357,-0.1239954,True,pano_961,train
962,node/6064937878,51.5076684,-0.12858,True,pano_962,train
963,node/6064937879,51.5079053,-0.1273045,True,pano_963,train
964,node/6064937880,51.5082211,-0.1281263,True,pano_964,train
965,node/6064937882,51.5081134,-0.128774,True,pano_965,train
966,node/6064937883,51.5077784,-0.1286313,True,pano_966,train
967,node/6064937884,51.5084157,-0.1276653,True,pano_967,validation
968,node/6064939285,51.5082492,-0.1286562,True,pano_968,train
969,node/6064939286,51.5078128,-0.1273406,True,pano_969,train
970,node/6064939287,51.5079923,-0.1273405,True,pano_970,train
971,node/6064939288,51.5083296,-0.1274682,True,pano_971,train
972,node/6064939289,51.5085658,-0.1277281,True,pano_972,validation
973,node/6064939290,51.5084023,-0.1287222,True,pano_973,validation
974,node/6064986824,51.5071442,-0.1292116,True,pano_974,train
975,node/6064986825,51.5071791,-0.129461,True,pano_975,train
976,node/6110689687,51.5072907,-0.1276378,True,pano_976,train
977,node/6110689688,51.5072937,-0.1276233,True,pano_977,train
978,node/6110689689,51.5072893,-0.1276528,True,pano_978,train
979,node/6110689690,51.50729,-0.127666,True,pano_979,train
980,node/6110689691,51.5072967,-0.1276145,True,pano_980,train
981,node/6110689692,51.5072915,-0.1276767,True,pano_981,train
982,node/6110689693,51.5073009,-0.1276035,True,pano_982,train
983,node/6110689697,51.5072958,-0.1276886,True,pano_983,train
984,node/6110689701,51.5073069,-0.1275961,True,pano_984,train
985,node/6110689704,51.5073037,-0.1277001,True,pano_985,train
986,node/6110689706,51.5073138,-0.1275915,True,pano_986,train
987,node/6110689709,51.5073147,-0.1277095,True,pano_987,train
988,node/6110689711,51.5073198,-0.1275896,True,pano_988,train
989,node/6110689713,51.5073236,-0.1277164,True,pano_989,train
990,node/6110689717,51.5073298,-0.1275868,True,pano_990,train
991,node/6110689718,51.5073372,-0.1277214,True,pano_991,train
992,node/6110689721,51.5073375,-0.1275875,True,pano_992,train
993,node/6110689722,51.5073473,-0.1277184,True,pano_993,train
994,node/6110689725,51.5073558,-0.1277128,True,pano_994,train
995,node/6110689728,51.5073616,-0.1276015,True,pano_995,train
996,node/6110689734,51.5073648,-0.1277057,True,pano_996,train
997,node/6110689735,51.5073688,-0.1276082,True,pano_997,train
998,node/6110689736,51.5073723,-0.1276933,True,pano_998,train
999,node/6110689737,51.5073765,-0.1276244,True,pano_999,train
1000,node/6110689738,51.5073779,-0.1276728,True,pano_1000,train
1001,node/6110689739,51.5073789,-0.1276391,True,pano_1001,train
1002,node/6110689740,51.5073789,-0.1276536,True,pano_1002,train
1003,node/6173148416,51.5076897,-0.1231467,True,pano_1003,train
1004,node/6173728478,51.5086492,-0.1278316,True,pano_1004,validation
1005,node/6173728479,51.5092128,-0.1275089,True,pano_1005,test
1006,node/6173728481,51.5086288,-0.1297549,True,pano_1006,validation
1007,node/6173728482,51.5087164,-0.1278617,True,pano_1007,validation
1008,node/6173732686,51.5085379,-0.1285246,True,pano_1008,validation
1009,node/6173732688,51.5086559,-0.1280648,True,pano_1009,validation
1010,node/6173732689,51.5085798,-0.1285145,True,pano_1010,validation
1011,node/6173732690,51.5088418,-0.1291972,True,pano_1011,validation
1012,node/6173732691,51.5088834,-0.1295171,True,pano_1012,validation
1013,node/6173732694,51.5089528,-0.129755,True,pano_1013,validation
1014,node/6173732695,51.5087415,-0.1296711,True,pano_1014,validation
1015,node/6173732696,51.5087702,-0.1295865,True,pano_1015,validation
1016,node/6173732697,51.5085922,-0.1284377,True,pano_1016,validation
1017,node/6173732698,51.5086166,-0.1282919,True,pano_1017,validation
1018,node/6173732699,51.5088489,-0.1295226,True,pano_1018,validation
1019,node/6173732700,51.5088113,-0.1296141,True,pano_1019,validation
1020,node/6173732701,51.5088414,-0.12961,True,pano_1020,validation
1021,node/6173732706,51.5087133,-0.1294586,True,pano_1021,validation
1022,node/6173732707,51.5086211,-0.128021,True,pano_1022,validation
1023,node/6173732708,51.5088062,-0.1293875,True,pano_1023,validation
1024,node/6173732710,51.5086488,-0.1283059,True,pano_1024,validation
1025,node/6173732711,51.5087796,-0.1295378,True,pano_1025,validation
1026,node/6173732712,51.5084543,-0.1295622,True,pano_1026,validation
1027,node/6173732716,51.5086706,-0.1294201,True,pano_1027,validation
1028,node/6173732717,51.5087438,-0.1294136,True,pano_1028,validation
1029,node/6173732719,51.5085458,-0.1294853,True,pano_1029,validation
1030,node/6173732720,51.5087302,-0.129569,True,pano_1030,validation
1031,node/6173732722,51.508536,-0.1285236,True,pano_1031,validation
1032,node/6173732723,51.5086422,-0.1281478,True,pano_1032,validation
1033,node/6173732724,51.5085556,-0.1277905,True,pano_1033,validation
1034,node/6173732725,51.5094337,-0.1276075,True,pano_1034,test
1035,node/6173732726,51.5086174,-0.1280192,True,pano_1035,validation
1036,node/6173732729,51.5088298,-0.129455,True,pano_1036,validation
1037,node/6173740395,51.5094529,-0.1300294,True,pano_1037,test
1038,node/6173740396,51.509435,-0.1299855,True,pano_1038,test
1039,node/6214704100,51.5093715,-0.1306681,True,pano_1039,test
1040,node/6214704103,51.5094959,-0.1307736,True,pano_1040,test
1041,node/6214704104,51.5097967,-0.131025,True,pano_1041,test
1042,node/6214704106,51.5094629,-0.1307461,True,pano_1042,test
1043,node/6214704109,51.5094364,-0.1308496,True,pano_1043,test
1044,node/6214704110,51.5094703,-0.1308802,True,pano_1044,test
1045,node/6311518054,51.5093506,-0.1306227,True,pano_1045,test
1046,node/6329186455,51.5073356,-0.1323596,True,pano_1046,train
1047,node/6337577695,51.5079665,-0.1277732,True,pano_1047,train
1048,node/6337577700,51.5080368,-0.1280492,True,pano_1048,train
1049,node/6451705800,51.5072867,-0.1281972,True,pano_1049,train
1050,node/6451705801,51.5073165,-0.1282854,True,pano_1050,train
1051,node/6451705802,51.5072677,-0.1281491,True,pano_1051,train
1052,node/6451705803,51.5073329,-0.1282916,True,pano_1052,train
1053,node/6460586858,51.5087525,-0.1248901,True,pano_1053,validation
1054,node/6460586859,51.5085767,-0.1245765,True,pano_1054,validation
1055,node/6460586860,51.5090247,-0.125847,True,pano_1055,validation
1056,node/6460586862,51.5087249,-0.1249431,True,pano_1056,validation
1057,node/6524302796,51.5097603,-0.1309708,True,pano_1057,test
1058,node/6782338922,51.5094752,-0.1299029,True,pano_1058,test
1059,node/6782338927,51.5097216,-0.1299875,True,pano_1059,test
1060,node/6828823952,51.5089963,-0.124388,True,pano_1060,validation
1061,node/6914179453,51.507309,-0.1323021,True,pano_1061,train
1062,node/6914179455,51.5072481,-0.1322494,True,pano_1062,train
1063,node/7004389763,51.5066278,-0.1250766,True,pano_1063,train
1064,node/7004389764,51.5064494,-0.1252829,True,pano_1064,train
1065,node/7043031189,51.507094,-0.127609,True,pano_1065,train
1066,node/7043031190,51.5070425,-0.1275615,True,pano_1066,train
1067,node/7066266060,51.5076869,-0.1231405,True,pano_1067,train
1068,node/7179984682,51.5086502,-0.126756,True,pano_1068,validation
1069,node/7182509584,51.5082939,-0.1256731,True,pano_1069,train
1070,node/7246243169,51.5059712,-0.1305263,True,pano_1070,train
1071,node/7246243170,51.5060166,-0.1310528,True,pano_1071,train
1072,node/7246243171,51.5063459,-0.1296231,True,pano_1072,train
1073,node/7246243172,51.5059429,-0.1305978,True,pano_1073,train
1074,node/7246243173,51.5058685,-0.1310445,True,pano_1074,train
1075,node/7246243175,51.5055908,-0.1314734,True,pano_1075,train
1076,node/7246321386,51.5058435,-0.1311495,True,pano_1076,train
1077,node/7246321387,51.5058561,-0.1313176,True,pano_1077,train
1078,node/7246321388,51.5060098,-0.130437,True,pano_1078,train
1079,node/7246321390,51.5057507,-0.1313971,True,pano_1079,train
1080,node/7246321391,51.5056307,-0.1313766,True,pano_1080,train
1081,node/7246342276,51.5083287,-0.1292761,True,pano_1081,train
1082,node/7246342996,51.5057363,-0.1305421,True,pano_1082,train
1083,node/7488376904,51.5070141,-0.1299113,True,pano_1083,train
1084,node/7638981098,51.5067269,-0.1288643,True,pano_1084,train
1085,node/7638981099,51.5068172,-0.1286487,True,pano_1085,train
1086,node/7638981100,51.506639,-0.1290508,True,pano_1086,train
1087,node/7638981101,51.5067667,-0.1287732,True,pano_1087,train
1088,node/7639001104,51.5074554,-0.1287906,True,pano_1088,train
1089,node/7639001105,51.5076961,-0.1303226,True,pano_1089,train
1090,node/7639001106,51.5076161,-0.1300035,True,pano_1090,train
1091,node/7639001107,51.5075323,-0.1289715,True,pano_1091,train
1092,node/7639001109,51.5074654,-0.1288807,True,pano_1092,train
1093,node/7639001110,51.5075468,-0.1289,True,pano_1093,train
1094,node/7835565017,51.5079311,-0.1272413,True,pano_1094,train
1095,node/7894271640,51.5090773,-0.1267444,True,pano_1095,test
1096,node/7894271658,51.5058318,-0.1274241,True,pano_1096,train
1097,node/7894271666,51.5063323,-0.1281683,True,pano_1097,train
1098,node/7894271677,51.5065972,-0.1273918,True,pano_1098,train
1099,node/7894271678,51.5066773,-0.1274327,True,pano_1099,train
1100,node/7894271679,51.5065877,-0.1274361,True,pano_1100,train
1101,node/7894271680,51.506669,-0.1274757,True,pano_1101,train
1102,node/7894448059,51.5085751,-0.1285405,True,pano_1102,validation
1103,node/7894448060,51.5095271,-0.1295722,True,pano_1103,test
1104,node/8094426709,51.506805,-0.1306912,True,pano_1104,train
1105,node/8094426710,51.5067429,-0.130635,True,pano_1105,train
1106,node/8094426711,51.5067087,-0.1306192,True,pano_1106,train
1107,node/8094426712,51.5066876,-0.130639,True,pano_1107,train
1108,node/8094426713,51.5065471,-0.1310239,True,pano_1108,train
1109,node/8094426714,51.5066414,-0.1311535,True,pano_1109,train
1110,node/8094435222,51.506839,-0.1305952,True,pano_1110,train
1111,node/8094435223,51.5067796,-0.1305424,True,pano_1111,train
1112,node/8094435224,51.5067536,-0.1305158,True,pano_1112,train
1113,node/8094435225,51.5067452,-0.1304662,True,pano_1113,train
1114,node/8094435226,51.5068264,-0.1302382,True,pano_1114,train
1115,node/8094435227,51.5068531,-0.1302155,True,pano_1115,train
1116,node/8094435228,51.50689,-0.130228,True,pano_1116,train
1117,node/8094435229,51.5069501,-0.1302813,True,pano_1117,train
1118,node/8094435233,51.5074567,-0.1297991,True,pano_1118,train
1119,node/8094435234,51.5073892,-0.1302838,True,pano_1119,train
1120,node/8094435235,51.5074551,-0.130233,True,pano_1120,train
1121,node/8094435238,51.5074242,-0.1303654,True,pano_1121,train
1122,node/8094435239,51.5071336,-0.1300824,True,pano_1122,train
1123,node/8094435240,51.5071476,-0.1300365,True,pano_1123,train
1124,node/8251916882,51.5048073,-0.129905,True,pano_1124,train
1125,node/8281125782,51.5035948,-0.1363201,False,,
1126,node/8281142559,51.5058676,-0.1313445,True,pano_1126,train
1127,node/8567344306,51.5077846,-0.1304069,True,pano_1127,train
1128,node/8567344307,51.507882,-0.1304816,True,pano_1128,train
1129,node/8592487212,51.5086963,-0.1251879,True,pano_1129,validation
1130,node/8592487213,51.5085187,-0.1249313,True,pano_1130,validation
1131,node/8785099043,51.5094384,-0.1299419,True,pano_1131,test
1132,node/8785099044,51.5094493,-0.1298849,True,pano_1132,test
1133,node/8785099045,51.5089445,-0.1296752,True,pano_1133,validation
1134,node/8785099050,51.5075169,-0.1283028,True,pano_1134,train
1135,node/8785109574,51.5070687,-0.1283833,True,pano_1135,train
1136,node/8785109575,51.5070988,-0.1286237,True,pano_1136,train
1137,node/8785139490,51.5046543,-0.129755,True,pano_1137,train
1138,node/8785721373,51.5103366,-0.1282226,True,pano_1138,test
1139,node/8785721381,51.5098782,-0.1285287,True,pano_1139,test
1140,node/8795437032,51.5095043,-0.1300584,True,pano_1140,test
1141,node/8795437033,51.5099512,-0.130141,True,pano_1141,test
1142,node/8881121077,51.5056556,-0.1308287,True,pano_1142,train
1143,node/8881121078,51.5049382,-0.1325603,True,pano_1143,train
1144,node/8881121079,51.504303,-0.1341191,True,pano_1144,train
1145,node/8881121080,51.503938,-0.1350019,True,pano_1145,train
1146,node/8881121081,51.5038163,-0.1353177,True,pano_1146,train
1147,node/8892999141,51.5064014,-0.131679,True,pano_1147,train
1148,node/8898435848,51.5095826,-0.1276068,True,pano_1148,test
1149,node/8898435850,51.5095185,-0.1271351,True,pano_1149,test
1150,node/8898435851,51.509497,-0.1271359,True,pano_1150,test
1151,node/8907854836,51.503835,-0.1357307,False,,
1152,node/8930941096,51.5080253,-0.1241163,True,pano_1152,train
1153,node/8974777294,51.5077905,-0.1273169,True,pano_1153,train
1154,node/9072433955,51.5093624,-0.1306202,True,pano_1154,test
1155,node/9072433956,51.5093503,-0.1307044,True,pano_1155,test
1156,node/9072433957,51.5093379,-0.1307423,True,pano_1156,test
1157,node/9072433958,51.5095083,-0.1299633,True,pano_1157,test
1158,node/9072433959,51.5094979,-0.1299163,True,pano_1158,test
1159,node/9072433960,51.5094504,-0.1300035,True,pano_1159,test
1160,node/9072433961,51.5094248,-0.1298564,True,pano_1160,test
1161,node/9196481951,51.5093011,-0.1272148,True,pano_1161,test
1162,node/9196481953,51.5093668,-0.1273204,True,pano_1162,test
1163,node/9196481954,51.5095354,-0.127295,True,pano_1163,test
1164,node/9196481969,51.509435,-0.1269533,True,pano_1164,test
1165,node/9196481971,51.5094463,-0.1271139,True,pano_1165,test
1166,node/9196481972,51.5094531,-0.1271681,True,pano_1166,test
1167,node/9196481973,51.5094555,-0.1271888,True,pano_1167,test
1168,node/9196481974,51.5094552,-0.1272073,True,pano_1168,test
1169,node/9196481975,51.509451,-0.1272256,True,pano_1169,test
1170,node/9196481977,51.5094391,-0.1272509,True,pano_1170,test
1171,node/9196481978,51.5094271,-0.1272616,True,pano_1171,test
1172,node/9196481980,51.5094067,-0.1272648,True,pano_1172,test
1173,node/9196481990,51.5095616,-0.1285607,True,pano_1173,test
1174,node/9306679506,51.5061251,-0.1270992,True,pano_1174,train
1175,node/9306679507,51.5061536,-0.1269801,True,pano_1175,train
1176,node/9306709751,51.5053955,-0.126597,True,pano_1176,train
1177,node/9344480900,51.5087014,-0.1271897,True,pano_1177,validation
1178,node/9344480901,51.5085713,-0.1269206,True,pano_1178,validation
1179,node/9344480902,51.5085899,-0.1267589,True,pano_1179,validation
1180,node/9344480903,51.5085928,-0.1263032,True,pano_1180,validation
1181,node/9344480906,51.509233,-0.1272755,True,pano_1181,test
1182,node/9344480907,51.5092581,-0.1273788,True,pano_1182,test
1183,node/9344480908,51.5091166,-0.1272546,True,pano_1183,test
1184,node/9344480909,51.5095273,-0.1269379,True,pano_1184,test
1185,node/9344480910,51.5080027,-0.1269767,True,pano_1185,train
1186,node/9344480911,51.5079603,-0.1270414,True,pano_1186,train
1187,node/9344480912,51.5080026,-0.1266547,True,pano_1187,train
1188,node/9344625083,51.5090775,-0.1269101,True,pano_1188,test
1189,node/9344625084,51.5090454,-0.1270607,True,pano_1189,test
1190,node/9344625085,51.5095285,-0.1258963,True,pano_1190,test
1191,node/9344625086,51.5095919,-0.1258839,True,pano_1191,test
1192,node/9344625087,51.5095692,-0.1258941,True,pano_1192,test
1193,node/9344625088,51.5094492,-0.1258922,True,pano_1193,test
1194,node/9344625089,51.5094895,-0.125404,True,pano_1194,test
1195,node/9344625101,51.5095559,-0.1254064,True,pano_1195,test
1196,node/9344625102,51.5095794,-0.1254067,True,pano_1196,test
1197,node/9344625103,51.509734,-0.1254029,True,pano_1197,test
1198,node/9344625116,51.5095402,-0.1261288,True,pano_1198,test
1199,node/9344627617,51.5096371,-0.1269354,True,pano_1199,test
1200,node/9344627632,51.5090794,-0.1261687,True,pano_1200,test
1201,node/9344627718,51.5080225,-0.1269915,True,pano_1201,train
1202,node/9344627719,51.5080353,-0.1269947,True,pano_1202,train
1203,node/9344627720,51.5080554,-0.1269962,True,pano_1203,train
1204,node/9344627721,51.5079917,-0.1268152,True,pano_1204,train
1205,node/9344627722,51.5079812,-0.1268334,True,pano_1205,train
1206,node/9344627723,51.5079739,-0.1268549,True,pano_1206,train
1207,node/9344627725,51.5079561,-0.1269781,True,pano_1207,train
1208,node/9344627726,51.5079585,-0.1269523,True,pano_1208,train
1209,node/9344627727,51.5079901,-0.1269599,True,pano_1209,train
1210,node/9344627736,51.5080074,-0.1269634,True,pano_1210,train
1211,node/9344627739,51.5080561,-0.1269814,True,pano_1211,train
1212,node/9344627749,51.5078454,-0.1267714,True,pano_1212,train
1213,node/9398094483,51.5080763,-0.1313862,True,pano_1213,train
1214,node/9398094486,51.5078715,-0.1311444,True,pano_1214,train
1215,node/9398094487,51.5078447,-0.1312345,True,pano_1215,train
1216,node/9398094488,51.5075988,-0.1312512,True,pano_1216,train
1217,node/9398094489,51.5076771,-0.1312377,True,pano_1217,train
1218,node/9398094490,51.5076179,-0.131189,True,pano_1218,train
1219,node/9515138125,51.5068544,-0.1282243,True,pano_1219,train
1220,node/9515138126,51.5068806,-0.128304,True,pano_1220,train
1221,node/9515138127,51.5069332,-0.1282409,True,pano_1221,train
1222,node/9515138128,51.5064949,-0.1293696,True,pano_1222,train
1223,node/9579008282,51.5094892,-0.1268835,True,pano_1223,test
1224,node/9579008283,51.5094798,-0.1272015,True,pano_1224,test
1225,node/9579008284,51.509486,-0.1269446,True,pano_1225,test
1226,node/9611270354,51.5070749,-0.1276456,True,pano_1226,train
1227,node/9611270357,51.5058797,-0.1270888,True,pano_1227,train
1228,node/9611270358,51.507064,-0.1278416,True,pano_1228,train
1229,node/9611270359,51.5070357,-0.1276406,True,pano_1229,train
1230,node/9611270360,51.5070013,-0.1276131,True,pano_1230,train
1231,node/9611270361,51.5069484,-0.1275816,True,pano_1231,train
1232,node/9611270362,51.5067903,-0.1274998,True,pano_1232,train
1233,node/9611270363,51.5066953,-0.1274523,True,pano_1233,train
1234,node/9611270364,51.5066834,-0.1274318,True,pano_1234,train
1235,node/9611270365,51.5066751,-0.1274235,True,pano_1235,train
1236,node/9611270366,51.5065955,-0.1273825,True,pano_1236,train
1237,node/9611270367,51.5065868,-0.1273813,True,pano_1237,train
1238,node/9611270368,51.5065731,-0.127386,True,pano_1238,train
1239,node/9611270369,51.5065633,-0.1273869,True,pano_1239,train
1240,node/9611270370,51.5063153,-0.127272,True,pano_1240,train
1241,node/9611270371,51.506069,-0.1271415,True,pano_1241,train
1242,node/9611270373,51.5058938,-0.1270878,True,pano_1242,train
1243,node/9611270374,51.5058827,-0.1270664,True,pano_1243,train
1244,node/9611270375,51.5059115,-0.1270578,True,pano_1244,train
1245,node/9611270377,51.5060514,-0.1271196,True,pano_1245,train
1246,node/9611270378,51.5060979,-0.1271387,True,pano_1246,train
1247,node/9611270379,51.506205,-0.1271872,True,pano_1247,train
1248,node/9611270380,51.5063199,-0.1272426,True,pano_1248,train
1249,node/9611270381,51.5064256,-0.1272893,True,pano_1249,train
1250,node/9611270382,51.5065379,-0.1273477,True,pano_1250,train
1251,node/9611270383,51.5066182,-0.1273831,True,pano_1251,train
1252,node/9611270384,51.5067015,-0.1274233,True,pano_1252,train
1253,node/9611270385,51.506781,-0.1274649,True,pano_1253,train
1254,node/9611270386,51.5069164,-0.1275297,True,pano_1254,train
1255,node/9611270387,51.5069945,-0.1275688,True,pano_1255,train
1256,node/9611270388,51.5070227,-0.1275851,True,pano_1256,train
1257,node/9611270389,51.5070445,-0.1276034,True,pano_1257,train
1258,node/9611270390,51.5070629,-0.1276268,True,pano_1258,train
1259,node/9611270391,51.5070879,-0.1276746,True,pano_1259,train
1260,node/9611270392,51.5071021,-0.1277344,True,pano_1260,train
1261,node/9611270393,51.5071041,-0.1277627,True,pano_1261,train
1262,node/9611270394,51.5071041,-0.1277863,True,pano_1262,train
1263,node/9611270395,51.5071014,-0.1278167,True,pano_1263,train
1264,node/9611270396,51.5070968,-0.1278483,True,pano_1264,train
1265,node/9611270397,51.5070853,-0.1278825,True,pano_1265,train
1266,node/9611270398,51.5070724,-0.1279083,True,pano_1266,train
1267,node/9611270399,51.5070244,-0.128,True,pano_1267,train
1268,node/9611270400,51.5069775,-0.1280666,True,pano_1268,train
1269,node/9611270401,51.5069674,-0.1280755,True,pano_1269,train
1270,node/9611270402,51.5069542,-0.1280778,True,pano_1270,train
1271,node/9611270403,51.5069384,-0.1280761,True,pano_1271,train
1272,node/9611270404,51.5069222,-0.1280736,True,pano_1272,train
1273,node/9611270405,51.5069131,-0.1280667,True,pano_1273,train
1274,node/9611270406,51.5069055,-0.1280571,True,pano_1274,train
1275,node/9611270407,51.5068974,-0.128034,True,pano_1275,train
1276,node/9611270408,51.5068898,-0.1280278,True,pano_1276,train
1277,node/9611270409,51.5068219,-0.1279889,True,pano_1277,train
1278,node/9611270410,51.5068248,-0.1279759,True,pano_1278,train
1279,node/9611270411,51.506859,-0.1280144,True,pano_1279,train
1280,node/9611270415,51.5063528,-0.1277832,True,pano_1280,train
1281,node/9611283817,51.5068234,-0.127982,True,pano_1281,train
1282,node/9611283818,51.5067887,-0.1279675,True,pano_1282,train
1283,node/9764856847,51.5089564,-0.1271004,True,pano_1283,validation
1284,node/9764856848,51.5087185,-0.1271205,True,pano_1284,validation
1285,node/9764856849,51.5087661,-0.1271165,True,pano_1285,validation
1286,node/9781435141,51.5071237,-0.1280889,True,pano_1286,train
1287,node/9855564979,51.5056839,-0.131252,True,pano_1287,train
1288,node/9856110001,51.5088821,-0.1319079,True,pano_1288,validation
1289,node/9904350254,51.5084293,-0.1249756,True,pano_1289,validation
1290,node/9904350255,51.5080572,-0.1242821,True,pano_1290,train
1291,node/9904350256,51.5084321,-0.1249821,True,pano_1291,validation
1292,node/9904350257,51.5083353,-0.1251187,True,pano_1292,train
1293,node/9904350258,51.5081429,-0.125393,True,pano_1293,train
1294,node/9966768672,51.5074255,-0.1270205,True,pano_1294,train
1295,node/9966768673,51.5075507,-0.127088,True,pano_1295,train
1296,node/9966768674,51.5073006,-0.1268477,True,pano_1296,train
1297,node/9966768675,51.5073276,-0.1271061,True,pano_1297,train
1298,node/9966768676,51.5071341,-0.127393,True,pano_1298,train
1299,node/9966768677,51.5072204,-0.1279382,True,pano_1299,train
1300,node/9966768678,51.5077858,-0.1268157,True,pano_1300,train
1301,node/9966768679,51.5074298,-0.1288539,True,pano_1301,train
1302,node/9989435812,51.5074062,-0.1288597,True,pano_1302,train
1303,node/9989466520,51.5073039,-0.1282618,True,pano_1303,train
1304,node/10151588004,51.5047129,-0.1298307,True,pano_1304,train
1305,node/10266793049,51.5062438,-0.1292392,True,pano_1305,train
1306,node/10273185915,51.5092441,-0.130976,True,pano_1306,test
1307,node/10273185935,51.5094245,-0.1303805,True,pano_1307,test
1308,node/10311480659,51.5057848,-0.1305448,True,pano_1308,train
1309,node/10311480660,51.505724,-0.1306851,True,pano_1309,train
1310,node/10311480661,51.5060461,-0.1299709,True,pano_1310,train
1311,node/10567820842,51.5055247,-0.1307784,True,pano_1311,train
1312,node/10567820844,51.5049006,-0.1300019,True,pano_1312,train
1313,node/10621539398,51.5096781,-0.1299471,True,pano_1313,test
1314,node/10621539400,51.5098376,-0.1284479,True,pano_1314,test
1315,node/10621539402,51.5094387,-0.1270322,True,pano_1315,test
1316,node/10621539403,51.5091788,-0.1271654,True,pano_1316,test
1317,node/10621539404,51.5089375,-0.1271289,True,pano_1317,validation
1318,node/10621539405,51.5089429,-0.126939,True,pano_1318,validation
1319,node/10621539406,51.5091031,-0.1269047,True,pano_1319,test
1320,node/10621539407,51.509435,-0.1269071,True,pano_1320,test
1321,node/10621539408,51.5089383,-0.1271019,True,pano_1321,validation
1322,node/10621539409,51.5090423,-0.1271447,True,pano_1322,test
1323,node/10621539410,51.5086497,-0.1271173,True,pano_1323,validation
1324,node/10621539411,51.5094493,-0.1271376,True,pano_1324,test
1325,node/10621539412,51.5080498,-0.1268965,True,pano_1325,train
1326,node/10621539413,51.5080132,-0.1267369,True,pano_1326,train
1327,node/10621539414,51.5079254,-0.1268587,True,pano_1327,train
1328,node/10621539415,51.507867,-0.1269695,True,pano_1328,train
1329,node/10658069653,51.5088498,-0.1294739,True,pano_1329,validation
1330,node/10658069654,51.5088371,-0.1295204,True,pano_1330,validation
1331,node/10658069655,51.5087357,-0.129475,True,pano_1331,validation
1332,node/10658088672,51.509313,-0.129021,True,pano_1332,test
1333,node/10658088673,51.5095684,-0.1284657,True,pano_1333,test
1334,node/10658088674,51.5095396,-0.1289009,True,pano_1334,test
1335,node/10658088675,51.5094686,-0.1291222,True,pano_1335,test
1336,node/10658088684,51.5086604,-0.1280376,True,pano_1336,validation
1337,node/10658088686,51.5085463,-0.1293717,True,pano_1337,validation
1338,node/10658088687,51.5082099,-0.1296224,True,pano_1338,train
1339,node/10658088688,51.5082629,-0.1294629,True,pano_1339,train
1340,node/10658380996,51.5073727,-0.1276153,True,pano_1340,train
1341,node/10658380997,51.5073558,-0.1275962,True,pano_1341,train
1342,node/10658380998,51.5073462,-0.1275902,True,pano_1342,train
1343,node/10771270112,51.5081605,-0.1284905,True,pano_1343,train
1344,node/10771270114,51.507917,-0.1273317,True,pano_1344,train
1345,node/10771270115,51.5078853,-0.1274855,True,pano_1345,train
1346,node/10771270116,51.5075591,-0.1275775,True,pano_1346,train
1347,node/10771270117,51.5078795,-0.1274347,True,pano_1347,train
1348,node/10771270118,51.5075521,-0.1275255,True,pano_1348,train
1349,node/10771270119,51.5074834,-0.1277573,True,pano_1349,train
1350,node/10771270120,51.5074727,-0.1277286,True,pano_1350,train
1351,node/10771270121,51.5074303,-0.1277301,True,pano_1351,train
1352,node/10771270122,51.5074196,-0.127757,True,pano_1352,train
1353,node/10771270125,51.5074273,-0.1277048,True,pano_1353,train
1354,node/10771270126,51.5074702,-0.1277051,True,pano_1354,train
1355,node/10774399273,51.5074132,-0.1289646,True,pano_1355,train
1356,node/10884027696,51.5097783,-0.1255234,True,pano_1356,test
1357,node/10884027697,51.5096257,-0.1242514,True,pano_1357,test
1358,node/10884027698,51.50967,-0.1257745,True,pano_1358,test
1359,node/10979651332,51.5063885,-0.1235857,True,pano_1359,train
1360,node/11005677641,51.5096381,-0.1280996,True,pano_1360,test
1361,node/11005677642,51.5097301,-0.1278722,True,pano_1361,test
1362,node/11005677643,51.5096715,-0.1280535,True,pano_1362,test
1363,node/11005677644,51.5095872,-0.1281082,True,pano_1363,test
1364,node/11027315525,51.5053468,-0.1310881,True,pano_1364,train
1365,node/11027315526,51.5053934,-0.1311,True,pano_1365,train
1366,node/11027315527,51.5054332,-0.13114,True,pano_1366,train
1367,node/11027315528,51.5054176,-0.1312085,True,pano_1367,train
1368,node/11027315529,51.5053709,-0.1311611,True,pano_1368,train
1369,node/11042062152,51.5096798,-0.1284521,True,pano_1369,test
1370,node/11135307178,51.5075162,-0.1228041,True,pano_1370,train
1371,node/11205759213,51.5075215,-0.1289843,True,pano_1371,train
1372,node/11309776198,51.5094222,-0.1318527,True,pano_1372,test
1373,node/11309776216,51.5092634,-0.1322554,True,pano_1373,test
1374,node/11309776217,51.5088245,-0.1318891,True,pano_1374,validation
1375,node/11309776218,51.5089148,-0.1319679,True,pano_1375,validation
1376,node/11342975354,51.5073209,-0.1280245,True,pano_1376,train
1377,node/11362434568,51.5096185,-0.1281204,True,pano_1377,test
1378,node/11405967322,51.5084683,-0.1257064,True,pano_1378,validation
1379,node/11546058543,51.5070889,-0.1291249,True,pano_1379,train
1380,node/11546058545,51.5065484,-0.1310514,True,pano_1380,train
1381,node/11546058546,51.5065563,-0.1310742,True,pano_1381,train
1382,node/11546058547,51.5067671,-0.1296593,True,pano_1382,train
1383,node/11546058548,51.5067917,-0.1295862,True,pano_1383,train
1384,node/11546058549,51.5067851,-0.1290572,True,pano_1384,train
1385,node/11546058550,51.5067742,-0.1289304,True,pano_1385,train
1386,node/11546105698,51.5066227,-0.1286656,True,pano_1386,train
1387,node/11546105710,51.5067285,-0.1282579,True,pano_1387,train
1388,node/11546105714,51.5071874,-0.1295192,True,pano_1388,train
1389,node/11546105715,51.5072204,-0.1296412,True,pano_1389,train
1390,node/11546105716,51.5071907,-0.1300992,True,pano_1390,train
1391,node/11546105723,51.5073151,-0.1302387,True,pano_1391,train
1392,node/11546105725,51.5075664,-0.1300201,True,pano_1392,train
1393,node/11546105726,51.5072529,-0.130981,True,pano_1393,train
1394,node/11546105727,51.5072437,-0.1310574,True,pano_1394,train
1395,node/11597528133,51.5069974,-0.1252235,True,pano_1395,train
1396,node/11597528134,51.5069757,-0.1251052,True,pano_1396,train
1397,node/11666026550,51.5076211,-0.1271579,True,pano_1397,train
1398,node/11666026551,51.5076816,-0.1271894,True,pano_1398,train
1399,node/11666026552,51.5077563,-0.1271961,True,pano_1399,train
1400,node/11666026553,51.5078267,-0.1271709,True,pano_1400,train
1401,node/11666026554,51.5078811,-0.1271745,True,pano_1401,train
1402,node/11666026555,51.5079264,-0.1272008,True,pano_1402,train
1403,node/11666026556,51.5083852,-0.1292392,True,pano_1403,train
1404,node/11666026557,51.5083984,-0.1292674,True,pano_1404,validation
1405,node/11666026558,51.5084128,-0.1292712,True,pano_1405,validation
1406,node/11666026559,51.508432,-0.129265,True,pano_1406,validation
1407,node/11666026560,51.5084565,-0.1292512,True,pano_1407,validation
1408,node/11666026561,51.5084754,-0.1293147,True,pano_1408,validation
1409,node/11666026562,51.5079859,-0.1272921,True,pano_1409,train
1410,node/11730327940,51.5067611,-0.1291627,True,pano_1410,train
1411,node/11730327941,51.5067676,-0.1292473,True,pano_1411,train
1412,node/11740678156,51.5053809,-0.1267498,True,pano_1412,train
1413,node/11740678157,51.5055901,-0.1268388,True,pano_1413,train
1414,node/11740678158,51.5054877,-0.1267944,True,pano_1414,train
1415,node/11775976671,51.5043322,-0.1309689,True,pano_1415,train
1416,node/11775976672,51.504308,-0.1309731,True,pano_1416,train
1417,node/11775976673,51.5042839,-0.1309773,True,pano_1417,train
1418,node/11775976674,51.5042558,-0.1309849,True,pano_1418,train
1419,node/11775976677,51.5053274,-0.1310874,True,pano_1419,train
1420,node/12047627818,51.5050081,-0.1246954,True,pano_1420,train
1421,node/12047627819,51.5062012,-0.1241996,True,pano_1421,train
1422,node/12047627820,51.5062481,-0.1241296,True,pano_1422,train
1423,node/12147812834,51.504168,-0.1327076,True,pano_1423,train
1424,node/12147812835,51.5041997,-0.1327154,True,pano_1424,train
1425,node/12147812837,51.5047088,-0.1321133,True,pano_1425,train
1426,node/12147812838,51.5048212,-0.1319611,True,pano_1426,train
1427,node/12147812839,51.5050123,-0.131674,True,pano_1427,train
1428,node/12147812840,51.5052965,-0.1311782,True,pano_1428,train
1429,node/12147812841,51.5052566,-0.1311702,True,pano_1429,train
1430,node/12147812842,51.5051861,-0.1313156,True,pano_1430,train
1431,node/12147812843,51.5049906,-0.1316316,True,pano_1431,train
1432,node/12147812844,51.5047973,-0.1319087,True,pano_1432,train
1433,node/12147812845,51.5041812,-0.1326778,True,pano_1433,train
1434,node/12147812846,51.5046945,-0.1320878,True,pano_1434,train
1435,node/12147812847,51.5046878,-0.1320634,True,pano_1435,train
1436,node/12147812848,51.5049948,-0.1316623,True,pano_1436,train
1437,node/12147812849,51.5053022,-0.1311532,True,pano_1437,train
1438,node/12147812859,51.5052054,-0.131352,True,pano_1438,train
1439,node/12147812860,51.5050967,-0.1310987,True,pano_1439,train
1440,node/12147812861,51.5052649,-0.131126,True,pano_1440,train
1441,node/12147812869,51.5053458,-0.1311568,True,pano_1441,train
1442,node/12147812870,51.5054505,-0.1312368,True,pano_1442,train
1443,node/12147812871,51.5054567,-0.1311955,True,pano_1443,train
1444,node/12147812872,51.5052945,-0.1311205,True,pano_1444,train
1445,node/12147812873,51.5053405,-0.1311325,True,pano_1445,train
1446,node/12177122241,51.5095455,-0.1257486,True,pano_1446,test
1447,node/12177122242,51.509544,-0.1243873,True,pano_1447,test
1448,node/12177122243,51.5095561,-0.1243461,True,pano_1448,test
1449,node/12177122244,51.5095431,-0.1257928,True,pano_1449,test
1450,node/12177122245,51.5095431,-0.1260422,True,pano_1450,test
1451,node/12177122246,51.5095436,-0.125897,True,pano_1451,test
1452,node/12177122247,51.5095137,-0.1268734,True,pano_1452,test
1453,node/12288947946,51.5096265,-0.1258612,True,pano_1453,test
1454,node/12292507855,51.5083899,-0.124984,True,pano_1454,validation
1455,node/12336214721,51.5084609,-0.1235892,True,pano_1455,validation
1456,node/12363616374,51.5052231,-0.1267702,True,pano_1456,train
1457,node/12363616377,51.5052516,-0.1267877,True,pano_1457,train
1458,node/12363616379,51.5052307,-0.1267734,True,pano_1458,train
1459,node/12364602228,51.5049602,-0.1266656,True,pano_1459,train
1460,node/12364602229,51.5048869,-0.1266411,True,pano_1460,train
1461,node/12394151338,51.5073039,-0.1262897,True,pano_1461,train
1462,node/12394151339,51.5074558,-0.1269868,True,pano_1462,train
1463,node/12394151340,51.5075452,-0.1270185,True,pano_1463,train
1464,node/12394151342,51.5076156,-0.126988,True,pano_1464,train
1465,node/12394151343,51.5077429,-0.1268418,True,pano_1465,train
1466,node/12394151344,51.5077705,-0.1267954,True,pano_1466,train
1467,node/12394151345,51.5079644,-0.1264598,True,pano_1467,train
1468,node/12394151346,51.5080059,-0.1263775,True,pano_1468,train
1469,node/12394151348,51.508229,-0.1263052,True,pano_1469,train
1470,node/12394151349,51.5080319,-0.1267292,True,pano_1470,train
1471,node/12394151350,51.50792,-0.1269302,True,pano_1471,train
1472,node/12394151351,51.5080411,-0.12695,True,pano_1472,train
1473,node/12394151353,51.5079279,-0.1269041,True,pano_1473,train
1474,node/12394151354,51.5085221,-0.1270197,True,pano_1474,validation
1475,node/12394151355,51.5085217,-0.1263004,True,pano_1475,validation
1476,node/12394151356,51.5083775,-0.1273779,True,pano_1476,train
1477,node/12394151357,51.5086123,-0.1274073,True,pano_1477,validation
1478,node/12394151359,51.5084194,-0.1273968,True,pano_1478,validation
1479,node/12394151360,51.5074079,-0.1268468,True,pano_1479,train
1480,node/12394151361,51.5076944,-0.1269128,True,pano_1480,train
1481,node/12394151362,51.5080182,-0.1267463,True,pano_1481,train
1482,node/12394151363,51.5080281,-0.1267648,True,pano_1482,train
1483,node/12394151364,51.5080652,-0.1269615,True,pano_1483,train
1484,node/12394175586,51.5084592,-0.1274107,True,pano_1484,validation
1485,node/12394194946,51.5076405,-0.1291741,True,pano_1485,train
1486,node/12394194947,51.5076125,-0.1288329,True,pano_1486,train
1487,node/12394194948,51.5078724,-0.1289686,True,pano_1487,train
1488,node/12394194949,51.5082315,-0.1291306,True,pano_1488,train
1489,node/12394194950,51.5076342,-0.1290941,True,pano_1489,train
1490,node/12394194951,51.5077272,-0.1288865,True,pano_1490,train
1491,node/12394194952,51.5074097,-0.128913,True,pano_1491,train
1492,node/12394194953,51.5073472,-0.1289703,True,pano_1492,train
1493,node/12394194954,51.5071831,-0.1290198,True,pano_1493,train
1494,node/12394194955,51.5071469,-0.1289936,True,pano_1494,train
1495,node/12394194956,51.5071316,-0.1289982,True,pano_1495,train
1496,node/12394194957,51.5071121,-0.1290068,True,pano_1496,train
1497,node/12394194958,51.5071106,-0.1291114,True,pano_1497,train
1498,node/12394194959,51.507101,-0.1290124,True,pano_1498,train
1499,node/12394194960,51.5070594,-0.128655,True,pano_1499,train
1500,node/12394194961,51.5070609,-0.1286681,True,pano_1500,train
1501,node/12394194962,51.507087,-0.1286602,True,pano_1501,train
1502,node/12394194963,51.5071028,-0.1286547,True,pano_1502,train
1503,node/12394194964,51.5070711,-0.1286646,True,pano_1503,train
1504,node/12394194965,51.507136,-0.1273515,True,pano_1504,train
1505,node/12394194967,51.5072262,-0.1273209,True,pano_1505,train
1506,node/12394194968,51.5072792,-0.1272269,True,pano_1506,train
1507,node/12394194969,51.5072689,-0.1269752,True,pano_1507,train
1508,node/12394194970,51.5071566,-0.1263448,True,pano_1508,train
1509,node/12394247794,51.5072191,-0.1290089,True,pano_1509,train
1510,node/12394247795,51.507222,-0.1290333,True,pano_1510,train
1511,node/12394247796,51.5072277,-0.1290648,True,pano_1511,train
1512,node/12394247797,51.5072326,-0.1291066,True,pano_1512,train
1513,node/12394247798,51.507451,-0.1291282,True,pano_1513,train
1514,node/12394247799,51.5074359,-0.1290592,True,pano_1514,train
1515,node/12394247800,51.5072375,-0.1291348,True,pano_1515,train
1516,node/12394270001,51.507418,-0.1290349,True,pano_1516,train
1517,node/12394270002,51.5074164,-0.1290505,True,pano_1517,train
1518,node/12409466112,51.5055625,-0.1265764,True,pano_1518,train
1519,node/12409466113,51.5049757,-0.1263015,True,pano_1519,train
1520,node/12409466114,51.50495,-0.1262816,True,pano_1520,train
1521,node/12409466115,51.5049349,-0.1262223,True,pano_1521,train
1522,node/12409466116,51.5050088,-0.1263169,True,pano_1522,train
1523,node/12409466123,51.5050486,-0.124885,True,pano_1523,train
1524,node/12409466127,51.5050699,-0.1248587,True,pano_1524,train
1525,node/12409466128,51.5051946,-0.1247805,True,pano_1525,train
1526,node/12409534874,51.5060574,-0.1243916,True,pano_1526,train
1527,node/12409534875,51.5061261,-0.1243727,True,pano_1527,train
1528,node/12409534876,51.5061494,-0.1244039,True,pano_1528,train
1529,node/12409534877,51.506161,-0.1244553,True,pano_1529,train
1530,node/12409534878,51.506136,-0.1246042,True,pano_1530,train
1531,node/12409534879,51.505206,-0.1248331,True,pano_1531,train
1532,node/12409534880,51.5060717,-0.1244842,True,pano_1532,train
1533,node/12409534881,51.5057463,-0.1265799,True,pano_1533,train
1534,node/12409534882,51.5060275,-0.1255069,True,pano_1534,train
1535,node/12409534883,51.5060043,-0.1255876,True,pano_1535,train
1536,node/12409534884,51.5060445,-0.125478,True,pano_1536,train
1537,node/12409534885,51.5065164,-0.1236661,True,pano_1537,train
1538,node/12409563538,51.5065418,-0.1235962,True,pano_1538,train
1539,node/12409563541,51.5065809,-0.12355,True,pano_1539,train
1540,node/12409563542,51.5066372,-0.1235879,True,pano_1540,train
1541,node/12409563543,51.5068806,-0.1248675,True,pano_1541,train
1542,node/12409563544,51.5068779,-0.1249022,True,pano_1542,train
1543,node/12409563545,51.506892,-0.1249232,True,pano_1543,train
1544,node/12409563546,51.5068772,-0.1249086,True,pano_1544,train
1545,node/12409563547,51.5068448,-0.1249467,True,pano_1545,train
1546,node/12409563548,51.5066183,-0.1250531,True,pano_1546,train
1547,node/12409563549,51.5065521,-0.125107,True,pano_1547,train
1548,node/12409563550,51.5064873,-0.125173,True,pano_1548,train
1549,node/12409563551,51.506432,-0.1252864,True,pano_1549,train
1550,node/12409563552,51.5063868,-0.1254137,True,pano_1550,train
1551,node/12409563553,51.5063191,-0.1256788,True,pano_1551,train
1552,node/12409563554,51.5062921,-0.1257815,True,pano_1552,train
1553,node/12409563555,51.5062962,-0.1257662,True,pano_1553,train
1554,node/12409563556,51.5062591,-0.1258913,True,pano_1554,train
1555,node/12409563557,51.5059958,-0.1267945,True,pano_1555,train
1556,node/12409563558,51.506053,-0.125505,True,pano_1556,train
1557,node/12409563559,51.5063234,-0.1256621,True,pano_1557,train
1558,node/12409575613,51.5062849,-0.1258053,True,pano_1558,train
1559,node/12409575614,51.5059934,-0.1256281,True,pano_1559,train
1560,node/12409575615,51.5061776,-0.1264931,True,pano_1560,train
1561,node/12409575616,51.5064442,-0.1255846,True,pano_1561,train
1562,node/12409575617,51.5064689,-0.1254939,True,pano_1562,train
1563,node/12409575618,51.5064986,-0.1254002,True,pano_1563,train
1564,node/12409575619,51.506545,-0.1252972,True,pano_1564,train
1565,node/12409575620,51.506601,-0.1252246,True,pano_1565,train
1566,node/12409575621,51.5066594,-0.1251805,True,pano_1566,train
1567,node/12409575622,51.5068842,-0.1250757,True,pano_1567,train
1568,node/12409575623,51.506906,-0.1250895,True,pano_1568,train
1569,node/12409575624,51.506914,-0.1250674,True,pano_1569,train
1570,node/12409575625,51.5068947,-0.1249406,True,pano_1570,train
1571,node/12409575626,51.506927,-0.1251182,True,pano_1571,train
1572,node/12409575627,51.5070309,-0.1256902,True,pano_1572,train
1573,node/12409575628,51.5070311,-0.1246933,True,pano_1573,train
1574,node/12409575629,51.5068761,-0.1238121,True,pano_1574,train
1575,node/12409575630,51.5068601,-0.1237738,True,pano_1575,train
1576,node/12409575631,51.5070385,-0.1241003,True,pano_1576,train
1577,node/12409575632,51.5068452,-0.1236686,True,pano_1577,train
1578,node/12409575633,51.5068545,-0.1237341,True,pano_1578,train
1579,node/12409605335,51.5055988,-0.1265497,True,pano_1579,train
1580,node/12409605336,51.5056254,-0.1265116,True,pano_1580,train
1581,node/12409605337,51.5056434,-0.1264591,True,pano_1581,train
1582,node/12409605338,51.5057384,-0.1266368,True,pano_1582,train
1583,node/12409605339,51.5057141,-0.1266225,True,pano_1583,train
1584,node/12409605340,51.505611,-0.1265558,True,pano_1584,train
1585,node/12409605341,51.505656,-0.1265849,True,pano_1585,train
1586,node/12409605767,51.5061081,-0.1268652,True,pano_1586,train
1587,node/12409605768,51.5060823,-0.1269792,True,pano_1587,train
1588,node/12409605769,51.5060752,-0.1270044,True,pano_1588,train
1589,node/12409605770,51.5060536,-0.1271041,True,pano_1589,train
1590,node/12409605771,51.5060617,-0.1270666,True,pano_1590,train
1591,node/12409607243,51.5069185,-0.1236976,True,pano_1591,train
1592,node/12409607244,51.5068452,-0.1236371,True,pano_1592,train
1593,node/12409642401,51.5064308,-0.1270703,True,pano_1593,train
1594,node/12409642402,51.5066614,-0.1271914,True,pano_1594,train
1595,node/12409642403,51.5069837,-0.1273143,True,pano_1595,train
1596,node/12409642404,51.506075,-0.1268427,True,pano_1596,train
1597,node/12409642405,51.5061524,-0.1265655,True,pano_1597,train
1598,node/12409656099,51.5067961,-0.1280649,True,pano_1598,train
1599,node/12409656100,51.5065231,-0.1279498,True,pano_1599,train
1600,node/12409656701,51.5064886,-0.1279672,True,pano_1600,train
1601,node/12409656702,51.5064585,-0.1280084,True,pano_1601,train
1602,node/12409656703,51.5063143,-0.1290902,True,pano_1602,train
1603,node/12409656704,51.5064323,-0.1282047,True,pano_1603,train
1604,node/12409656705,51.5064806,-0.12795,True,pano_1604,train
1605,node/12409656706,51.5063815,-0.1279223,True,pano_1605,train
1606,node/12409656707,51.5064255,-0.1279325,True,pano_1606,train
1607,node/12409656708,51.5061948,-0.1293905,True,pano_1607,train
1608,node/12409656709,51.5061867,-0.1293535,True,pano_1608,train
1609,node/12409668065,51.5058027,-0.1305054,True,pano_1609,train
1610,node/12409668066,51.5058719,-0.1305225,True,pano_1610,train
1611,node/12409668067,51.5060254,-0.1306854,True,pano_1611,train
1612,node/12409668068,51.5057046,-0.1307257,True,pano_1612,train
1613,node/12409668069,51.5053207,-0.1299173,True,pano_1613,train
1614,node/12409668070,51.5063283,-0.1319014,True,pano_1614,train
1615,node/12409668071,51.5071128,-0.1300041,True,pano_1615,train
1616,node/12409668072,51.5065617,-0.131593,True,pano_1616,train
1617,node/12409668075,51.5065045,-0.1315403,True,pano_1617,train
1618,node/12409668076,51.5064621,-0.1315038,True,pano_1618,train
1619,node/12416112829,51.5071727,-0.1255053,True,pano_1619,train
1620,node/12416112830,51.5071324,-0.125278,True,pano_1620,train
1621,node/12416112831,51.5071223,-0.1252178,True,pano_1621,train
1622,node/12416112832,51.5071418,-0.125252,True,pano_1622,train
1623,node/12416112833,51.5071567,-0.1252666,True,pano_1623,train
1624,node/12416112834,51.5071911,-0.1252644,True,pano_1624,train
1625,node/12416112836,51.5071474,-0.125367,True,pano_1625,train
1626,node/12416112837,51.5072002,-0.1254186,True,pano_1626,train
1627,node/12416112838,51.507238,-0.1254123,True,pano_1627,train
1628,node/12416112839,51.5072636,-0.1254225,True,pano_1628,train
1629,node/12416112840,51.5072161,-0.1254146,True,pano_1629,train
1630,node/12416112841,51.5073075,-0.1254515,True,pano_1630,train
1631,node/12416112842,51.5077091,-0.1261277,True,pano_1631,train
1632,node/12416112843,51.5071819,-0.1254542,True,pano_1632,train
1633,node/12416112844,51.5071731,-0.1252696,True,pano_1633,train
1634,node/12416112845,51.5072147,-0.1252673,True,pano_1634,train
1635,node/12416112846,51.5072781,-0.1253097,True,pano_1635,train
1636,node/12416112847,51.5073238,-0.1253829,True,pano_1636,train
1637,node/12416112848,51.5077424,-0.1260699,True,pano_1637,train
1638,node/12416112849,51.5074352,-0.1255669,True,pano_1638,train
1639,node/12416112850,51.5074138,-0.1255318,True,pano_1639,train
1640,node/12416112851,51.5075891,-0.1258192,True,pano_1640,train
1641,node/12416112852,51.5076242,-0.1258748,True,pano_1641,train
1642,node/12416112853,51.5078543,-0.1254932,True,pano_1642,train
1643,node/12416112854,51.5074818,-0.1249477,True,pano_1643,train
1644,node/12416112855,51.5077889,-0.1255301,True,pano_1644,train
1645,node/12416112856,51.5078185,-0.1255987,True,pano_1645,train
1646,node/12416112857,51.5076886,-0.1257916,True,pano_1646,train
1647,node/12416112858,51.5076639,-0.1258271,True,pano_1647,train
1648,node/12416112859,51.5076276,-0.1258801,True,pano_1648,train
1649,node/12416112860,51.5083634,-0.12607,True,pano_1649,train
1650,node/12416112861,51.508581,-0.1256833,True,pano_1650,validation
1651,node/12416112862,51.5083035,-0.1257928,True,pano_1651,train
1652,node/12416112863,51.5086238,-0.125161,True,pano_1652,validation
1653,node/12416112866,51.5086076,-0.1251875,True,pano_1653,validation
1654,node/12416112867,51.5083846,-0.1255771,True,pano_1654,train
1655,node/12416112868,51.5083288,-0.1257335,True,pano_1655,train
1656,node/12416112869,51.5083453,-0.1257553,True,pano_1656,train
1657,node/12416112870,51.5084517,-0.1259017,True,pano_1657,validation
1658,node/12416112871,51.5075181,-0.1258079,True,pano_1658,train
1659,node/12416112872,51.5071547,-0.1254065,True,pano_1659,train
1660,node/12416112873,51.5076349,-0.1260024,True,pano_1660,train
1661,node/12416112874,51.5074409,-0.1256793,True,pano_1661,train
1662,node/12416134521,51.5085771,-0.126074,True,pano_1662,validation
1663,node/12416134522,51.5085219,-0.1262181,True,pano_1663,validation
1664,node/12416134523,51.5085351,-0.1261659,True,pano_1664,validation
1665,node/12416134524,51.5085258,-0.1261889,True,pano_1665,validation
1666,node/12416134525,51.5085736,-0.1256724,True,pano_1666,validation
1667,node/12416134526,51.5085816,-0.1256607,True,pano_1667,validation
1668,node/12416134527,51.5085807,-0.12566,True,pano_1668,validation
1669,node/12416134528,51.5085814,-0.1256675,True,pano_1669,validation
1670,node/12416134529,51.5085783,-0.1256632,True,pano_1670,validation
1671,node/12416134530,51.5086655,-0.1256047,True,pano_1671,validation
1672,node/12416134531,51.5085878,-0.1259485,True,pano_1672,validation
1673,node/12416134532,51.5086443,-0.125949,True,pano_1673,validation
1674,node/12416134533,51.5084062,-0.1258335,True,pano_1674,validation
1675,node/12416134534,51.5083858,-0.1258095,True,pano_1675,validation
1676,node/12416134539,51.5083826,-0.1242813,True,pano_1676,train
1677,node/12416134540,51.508408,-0.124261,True,pano_1677,validation
1678,node/12416134541,51.5086326,-0.1238995,True,pano_1678,validation
1679,node/12416134542,51.508634,-0.123891,True,pano_1679,validation
1680,node/12416134543,51.5086325,-0.1238818,True,pano_1680,validation
1681,node/12416134548,51.5083963,-0.1242766,True,pano_1681,validation
1682,node/12416134549,51.5084234,-0.1243651,True,pano_1682,validation
1683,node/12416134550,51.5086161,-0.1240575,True,pano_1683,validation
1684,node/12416134551,51.5086854,-0.1239456,True,pano_1684,validation
1685,node/12416134552,51.5086916,-0.1239451,True,pano_1685,validation
1686,node/12416134553,51.5087058,-0.1239684,True,pano_1686,validation
1687,node/12416134554,51.5085613,-0.1245973,True,pano_1687,validation
1688,node/12416134555,51.5084175,-0.1243529,True,pano_1688,validation
1689,node/12416134556,51.5083905,-0.1242975,True,pano_1689,validation
1690,node/12416134557,51.508402,-0.1243212,True,pano_1690,validation
1691,node/12416176824,51.5086575,-0.1239205,True,pano_1691,validation
1692,node/12416176833,51.5087136,-0.123911,True,pano_1692,validation
1693,node/12416244276,51.5073392,-0.1318529,True,pano_1693,train
1694,node/12416244279,51.5076146,-0.1310566,True,pano_1694,train
1695,node/12416244280,51.5076294,-0.1309881,True,pano_1695,train
1696,node/12416244281,51.507643,-0.1309188,True,pano_1696,train
1697,node/12416244282,51.5076453,-0.1308458,True,pano_1697,train
1698,node/12416244283,51.5076214,-0.130522,True,pano_1698,train
1699,node/12416244284,51.5075893,-0.1301726,True,pano_1699,train
1700,node/12416244285,51.5075866,-0.1301345,True,pano_1700,train
1701,node/12416244286,51.5075713,-0.1300898,True,pano_1701,train
1702,node/12416244287,51.5075431,-0.129986,True,pano_1702,train
1703,node/12416244288,51.5075275,-0.1298544,True,pano_1703,train
1704,node/12416244289,51.5074971,-0.1296257,True,pano_1704,train
1705,node/12416244290,51.5075619,-0.1300622,True,pano_1705,train
1706,node/12416244291,51.5075535,-0.1300282,True,pano_1706,train
1707,node/12416244292,51.5074947,-0.1318784,True,pano_1707,train
1708,node/12416244293,51.5077214,-0.1312089,True,pano_1708,train
1709,node/12416244294,51.5077537,-0.1312045,True,pano_1709,train
1710,node/12416244295,51.5082216,-0.131622,True,pano_1710,train
1711,node/12416244296,51.5077348,-0.1312006,True,pano_1711,train
1712,node/12416244297,51.5077916,-0.1312301,True,pano_1712,train
1713,node/12416244298,51.507797,-0.1312119,True,pano_1713,train
1714,node/12416244299,51.5078451,-0.131063,True,pano_1714,train
1715,node/12416244300,51.5080729,-0.1312206,True,pano_1715,train
1716,node/12416388301,51.5078406,-0.1310171,True,pano_1716,train
1717,node/12416388302,51.5078252,-0.1309924,True,pano_1717,train
1718,node/12416388303,51.5078189,-0.1309543,True,pano_1718,train
1719,node/12416388304,51.5078225,-0.1309182,True,pano_1719,train
1720,node/12416388305,51.5079849,-0.1304379,True,pano_1720,train
1721,node/12416388306,51.5078566,-0.1310303,True,pano_1721,train
1722,node/12416388307,51.5083829,-0.1317498,True,pano_1722,train
1723,node/12416388308,51.5083906,-0.1317854,True,pano_1723,validation
1724,node/12416388309,51.5083484,-0.131896,True,pano_1724,train
1725,node/12416388310,51.5083921,-0.1317662,True,pano_1725,validation
1726,node/12416388311,51.5080856,-0.1312277,True,pano_1726,train
1727,node/12416388312,51.5081008,-0.1312141,True,pano_1727,train
1728,node/12416388313,51.5082803,-0.1306724,True,pano_1728,train
1729,node/12416388314,51.508283,-0.1306557,True,pano_1729,train
1730,node/12416388315,51.5082759,-0.1306355,True,pano_1730,train
1731,node/12416388316,51.5080032,-0.1304224,True,pano_1731,train
1732,node/12416388317,51.5079934,-0.1304296,True,pano_1732,train
1733,node/12416388318,51.5080934,-0.1312259,True,pano_1733,train
1734,node/12416388320,51.5081697,-0.131331,True,pano_1734,train
1735,node/12416388321,51.5081655,-0.1313056,True,pano_1735,train
1736,node/12416388322,51.5081747,-0.1312765,True,pano_1736,train
1737,node/12416388323,51.508357,-0.1307405,True,pano_1737,train
1738,node/12416388324,51.5083749,-0.1307203,True,pano_1738,train
1739,node/12416388325,51.5083865,-0.1307274,True,pano_1739,validation
1740,node/12416388326,51.5087514,-0.1310435,True,pano_1740,validation
1741,node/12416388327,51.5083651,-0.1307238,True,pano_1741,train
1742,node/12416388328,51.5081819,-0.1313412,True,pano_1742,train
1743,node/12416388329,51.5081643,-0.1313188,True,pano_1743,train
1744,node/12416388330,51.5081196,-0.1312538,True,pano_1744,train
1745,node/12416388331,51.5081534,-0.1312925,True,pano_1745,train
1746,node/12416388332,51.508132,-0.1312685,True,pano_1746,train
1747,node/12416388333,51.5083556,-0.1307144,True,pano_1747,train
1748,node/12416388334,51.5082819,-0.1306462,True,pano_1748,train
1749,node/12416388335,51.5082967,-0.1306668,True,pano_1749,train
1750,node/12416388336,51.5083227,-0.1306882,True,pano_1750,train
1751,node/12416388339,51.5085936,-0.1316908,True,pano_1751,validation
1752,node/12416388340,51.508058,-0.1303204,True,pano_1752,train
1753,node/12416388341,51.508789,-0.1309342,True,pano_1753,validation
1754,node/12416388342,51.5080485,-0.1303052,True,pano_1754,train
1755,node/12416388343,51.5080447,-0.1302816,True,pano_1755,train
1756,node/12416388344,51.5080475,-0.1302586,True,pano_1756,train
1757,node/12416388345,51.5081859,-0.1298881,True,pano_1757,train
1758,node/12416388346,51.5082198,-0.1298914,True,pano_1758,train
1759,node/12416388347,51.5085097,-0.1301326,True,pano_1759,validation
1760,node/12416388348,51.5087704,-0.130269,True,pano_1760,validation
1761,node/12416388349,51.5082001,-0.1298768,True,pano_1761,train
1762,node/12416388350,51.5080385,-0.1303311,True,pano_1762,train
1763,node/12416388351,51.5080124,-0.1303971,True,pano_1763,train
1764,node/12416388353,51.5080216,-0.1303709,True,pano_1764,train
1765,node/12416388354,51.5082065,-0.1298797,True,pano_1765,train
1766,node/12416388355,51.5081922,-0.1298778,True,pano_1766,train
1767,node/12416388356,51.5082447,-0.1297919,True,pano_1767,train
1768,node/12416388357,51.508482,-0.1300076,True,pano_1768,validation
1769,node/12416388358,51.5088519,-0.1302183,True,pano_1769,validation
1770,node/12416388359,51.5082378,-0.1297819,True,pano_1770,train
1771,node/12416388360,51.508235,-0.1297628,True,pano_1771,train
1772,node/12416388361,51.5083301,-0.1294553,True,pano_1772,train
1773,node/12416388362,51.5082066,-0.1298598,True,pano_1773,train
1774,node/12416388363,51.5082318,-0.1297963,True,pano_1774,train
1775,node/12416388364,51.508221,-0.1298221,True,pano_1775,train
1776,node/12416388365,51.5083393,-0.1294085,True,pano_1776,train
1777,node/12416388367,51.5083601,-0.1292267,True,pano_1777,train
1778,node/12416388371,51.5083464,-0.1292841,True,pano_1778,train
1779,node/12416388372,51.5082438,-0.1292508,True,pano_1779,train
1780,node/12416388374,51.5082419,-0.1291636,True,pano_1780,train
1781,node/12416388375,51.5082456,-0.1292114,True,pano_1781,train
1782,node/12416388376,51.5082394,-0.1292934,True,pano_1782,train
1783,node/12416388377,51.5081835,-0.1290808,True,pano_1783,train
1784,node/12416388378,51.508205,-0.1290931,True,pano_1784,train
1785,node/12416388379,51.5082219,-0.1291088,True,pano_1785,train
1786,node/12416388380,51.5082154,-0.1294347,True,pano_1786,train
1787,node/12416388381,51.5081959,-0.1295052,True,pano_1787,train
1788,node/12416459949,51.5081468,-0.1295446,True,pano_1788,train
1789,node/12416459950,51.5079389,-0.1301739,True,pano_1789,train
1790,node/12416459951,51.5079054,-0.1302308,True,pano_1790,train
1791,node/12416459952,51.5078672,-0.1302544,True,pano_1791,train
1792,node/12416459953,51.5078362,-0.1302598,True,pano_1792,train
1793,node/12416459954,51.5078022,-0.130258,True,pano_1793,train
1794,node/12416459955,51.5077753,-0.1302454,True,pano_1794,train
1795,node/12416459956,51.5077518,-0.1302112,True,pano_1795,train
1796,node/12416459957,51.5078167,-0.1302588,True,pano_1796,train
1797,node/12416459958,51.5079477,-0.1305365,True,pano_1797,train
1798,node/12416459959,51.5079285,-0.1305198,True,pano_1798,train
1799,node/12416459960,51.507894,-0.1304915,True,pano_1799,train
1800,node/12416459961,51.5075586,-0.1312146,True,pano_1800,train
1801,node/12416459962,51.5076809,-0.1313285,True,pano_1801,train
1802,node/12416459963,51.5076663,-0.1313131,True,pano_1802,train
1803,node/12416459964,51.5075812,-0.1312346,True,pano_1803,train
1804,node/12416466561,51.507547,-0.1300017,True,pano_1804,train
1805,node/12416466562,51.5075381,-0.1300034,True,pano_1805,train
1806,node/12416466563,51.5075251,-0.1300196,True,pano_1806,train
1807,node/12416466564,51.5075011,-0.1300404,True,pano_1807,train
1808,node/12416466565,51.5074818,-0.1300671,True,pano_1808,train
1809,node/12416466566,51.507468,-0.1301121,True,pano_1809,train
1810,node/12416466567,51.5074282,-0.1302738,True,pano_1810,train
1811,node/12416466568,51.5074057,-0.1303702,True,pano_1811,train
1812,node/12416466569,51.5072829,-0.1308006,True,pano_1812,train
1813,node/12416466570,51.5072423,-0.1309229,True,pano_1813,train
1814,node/12416466571,51.5075585,-0.1300484,True,pano_1814,train
1815,node/12416466572,51.5075453,-0.1300677,True,pano_1815,train
1816,node/12416466573,51.507518,-0.1300985,True,pano_1816,train
1817,node/12416466574,51.507509,-0.1301219,True,pano_1817,train
1818,node/12416466575,51.5074637,-0.1303733,True,pano_1818,train
1819,node/12416466576,51.5074499,-0.1304415,True,pano_1819,train
1820,node/12416466577,51.5074149,-0.1305904,True,pano_1820,train
1821,node/12416466578,51.5073402,-0.1308539,True,pano_1821,train
1822,node/12416466579,51.5072947,-0.1309874,True,pano_1822,train
1823,node/12416466580,51.507419,-0.1303132,True,pano_1823,train
1824,node/12416466581,51.5074457,-0.1290894,True,pano_1824,train
1825,node/12416466582,51.5074266,-0.1290534,True,pano_1825,train
1826,node/12423589828,51.5095029,-0.1316386,True,pano_1826,test
1827,node/12423589829,51.5091525,-0.1312909,True,pano_1827,test
1828,node/12423589830,51.5095008,-0.1308499,True,pano_1828,test
1829,node/12423589831,51.5097398,-0.1310296,True,pano_1829,test
1830,node/12423589832,51.5095545,-0.1315179,True,pano_1830,test
1831,node/12423589833,51.5091967,-0.131179,True,pano_1831,test
1832,node/12423589834,51.5093714,-0.130762,True,pano_1832,test
1833,node/12423589835,51.5094481,-0.1308131,True,pano_1833,test
1834,node/12423589836,51.5094823,-0.1308381,True,pano_1834,test
1835,node/12423589838,51.5090576,-0.1304421,True,pano_1835,test
1836,node/12423589839,51.508951,-0.1303668,True,pano_1836,validation
1837,node/12423589841,51.509829,-0.1309541,True,pano_1837,test
1838,node/12423589842,51.5094171,-0.1306242,True,pano_1838,test
1839,node/12423589844,51.5099712,-0.1300992,True,pano_1839,test
1840,node/12423589846,51.5095617,-0.1295052,True,pano_1840,test
1841,node/12423589847,51.5095232,-0.1292034,True,pano_1841,test
1842,node/12423589848,51.5089366,-0.1298363,True,pano_1842,validation
1843,node/12423589850,51.509053,-0.1303692,True,pano_1843,test
1844,node/12423589852,51.508845,-0.1311218,True,pano_1844,validation
1845,node/12423589853,51.5088788,-0.1310087,True,pano_1845,validation
1846,node/12423589854,51.509178,-0.1312238,True,pano_1846,test
1847,node/12423589857,51.5095337,-0.1315661,True,pano_1847,test
1848,node/12423589861,51.5097849,-0.1309145,True,pano_1848,test
1849,node/12423589867,51.5091605,-0.1304004,True,pano_1849,test
1850,node/12423589868,51.5091778,-0.1304287,True,pano_1850,test
1851,node/12423589869,51.5093666,-0.1306001,True,pano_1851,test
1852,node/12423589870,51.5091882,-0.1304685,True,pano_1852,test
1853,node/12423589871,51.5093471,-0.1306362,True,pano_1853,test
1854,node/12423589872,51.5097237,-0.1299715,True,pano_1854,test
1855,node/12426938017,51.5088418,-0.1318969,True,pano_1855,validation
1856,node/12426938018,51.5088574,-0.1318863,True,pano_1856,validation
1857,node/12426938019,51.5088718,-0.131858,True,pano_1857,validation
1858,node/12426938020,51.5089142,-0.1317482,True,pano_1858,validation
1859,node/12426938021,51.50885,-0.1318961,True,pano_1859,validation
1860,node/12426938023,51.5089116,-0.1319114,True,pano_1860,validation
1861,node/12426938024,51.5089075,-0.1319302,True,pano_1861,validation
1862,node/12426938025,51.5089075,-0.1319495,True,pano_1862,validation
1863,node/12426938026,51.509253,-0.1322687,True,pano_1863,test
1864,node/12426938027,51.5092277,-0.1322537,True,pano_1864,test
1865,node/12426938028,51.5092389,-0.132265,True,pano_1865,test
1866,node/12431441359,51.5097071,-0.1234559,True,pano_1866,test
1867,node/12431441360,51.5096215,-0.1236251,True,pano_1867,test
1868,node/12431441369,51.5094408,-0.1235936,True,pano_1868,test
1869,node/12431441370,51.5099048,-0.1226067,True,pano_1869,test
1870,node/12431441371,51.5097013,-0.1230649,True,pano_1870,test
1871,node/12431441391,51.5099022,-0.1225638,True,pano_1871,test
1872,node/12431465628,51.5092551,-0.1239796,True,pano_1872,test
1873,node/12431499178,51.509544,-0.1257754,True,pano_1873,test
1874,node/12431499179,51.5096356,-0.1257652,True,pano_1874,test
1875,node/12431499180,51.5096596,-0.1257352,True,pano_1875,test
1876,node/12431499181,51.5097534,-0.125505,True,pano_1876,test
1877,node/12431499182,51.5100363,-0.124799,True,pano_1877,test
1878,node/12431499183,51.509612,-0.1243065,True,pano_1878,test
1879,node/12431499184,51.5094273,-0.1269327,True,pano_1879,test
1880,node/12431499185,51.5094435,-0.1259624,True,pano_1880,test
1881,node/12431499186,51.5091078,-0.1259476,True,pano_1881,test
1882,node/12431499187,51.5090635,-0.1259455,True,pano_1882,test
1883,node/12431499188,51.5094412,-0.1259472,True,pano_1883,test
1884,node/12431499189,51.5094392,-0.1258324,True,pano_1884,test
1885,node/12431499190,51.5094402,-0.1258918,True,pano_1885,test
1886,node/12431499192,51.509025,-0.125818,True,pano_1886,validation
1887,node/12431499193,51.5094331,-0.1258322,True,pano_1887,test
1888,node/12431499194,51.509447,-0.1257872,True,pano_1888,test
1889,node/12431499195,51.509444,-0.1242836,True,pano_1889,test
1890,node/12431499196,51.5094239,-0.1241858,True,pano_1890,test
1891,node/12431499197,51.509469,-0.1239639,True,pano_1891,test
1892,node/12431499198,51.5096294,-0.1241472,True,pano_1892,test
1893,node/12431499199,51.5097037,-0.1242045,True,pano_1893,test
1894,node/12431499200,51.5099087,-0.1244679,True,pano_1894,test
1895,node/12431511901,51.5100857,-0.1246646,True,pano_1895,test
1896,node/12431511904,51.510019,-0.1247789,True,pano_1896,test
1897,node/12431511906,51.5100765,-0.1246544,True,pano_1897,test
1898,node/12431511908,51.5100478,-0.1247157,True,pano_1898,test
1899,node/12431511909,51.509393,-0.1241503,True,pano_1899,test
1900,node/12431511910,51.508876,-0.1251494,True,pano_1900,validation
1901,node/12431528373,51.5078628,-0.1255101,True,pano_1901,train
1902,node/12431528374,51.5078825,-0.1255445,True,pano_1902,train
1903,node/12431528375,51.5078746,-0.1255307,True,pano_1903,train
1904,node/12431528376,51.5078841,-0.1255597,True,pano_1904,train
1905,node/12431528377,51.5078055,-0.1255683,True,pano_1905,train
1906,node/12431528378,51.5078367,-0.1256262,True,pano_1906,train
1907,node/12431528379,51.5074668,-0.1249167,True,pano_1907,train
1908,node/12431745144,51.5075814,-0.1301128,True,pano_1908,train
1909,node/12431745145,51.5075033,-0.1318531,True,pano_1909,train
1910,node/12431802656,51.5102995,-0.1270092,True,pano_1910,test
1911,node/12434308192,51.5073448,-0.1323231,True,pano_1911,train
1912,node/12434390001,51.507382,-0.1322126,True,pano_1912,train
1913,node/12434390006,51.5071851,-0.1322352,True,pano_1913,train
1914,node/12434390008,51.5072116,-0.1322117,True,pano_1914,train
1915,node/12434390009,51.5072526,-0.1320965,True,pano_1915,train
1916,node/12436830706,51.5095741,-0.1285398,True,pano_1916,test
1917,node/12436861214,51.5095011,-0.1291281,True,pano_1917,test
1918,node/12436861215,51.5095185,-0.1285717,True,pano_1918,test
1919,node/12436861216,51.5095509,-0.1284357,True,pano_1919,test
1920,node/12436861217,51.5095754,-0.1283957,True,pano_1920,test
1921,node/12436861218,51.5096688,-0.1283928,True,pano_1921,test
1922,node/12436861219,51.5098405,-0.1283842,True,pano_1922,test
1923,node/12436861230,51.5097952,-0.128134,True,pano_1923,test
1924,node/12436861231,51.509809,-0.1283858,True,pano_1924,test
1925,node/12436861232,51.5097851,-0.1280698,True,pano_1925,test
1926,node/12436861233,51.5097069,-0.1279441,True,pano_1926,test
1927,node/12436861234,51.5096319,-0.1278661,True,pano_1927,test
1928,node/12436861235,51.5094498,-0.127504,True,pano_1928,test
1929,node/12436861236,51.5094149,-0.1274602,True,pano_1929,test
1930,node/12436861237,51.5089939,-0.1273133,True,pano_1930,validation
1931,node/12436861238,51.5088523,-0.1273126,True,pano_1931,validation
1932,node/12436861239,51.5086908,-0.1273601,True,pano_1932,validation
1933,node/12436861240,51.5095612,-0.1269864,True,pano_1933,test
1934,node/12436861241,51.5096008,-0.1274417,True,pano_1934,test
1935,node/12436861242,51.5096718,-0.1276053,True,pano_1935,test
1936,node/12436861243,51.5098983,-0.1279174,True,pano_1936,test
1937,node/12436861244,51.5101835,-0.1281433,True,pano_1937,test
1938,node/12436861249,51.5095484,-0.1271315,True,pano_1938,test
1939,node/12436861250,51.5095696,-0.127127,True,pano_1939,test
1940,node/12436861252,51.5094903,-0.1275845,True,pano_1940,test
1941,node/12436861253,51.5095086,-0.1275614,True,pano_1941,test
1942,node/12436861254,51.5095857,-0.1274611,True,pano_1942,test
1943,node/12436861255,51.5095569,-0.127498,True,pano_1943,test
1944,node/12436861256,51.5095428,-0.1275161,True,pano_1944,test
1945,node/12436861257,51.5095381,-0.1275224,True,pano_1945,test
1946,node/12436861263,51.5092643,-0.1273495,True,pano_1946,test
1947,node/12436861264,51.5092802,-0.1272064,True,pano_1947,test
1948,node/12436861265,51.5092881,-0.1271069,True,pano_1948,test
1949,node/12436931290,51.5095146,-0.1268474,True,pano_1949,test
1950,node/12436931291,51.5095437,-0.1268761,True,pano_1950,test
1951,node/12436931292,51.5095544,-0.1269025,True,pano_1951,test
1952,node/12436931293,51.5096246,-0.1268312,True,pano_1952,test
1953,node/12436931295,51.5095592,-0.1269622,True,pano_1953,test
1954,node/12436931296,51.5095572,-0.1269366,True,pano_1954,test
1955,node/12436931297,51.5094313,-0.1271342,True,pano_1955,test
1956,node/12436931298,51.5091175,-0.1269476,True,pano_1956,test
1957,node/12436931299,51.5090682,-0.1269537,True,pano_1957,test
1958,node/12436931300,51.5094266,-0.1269053,True,pano_1958,test
1959,node/12442168932,51.5083775,-0.1318198,True,pano_1959,train
1960,node/12442283769,51.5097557,-0.1310421,True,pano_1960,test
1961,node/12442283779,51.5091878,-0.1312002,True,pano_1961,test
1962,node/12442283780,51.509161,-0.1312676,True,pano_1962,test
1963,node/12442283781,51.5093976,-0.1306354,True,pano_1963,test
1964,node/12442283782,51.5093727,-0.1307283,True,pano_1964,test
1965,node/12442283783,51.5093407,-0.1306633,True,pano_1965,test
1966,node/12442283784,51.5091441,-0.1311467,True,pano_1966,test
1967,node/12442283788,51.5093524,-0.1307756,True,pano_1967,test
1968,node/12442283793,51.5094191,-0.1306392,True,pano_1968,test
1969,node/12447068328,51.5093876,-0.1306184,True,pano_1969,test
1970,node/12447068329,51.5093864,-0.1306806,True,pano_1970,test
1971,node/12450391665,51.5097043,-0.1269319,True,pano_1971,test
1972,node/12453539981,51.5075171,-0.1297759,True,pano_1972,train
1973,node/12455415645,51.508833,-0.130205,True,pano_1973,validation
1974,node/12484905034,51.5038187,-0.1357703,False,,
1975,node/12484905036,51.503709,-0.1355964,False,,
1976,node/12503164205,51.508853,-0.1311205,True,pano_1976,validation
1977,node/12503164206,51.5088637,-0.1311098,True,pano_1977,validation
1978,node/12503164207,51.5088846,-0.1310395,True,pano_1978,validation
1979,node/12503164208,51.5088838,-0.1310209,True,pano_1979,validation
1980,node/12503164209,51.5084765,-0.1301089,True,pano_1980,validation
1981,node/12505041427,51.5078535,-0.1255855,True,pano_1981,train
1982,node/12619108832,51.5065976,-0.1311129,True,pano_1982,train
1983,node/12619108833,51.5067587,-0.1306482,True,pano_1983,train
1984,node/12619108834,51.5067913,-0.1305528,True,pano_1984,train
1985,node/12619108835,51.5069008,-0.1302375,True,pano_1985,train
1986,node/12626151790,51.5069919,-0.1248182,True,pano_1986,train
1987,node/12626151791,51.5068375,-0.1238199,True,pano_1987,train
1988,node/12647119769,51.5062853,-0.1292814,True,pano_1988,train
1989,node/12647119771,51.5063928,-0.1291716,True,pano_1989,train
1990,node/12647119772,51.5063546,-0.1287878,True,pano_1990,train
1991,node/12647131920,51.5064144,-0.1280132,True,pano_1991,train
1992,node/12729555359,51.5076759,-0.1258098,True,pano_1992,train
1993,node/12729555360,51.5076849,-0.1257968,True,pano_1993,train
1994,node/12729555363,51.5088493,-0.1242044,True,pano_1994,validation
1995,node/12729555364,51.5081399,-0.1261116,True,pano_1995,train
1996,node/12729555365,51.5086393,-0.1246867,True,pano_1996,validation
1997,node/12729555366,51.5086876,-0.124772,True,pano_1997,validation
1998,node/12729555367,51.5086561,-0.1251043,True,pano_1998,validation
1999,node/12729555379,51.5085836,-0.124988,True,pano_1999,validation
2000,node/12729555380,51.5086927,-0.1248938,True,pano_2000,validation
2001,node/12729555381,51.5086473,-0.1249433,True,pano_2001,validation
2002,node/12729555382,51.5086602,-0.1249239,True,pano_2002,validation
2003,node/12729736123,51.5077382,-0.1261274,True,pano_2003,train
2004,node/12741745163,51.5079779,-0.1252853,True,pano_2004,train
2005,node/12741745164,51.5079695,-0.1252478,True,pano_2005,train
2006,node/12741745165,51.5079829,-0.1253383,True,pano_2006,train
2007,node/12741745171,51.5082862,-0.1247072,True,pano_2007,train
2008,node/12741745174,51.5082888,-0.1251428,True,pano_2008,train
2009,node/12741759918,51.5084878,-0.1249292,True,pano_2009,validation
2010,node/12741759929,51.5079324,-0.12518,True,pano_2010,train
2011,node/12741759931,51.5079795,-0.1253819,True,pano_2011,train
2012,node/12741759944,51.5070782,-0.1240054,True,pano_2012,train
2013,node/12741759945,51.5072625,-0.1252183,True,pano_2013,train
2014,node/12741759950,51.5083342,-0.1242788,True,pano_2014,train
2015,node/12748370333,51.5075002,-0.1248454,True,pano_2015,train
2016,node/12748370335,51.5074732,-0.1249042,True,pano_2016,train
2017,node/12748370343,51.5080755,-0.1241554,True,pano_2017,train
2018,node/12748370344,51.5080684,-0.1241933,True,pano_2018,train
2019,node/12748384779,51.5082308,-0.1252323,True,pano_2019,train
2020,node/12748384780,51.5082043,-0.1245576,True,pano_2020,train
2021,node/12748384781,51.5081054,-0.1246974,True,pano_2021,train
2022,node/12748384782,51.5083168,-0.1251331,True,pano_2022,train
2023,node/12748384784,51.5081691,-0.1252661,True,pano_2023,train
2024,node/12748384785,51.5080481,-0.1250469,True,pano_2024,train
2025,node/12748384786,51.5081543,-0.1252866,True,pano_2025,train
2026,node/12748384787,51.5080323,-0.1250704,True,pano_2026,train
2027,node/12748384788,51.5082293,-0.1248117,True,pano_2027,train
2028,node/12748384789,51.5082402,-0.1248334,True,pano_2028,train
2029,node/12748384790,51.5082178,-0.1248273,True,pano_2029,train
2030,node/12748384791,51.5082471,-0.1247874,True,pano_2030,train
2031,node/12748384792,51.5082658,-0.124823,True,pano_2031,train
2032,node/12748384793,51.5082763,-0.1248089,True,pano_2032,train
2033,node/12748384794,51.508251,-0.1247609,True,pano_2033,train
2034,node/12748384795,51.5080601,-0.1242352,True,pano_2034,train
2035,node/12748384796,51.5080501,-0.1241353,True,pano_2035,train
2036,node/12748384810,51.5081772,-0.1253292,True,pano_2036,train
2037,node/12748384811,51.5081991,-0.1252729,True,pano_2037,train
2038,node/12749285672,51.5079771,-0.1249481,True,pano_2038,train
2039,node/12749285673,51.50823,-0.1247195,True,pano_2039,train
2040,node/12749285674,51.5082664,-0.1246711,True,pano_2040,train
2041,node/12753949082,51.5078965,-0.124433,True,pano_2041,train
2042,node/12753949083,51.5079514,-0.1245393,True,pano_2042,train
2043,node/12754166553,51.5080307,-0.125045,True,pano_2043,train
2044,node/12754166554,51.5072611,-0.1239558,True,pano_2044,train
2045,node/12754166575,51.508213,-0.1255828,True,pano_2045,train
2046,node/12805715297,51.5082675,-0.1289472,True,pano_2046,train
2047,node/12805715298,51.5083515,-0.1291296,True,pano_2047,train
2048,node/12805715299,51.5083577,-0.1291759,True,pano_2048,train
2049,node/12805715300,51.5083421,-0.1290773,True,pano_2049,train
2050,node/12805775301,51.5082241,-0.1289177,True,pano_2050,train
2051,node/12805775302,51.5081698,-0.1288939,True,pano_2051,train
2052,node/12805775303,51.5077149,-0.1287058,True,pano_2052,train
2053,node/12805775304,51.5085595,-0.1291724,True,pano_2053,validation
2054,node/12814322912,51.5085158,-0.1273496,True,pano_2054,validation
2055,node/12814322913,51.5085526,-0.1273536,True,pano_2055,validation
2056,node/12814322914,51.5084311,-0.127534,True,pano_2056,validation
2057,node/12814322923,51.508441,-0.1284837,True,pano_2057,validation
2058,node/12814322924,51.507649,-0.1284322,True,pano_2058,train
2059,node/12814322925,51.5077634,-0.1274929,True,pano_2059,train
2060,node/12814322926,51.5076624,-0.1282534,True,pano_2060,train
2061,node/12814322927,51.5077946,-0.1283078,True,pano_2061,train
2062,node/12814322928,51.5079198,-0.1275659,True,pano_2062,train
2063,node/12814322931,51.5082905,-0.128972,True,pano_2063,train
2064,node/12814322932,51.5083159,-0.1290129,True,pano_2064,train
2065,node/12814322935,51.5084591,-0.1276835,True,pano_2065,validation
2066,node/12814322936,51.5082934,-0.1286753,True,pano_2066,train
2067,node/12814322940,51.5086122,-0.1274452,True,pano_2067,validation
2068,node/12814322941,51.5085442,-0.127423,True,pano_2068,validation
2069,node/12814322942,51.5077427,-0.1286147,True,pano_2069,train
2070,node/12814322943,51.5075639,-0.1284879,True,pano_2070,train
2071,node/12814322944,51.5074363,-0.1272779,True,pano_2071,train
2072,node/12814322945,51.5072916,-0.1271438,True,pano_2072,train
2073,node/12814322948,51.5072089,-0.1274338,True,pano_2073,train
2074,node/12814322949,51.5079916,-0.126782,True,pano_2074,train
2075,node/12814322950,51.5080247,-0.126815,True,pano_2075,train
2076,node/12814322951,51.5080262,-0.1268963,True,pano_2076,train
2077,node/12814322952,51.5080655,-0.1269134,True,pano_2077,train
2078,node/12814322953,51.5080826,-0.1269764,True,pano_2078,train
2079,node/12814322954,51.508746,-0.1273355,True,pano_2079,validation
2080,node/12814322955,51.5084891,-0.1274177,True,pano_2080,validation
2081,node/12814322956,51.5084572,-0.1274659,True,pano_2081,validation
2082,node/12814322958,51.507679,-0.1289197,True,pano_2082,train
2083,node/12814322961,51.5079541,-0.1269952,True,pano_2083,train
2084,node/12814322962,51.5078727,-0.1269892,True,pano_2084,train
2085,node/12814322963,51.5079587,-0.1273259,True,pano_2085,train
2086,node/12814322965,51.5079703,-0.1272535,True,pano_2086,train
2087,node/12814322966,51.5081202,-0.1273092,True,pano_2087,train
2088,node/12814322973,51.508416,-0.1274183,True,pano_2088,validation
2089,node/12814322976,51.5077306,-0.1286844,True,pano_2089,train
2090,node/12814322984,51.5081731,-0.128875,True,pano_2090,train
2091,node/12814322985,51.5080277,-0.1288123,True,pano_2091,train
2092,node/12814322986,51.5078805,-0.1287488,True,pano_2092,train
2093,node/12822887306,51.5084039,-0.1250112,True,pano_2093,validation
2094,node/12822887307,51.5084214,-0.1249253,True,pano_2094,validation
2095,node/12822887308,51.5084119,-0.1250339,True,pano_2095,validation
2096,node/12822887309,51.5083627,-0.1251049,True,pano_2096,train
2097,node/12822887310,51.5084073,-0.1250171,True,pano_2097,validation
2098,node/12822887311,51.5083376,-0.1250575,True,pano_2098,train
2099,node/12822887312,51.5081839,-0.1252935,True,pano_2099,train
2100,node/12822887313,51.508188,-0.1254321,True,pano_2100,train
2101,node/12840823781,51.5086894,-0.1292253,True,pano_2101,validation
2102,node/12840823782,51.5086408,-0.1295027,True,pano_2102,validation
2103,node/12840823783,51.5086324,-0.1294989,True,pano_2103,validation
2104,node/12840823784,51.5087251,-0.1296854,True,pano_2104,validation
2105,node/12840823785,51.5085243,-0.1279803,True,pano_2105,validation
2106,node/12840823786,51.5086591,-0.1295109,True,pano_2106,validation
2107,node/12840823787,51.5087349,-0.1295449,True,pano_2107,validation
2108,node/12840823788,51.5087635,-0.1295578,True,pano_2108,validation
2109,node/12840823789,51.5087235,-0.1298475,True,pano_2109,validation
2110,node/12840823790,51.5085744,-0.129824,True,pano_2110,validation
2111,node/12840823793,51.508812,-0.1296077,True,pano_2111,validation
2112,node/12840823794,51.508728,-0.1296479,True,pano_2112,validation
2113,node/12840823795,51.5086351,-0.129607,True,pano_2113,validation
2114,node/12840823796,51.5086486,-0.1295328,True,pano_2114,validation
2115,node/12840823798,51.5086483,-0.1299621,True,pano_2115,validation
2116,node/12840823800,51.5086547,-0.1295352,True,pano_2116,validation
2117,node/12840842601,51.5086272,-0.1295234,True,pano_2117,validation
2118,node/12840842602,51.5082979,-0.1298402,True,pano_2118,train
2119,node/12840842603,51.5083024,-0.1298244,True,pano_2119,train
2120,node/12840842604,51.5083789,-0.1296084,True,pano_2120,train
2121,node/12840842605,51.508647,-0.12965,True,pano_2121,validation
2122,node/12840870205,51.5082687,-0.1273639,True,pano_2122,train
2123,node/12843647461,51.5078847,-0.1279847,True,pano_2123,train
2124,node/12844862769,51.5083059,-0.128642,True,pano_2124,train
2125,node/12844862774,51.5085327,-0.1294698,True,pano_2125,validation
2126,node/12844862775,51.5086283,-0.1295715,True,pano_2126,validation
2127,node/12844862776,51.5086648,-0.1293651,True,pano_2127,validation
2128,node/12844862777,51.5086448,-0.1294801,True,pano_2128,validation
2129,node/12844862778,51.5085473,-0.1294593,True,pano_2129,validation
2130,node/12844862779,51.5088135,-0.1295963,True,pano_2130,validation
2131,node/12848516900,51.5077842,-0.1255152,True,pano_2131,train
2132,node/12855147392,51.5084211,-0.1295738,True,pano_2132,validation
2133,node/12855147393,51.5084371,-0.1295251,True,pano_2133,validation
2134,node/12855147396,51.5085693,-0.1296925,True,pano_2134,validation
2135,node/12855147397,51.5088127,-0.1296021,True,pano_2135,validation
2136,node/12855147398,51.5087296,-0.1296161,True,pano_2136,validation
2137,node/12877054833,51.5081822,-0.1253383,True,pano_2137,train
2138,node/12877054834,51.5084474,-0.1251914,True,pano_2138,validation
2139,node/12877054838,51.5078915,-0.1272665,True,pano_2139,train
2140,node/12877054839,51.5079499,-0.1270271,True,pano_2140,train
2141,node/12877054840,51.5075146,-0.1271649,True,pano_2141,train
2142,node/12877054841,51.5082681,-0.1255419,True,pano_2142,train
2143,node/12877054842,51.5082537,-0.1255663,True,pano_2143,train
2144,node/12877054843,51.5083104,-0.125614,True,pano_2144,train
2145,node/12877054844,51.5082946,-0.1256407,True,pano_2145,train
2146,node/12877054845,51.5081603,-0.1256488,True,pano_2146,train
2147,node/12877054846,51.508174,-0.1255931,True,pano_2147,train
2148,node/12877054847,51.5083176,-0.1255428,True,pano_2148,train
2149,node/12877054848,51.5084485,-0.125334,True,pano_2149,validation
2150,node/12877054849,51.5084668,-0.1251421,True,pano_2150,validation
2151,node/12877054850,51.5084458,-0.1251047,True,pano_2151,validation
2152,node/12877054851,51.5085137,-0.1252265,True,pano_2152,validation
2153,node/12877054852,51.5082377,-0.1252051,True,pano_2153,train
2154,node/12877054853,51.5083489,-0.1252469,True,pano_2154,train
2155,node/12877054854,51.5085122,-0.1250069,True,pano_2155,validation
2156,node/12877054855,51.5085531,-0.1248905,True,pano_2156,validation
2157,node/12877054856,51.5083256,-0.1250606,True,pano_2157,train
2158,node/12877054859,51.5083306,-0.1256473,True,pano_2158,train
2159,node/12877054860,51.5082923,-0.1255841,True,pano_2159,train
2160,node/12877054861,51.508575,-0.1251765,True,pano_2160,validation
2161,node/12877054862,51.5085368,-0.1251113,True,pano_2161,validation
2162,node/12877054863,51.508611,-0.1251558,True,pano_2162,validation
2163,node/12877054864,51.508554,-0.1252458,True,pano_2163,validation
2164,node/12877054865,51.508586,-0.1251964,True,pano_2164,validation
2165,node/12877054866,51.5082498,-0.1255101,True,pano_2165,train
2166,node/12877054867,51.5085179,-0.1250776,True,pano_2166,validation
2167,node/12877054873,51.5075803,-0.1271034,True,pano_2167,train
2168,node/12877054877,51.507456,-0.1275591,True,pano_2168,train
2169,node/12877054878,51.5074316,-0.1275655,True,pano_2169,train
2170,node/12877054879,51.507387,-0.1272256,True,pano_2170,train
2171,node/12877054880,51.507492,-0.1271967,True,pano_2171,train
2172,node/12877054881,51.5082604,-0.125827,True,pano_2172,train
2173,node/12877054882,51.5082995,-0.1257022,True,pano_2173,train
2174,node/12877054883,51.5079575,-0.1272383,True,pano_2174,train
2175,node/12877054885,51.5074133,-0.1275718,True,pano_2175,train
2176,node/12888827452,51.50532,-0.1291375,True,pano_2176,train
2177,node/12888827454,51.5053238,-0.1292079,True,pano_2177,train
2178,node/12888827455,51.5053319,-0.1291488,True,pano_2178,train
2179,node/12888827456,51.5053328,-0.1291422,True,pano_2179,train
2180,node/12888827457,51.5053229,-0.1292145,True,pano_2180,train
2181,node/12888827474,51.5052529,-0.1293905,True,pano_2181,train
2182,node/12889030784,51.5060018,-0.1271338,True,pano_2182,train
2183,node/12889030785,51.5058745,-0.1271255,True,pano_2183,train
2184,node/12889030790,51.5056885,-0.1270115,True,pano_2184,train
2185,node/12889030791,51.5057499,-0.127034,True,pano_2185,train
2186,node/12889030794,51.5060025,-0.1271295,True,pano_2186,train
2187,node/12889030795,51.5057489,-0.1270407,True,pano_2187,train
2188,node/12889030796,51.5059056,-0.1270983,True,pano_2188,train
2189,node/12889030800,51.5059065,-0.1270924,True,pano_2189,train
2190,node/12889047404,51.5058537,-0.1270792,True,pano_2190,train
2191,node/12889047405,51.5058546,-0.1270731,True,pano_2191,train
2192,node/12889047406,51.5058673,-0.1270777,True,pano_2192,train
2193,node/12889047407,51.5058771,-0.1271071,True,pano_2193,train
2194,node/12889047409,51.505682,-0.1269548,True,pano_2194,train
2195,node/12889047410,51.505896,-0.1270718,True,pano_2195,train
2196,node/12889047411,51.5058694,-0.1270631,True,pano_2196,train
2197,node/12889047412,51.5058968,-0.1270679,True,pano_2197,train
2198,node/12889047413,51.5059082,-0.1270573,True,pano_2198,train
2199,node/12889047414,51.5059048,-0.1270576,True,pano_2199,train
2200,node/12889047415,51.5059021,-0.127059,True,pano_2200,train
2201,node/12889047416,51.5058982,-0.1270641,True,pano_2201,train
2202,node/12889047417,51.5059,-0.1270613,True,pano_2202,train
2203,node/12889047418,51.5058696,-0.127061,True,pano_2203,train
2204,node/12889047419,51.5058629,-0.1270371,True,pano_2204,train
2205,node/12889047420,51.5058669,-0.1270422,True,pano_2205,train
2206,node/12889047421,51.5058698,-0.1270542,True,pano_2206,train
2207,node/12889047422,51.5058693,-0.1270498,True,pano_2207,train
2208,node/12889047423,51.5058684,-0.1270461,True,pano_2208,train
2209,node/12889047424,51.5058652,-0.1270393,True,pano_2209,train
2210,node/12889047425,51.5056681,-0.1269775,True,pano_2210,train
2211,node/12889047459,51.5052501,-0.1275479,True,pano_2211,train
2212,node/12889054160,51.5054664,-0.1269428,True,pano_2212,train
2213,node/12889054161,51.5054723,-0.1269381,True,pano_2213,train
2214,node/12889054162,51.5054709,-0.1269378,True,pano_2214,train
2215,node/12889054163,51.5054695,-0.126938,True,pano_2215,train
2216,node/12889054164,51.5054672,-0.1269402,True,pano_2216,train
2217,node/12889054165,51.5054681,-0.1269388,True,pano_2217,train
2218,node/12889054167,51.5054824,-0.1269415,True,pano_2218,train
2219,node/12889054169,51.505678,-0.1270079,True,pano_2219,train
2220,node/12889054171,51.505426,-0.1269271,True,pano_2220,train
2221,node/12917344257,51.5054278,-0.1269272,True,pano_2221,train
2222,node/12917344263,51.5054243,-0.1269032,True,pano_2222,train
2223,node/12919543393,51.5052843,-0.1273507,True,pano_2223,train
2224,node/12919570249,51.5053096,-0.1292096,True,pano_2224,train
2225,node/12990758165,51.5073114,-0.1275451,True,pano_2225,train
2226,node/12990758166,51.5073444,-0.1277702,True,pano_2226,train
2227,node/12990758167,51.5072931,-0.1277084,True,pano_2227,train
2228,node/12990758168,51.5072706,-0.1276452,True,pano_2228,train
2229,node/12990758169,51.5072737,-0.1276061,True,pano_2229,train
2230,node/12990758170,51.5072887,-0.1275712,True,pano_2230,train
2231,node/12990758171,51.5074487,-0.1277135,True,pano_2231,train
2232,node/12990758172,51.5074147,-0.127843,True,pano_2232,train
2233,node/12990758173,51.5073815,-0.1274874,True,pano_2233,train
2234,node/12990758174,51.5074521,-0.1274771,True,pano_2234,train
2235,node/12990758175,51.507451,-0.1276287,True,pano_2235,train
2236,node/12990758176,51.5077818,-0.1272426,True,pano_2236,train
2237,node/12990758177,51.507617,-0.1271157,True,pano_2237,train
2238,node/12990758178,51.5062507,-0.1293032,True,pano_2238,train
2239,node/12990758179,51.5062649,-0.129331,True,pano_2239,train
2240,node/12990758180,51.5062593,-0.1291476,True,pano_2240,train
2241,node/12990758181,51.5062704,-0.1290668,True,pano_2241,train
2242,node/12990758182,51.5062756,-0.1290275,True,pano_2242,train
2243,node/12990758183,51.5063192,-0.1290535,True,pano_2243,train
2244,node/12990758184,51.5062359,-0.1290038,True,pano_2244,train
2245,node/12990758185,51.5063216,-0.1293228,True,pano_2245,train
2246,node/12990758187,51.506832,-0.1284991,True,pano_2246,train
2247,node/12990758188,51.5062504,-0.1298536,True,pano_2247,train
2248,node/13051668442,51.5094098,-0.1307007,True,pano_2248,test
2249,node/13051668443,51.5095138,-0.1299212,True,pano_2249,test
2250,node/13051668444,51.5094572,-0.1299479,True,pano_2250,test
2251,node/13063060695,51.5093264,-0.1240669,True,pano_2251,test
2252,node/13063060696,51.5087586,-0.1249899,True,pano_2252,validation
2253,node/13063060697,51.5088081,-0.125057,True,pano_2253,validation
2254,node/13063060698,51.5088198,-0.1250735,True,pano_2254,validation
2255,node/13063094550,51.5100772,-0.1247481,True,pano_2255,test
2256,node/13063148156,51.5076241,-0.1312744,True,pano_2256,train
2257,node/13063148157,51.5076334,-0.1312829,True,pano_2257,train
2258,node/13067639122,51.506225,-0.1241746,True,pano_2258,train
2259,node/13205621544,51.5098559,-0.130126,True,pano_2259,test
2260,node/13205621545,51.5098455,-0.1301428,True,pano_2260,test
2261,node/13288076271,51.5076095,-0.1258514,True,pano_2261,train
2262,node/13288076272,51.5072389,-0.1253321,True,pano_2262,train
2263,node/13288076273,51.5072646,-0.1253685,True,pano_2263,train
2264,node/13296835048,51.5095267,-0.1264735,True,pano_2264,test
2265,node/13366739202,51.505052,-0.1255258,True,pano_2265,train
2266,node/13366739206,51.5051828,-0.1255849,True,pano_2266,train
2267,node/13366739207,51.5052326,-0.1256064,True,pano_2267,train
2268,node/13366739227,51.5052847,-0.125732,True,pano_2268,train
2269,node/13366739228,51.5053058,-0.1257312,True,pano_2269,train
2270,node/13366739229,51.5053256,-0.1257192,True,pano_2270,train
2271,node/13366739230,51.5053418,-0.1256974,True,pano_2271,train
2272,node/13366739231,51.5053526,-0.1256683,True,pano_2272,train
2273,node/13366739232,51.5053568,-0.125635,True,pano_2273,train
2274,node/13366739233,51.5053542,-0.1256025,True,pano_2274,train
2275,node/13366739234,51.5053452,-0.1255731,True,pano_2275,train
2276,node/13366739235,51.5053309,-0.1255497,True,pano_2276,train
2277,node/13366739236,51.5053127,-0.1255349,True,pano_2277,train
2278,node/13366739237,51.5052925,-0.1255303,True,pano_2278,train
2279,node/13366739238,51.5052724,-0.1255362,True,pano_2279,train
2280,node/13366739239,51.5052545,-0.1255521,True,pano_2280,train
2281,node/13366739240,51.5052408,-0.1255764,True,pano_2281,train
2282,node/13366739241,51.5052308,-0.1256402,True,pano_2282,train
2283,node/13366739242,51.5052361,-0.125673,True,pano_2283,train
2284,node/13366739243,51.5052478,-0.1257012,True,pano_2284,train
2285,node/13366739244,51.5052646,-0.1257217,True,pano_2285,train
2286,node/13368223700,51.5074413,-0.1286066,True,pano_2286,train
2287,node/13556857155,51.5095322,-0.1299017,True,pano_2287,test
2288,node/13556857163,51.5101774,-0.1281384,True,pano_2288,test
2289,node/13574038458,51.5099495,-0.1300934,True,pano_2289,test
2290,node/13574843302,51.5095218,-0.1300413,True,pano_2290,test
2291,node/13574843303,51.5095074,-0.1300499,True,pano_2291,test
2292,node/13574843304,51.5095152,-0.1300432,True,pano_2292,test
2293,node/13574843327,51.5080133,-0.1304225,True,pano_2293,train
2294,node/13574843328,51.5080235,-0.1304274,True,pano_2294,train
2295,node/13574843353,51.5093604,-0.1307646,True,pano_2295,test
2296,node/13574843354,51.5091609,-0.1312895,True,pano_2296,test
2297,node/13574843355,51.5095176,-0.1299655,True,pano_2297,test
2298,node/13574843356,51.5097268,-0.1299503,True,pano_2298,test
2299,node/13574843358,51.509716,-0.1299467,True,pano_2299,test
2300,node/13574843370,51.5094997,-0.1316281,True,pano_2300,test
2301,node/13574843374,51.5091471,-0.1312986,True,pano_2301,test
2302,node/13574843375,51.5091564,-0.1312882,True,pano_2302,test
2303,node/13574843390,51.5097474,-0.1310092,True,pano_2303,test
2304,node/13574843391,51.5093801,-0.1307463,True,pano_2304,test
2305,node/13574843402,51.5094337,-0.1308013,True,pano_2305,test
2306,node/13574843410,51.509475,-0.1308327,True,pano_2306,test
2307,node/13574843414,51.5094632,-0.1308241,True,pano_2307,test
2308,node/13574843448,51.5094074,-0.1306284,True,pano_2308,test
2309,node/13574843509,51.509344,-0.1306959,True,pano_2309,test
2310,node/13574843515,51.5093348,-0.1306439,True,pano_2310,test
2311,node/13574843517,51.5091815,-0.1304577,True,pano_2311,test
2312,node/13574843518,51.5090977,-0.13037,True,pano_2312,test
2313,node/13574843519,51.509066,-0.130371,True,pano_2313,test
2314,node/13574843529,51.5088454,-0.1302122,True,pano_2314,validation
2315,node/13574843546,51.5093741,-0.1306043,True,pano_2315,test
2316,node/13574843547,51.509357,-0.1306086,True,pano_2316,test
2317,node/13574843548,51.5094442,-0.1299911,True,pano_2317,test
2318,node/13574843551,51.50888,-0.1300823,True,pano_2318,validation
2319,node/13574843555,51.5093732,-0.130583,True,pano_2319,test
2320,node/13574843556,51.5094014,-0.1302066,True,pano_2320,test
2321,node/13574843557,51.5093786,-0.1302925,True,pano_2321,test
2322,node/13574843558,51.5094267,-0.1302173,True,pano_2322,test
2323,node/13574843559,51.5093447,-0.1305891,True,pano_2323,test
2324,node/13574843636,51.5095583,-0.1295887,True,pano_2324,test
2325,node/13574843641,51.5098076,-0.1285304,True,pano_2325,test
2326,node/13806610790,51.5061598,-0.1265428,True,pano_2326,train
2327,node/13806726993,51.5089316,-0.1296934,True,pano_2327,validation
2328,node/13806726994,51.5089075,-0.1297564,True,pano_2328,validation
2329,node/13806726995,51.5088506,-0.1300044,True,pano_2329,validation
2330,node/13806726996,51.5088103,-0.1301896,True,pano_2330,validation
2331,node/13806726997,51.5088158,-0.1301973,True,pano_2331,validation
2332,node/13806726998,51.5088392,-0.1302086,True,pano_2332,validation
2333,node/13807663646,51.5085221,-0.1269421,True,pano_2333,validation
2334,node/13809330495,51.508365,-0.1242804,True,pano_2334,train
2335,node/13826295676,51.5071399,-0.1253225,True,pano_2335,train
2336,node/13851167399,51.5056747,-0.1264361,True,pano_2336,train
2337,node/13851167400,51.5056987,-0.126347,True,pano_2337,train
2338,node/13851240501,51.5056875,-0.1263062,True,pano_2338,train
2339,node/13851242542,51.5061588,-0.1244932,True,pano_2339,train
2340,node/13891844480,51.5090351,-0.12691,True,pano_2340,test
2341,node/13891844481,51.5090364,-0.1267328,True,pano_2341,test
2342,node/13891844496,51.5090358,-0.1269191,True,pano_2342,test
